frame_id,model_alias,provider,model,prompt_id,category,technology,sentence,auto_accept
llama8b__L1_physical__1,llama8b,openrouter,meta-llama/llama-3.1-8b-instruct,P3_strict_interchangeability,L1_physical,USB,The server connects using USB.,True
llama8b__L1_physical__1,llama8b,openrouter,meta-llama/llama-3.1-8b-instruct,P3_strict_interchangeability,L1_physical,Ethernet,The server connects using Ethernet.,True
llama8b__L1_physical__1,llama8b,openrouter,meta-llama/llama-3.1-8b-instruct,P3_strict_interchangeability,L1_physical,Bluetooth,The server connects using Bluetooth.,True
llama8b__L1_physical__1,llama8b,openrouter,meta-llama/llama-3.1-8b-instruct,P3_strict_interchangeability,L1_physical,NPC,The server connects using NPC.,True
llama8b__L1_physical__2,llama8b,openrouter,meta-llama/llama-3.1-8b-instruct,P3_strict_interchangeability,L1_physical,USB,The machine uses USB for physical connectivity.,True
llama8b__L1_physical__2,llama8b,openrouter,meta-llama/llama-3.1-8b-instruct,P3_strict_interchangeability,L1_physical,Ethernet,The machine uses Ethernet for physical connectivity.,True
llama8b__L1_physical__2,llama8b,openrouter,meta-llama/llama-3.1-8b-instruct,P3_strict_interchangeability,L1_physical,Bluetooth,The machine uses Bluetooth for physical connectivity.,True
llama8b__L1_physical__2,llama8b,openrouter,meta-llama/llama-3.1-8b-instruct,P3_strict_interchangeability,L1_physical,NPC,The machine uses NPC for physical connectivity.,True
llama8b__L1_physical__3,llama8b,openrouter,meta-llama/llama-3.1-8b-instruct,P3_strict_interchangeability,L1_physical,USB,The system communicates through USB.,True
llama8b__L1_physical__3,llama8b,openrouter,meta-llama/llama-3.1-8b-instruct,P3_strict_interchangeability,L1_physical,Ethernet,The system communicates through Ethernet.,True
llama8b__L1_physical__3,llama8b,openrouter,meta-llama/llama-3.1-8b-instruct,P3_strict_interchangeability,L1_physical,Bluetooth,The system communicates through Bluetooth.,True
llama8b__L1_physical__3,llama8b,openrouter,meta-llama/llama-3.1-8b-instruct,P3_strict_interchangeability,L1_physical,NPC,The system communicates through NPC.,True
llama8b__L1_physical__4,llama8b,openrouter,meta-llama/llama-3.1-8b-instruct,P3_strict_interchangeability,L1_physical,USB,The equipment relies on USB.,True
llama8b__L1_physical__4,llama8b,openrouter,meta-llama/llama-3.1-8b-instruct,P3_strict_interchangeability,L1_physical,Ethernet,The equipment relies on Ethernet.,True
llama8b__L1_physical__4,llama8b,openrouter,meta-llama/llama-3.1-8b-instruct,P3_strict_interchangeability,L1_physical,Bluetooth,The equipment relies on Bluetooth.,True
llama8b__L1_physical__4,llama8b,openrouter,meta-llama/llama-3.1-8b-instruct,P3_strict_interchangeability,L1_physical,NPC,The equipment relies on NPC.,True
llama8b__L1_physical__5,llama8b,openrouter,meta-llama/llama-3.1-8b-instruct,P3_strict_interchangeability,L1_physical,USB,The device uses USB for communication.,True
llama8b__L1_physical__5,llama8b,openrouter,meta-llama/llama-3.1-8b-instruct,P3_strict_interchangeability,L1_physical,Ethernet,The device uses Ethernet for communication.,True
llama8b__L1_physical__5,llama8b,openrouter,meta-llama/llama-3.1-8b-instruct,P3_strict_interchangeability,L1_physical,Bluetooth,The device uses Bluetooth for communication.,True
llama8b__L1_physical__5,llama8b,openrouter,meta-llama/llama-3.1-8b-instruct,P3_strict_interchangeability,L1_physical,NPC,The device uses NPC for communication.,True
llama8b__L1_physical__6,llama8b,openrouter,meta-llama/llama-3.1-8b-instruct,P3_strict_interchangeability,L1_physical,USB,The hardware connects via USB.,True
llama8b__L1_physical__6,llama8b,openrouter,meta-llama/llama-3.1-8b-instruct,P3_strict_interchangeability,L1_physical,Ethernet,The hardware connects via Ethernet.,True
llama8b__L1_physical__6,llama8b,openrouter,meta-llama/llama-3.1-8b-instruct,P3_strict_interchangeability,L1_physical,Bluetooth,The hardware connects via Bluetooth.,True
llama8b__L1_physical__6,llama8b,openrouter,meta-llama/llama-3.1-8b-instruct,P3_strict_interchangeability,L1_physical,NPC,The hardware connects via NPC.,True
llama8b__L1_physical__7,llama8b,openrouter,meta-llama/llama-3.1-8b-instruct,P3_strict_interchangeability,L1_physical,USB,The team selects USB for the new project.,True
llama8b__L1_physical__7,llama8b,openrouter,meta-llama/llama-3.1-8b-instruct,P3_strict_interchangeability,L1_physical,Ethernet,The team selects Ethernet for the new project.,True
llama8b__L1_physical__7,llama8b,openrouter,meta-llama/llama-3.1-8b-instruct,P3_strict_interchangeability,L1_physical,Bluetooth,The team selects Bluetooth for the new project.,True
llama8b__L1_physical__7,llama8b,openrouter,meta-llama/llama-3.1-8b-instruct,P3_strict_interchangeability,L1_physical,NPC,The team selects NPC for the new project.,True
llama8b__L1_physical__8,llama8b,openrouter,meta-llama/llama-3.1-8b-instruct,P3_strict_interchangeability,L1_physical,USB,The system uses USB for transmission.,True
llama8b__L1_physical__8,llama8b,openrouter,meta-llama/llama-3.1-8b-instruct,P3_strict_interchangeability,L1_physical,Ethernet,The system uses Ethernet for transmission.,True
llama8b__L1_physical__8,llama8b,openrouter,meta-llama/llama-3.1-8b-instruct,P3_strict_interchangeability,L1_physical,Bluetooth,The system uses Bluetooth for transmission.,True
llama8b__L1_physical__8,llama8b,openrouter,meta-llama/llama-3.1-8b-instruct,P3_strict_interchangeability,L1_physical,NPC,The system uses NPC for transmission.,True
llama8b__L1_physical__9,llama8b,openrouter,meta-llama/llama-3.1-8b-instruct,P3_strict_interchangeability,L1_physical,USB,The equipment communicates through USB.,True
llama8b__L1_physical__9,llama8b,openrouter,meta-llama/llama-3.1-8b-instruct,P3_strict_interchangeability,L1_physical,Ethernet,The equipment communicates through Ethernet.,True
llama8b__L1_physical__9,llama8b,openrouter,meta-llama/llama-3.1-8b-instruct,P3_strict_interchangeability,L1_physical,Bluetooth,The equipment communicates through Bluetooth.,True
llama8b__L1_physical__9,llama8b,openrouter,meta-llama/llama-3.1-8b-instruct,P3_strict_interchangeability,L1_physical,NPC,The equipment communicates through NPC.,True
llama8b__L1_physical__10,llama8b,openrouter,meta-llama/llama-3.1-8b-instruct,P3_strict_interchangeability,L1_physical,USB,The device uses USB for connectivity.,True
llama8b__L1_physical__10,llama8b,openrouter,meta-llama/llama-3.1-8b-instruct,P3_strict_interchangeability,L1_physical,Ethernet,The device uses Ethernet for connectivity.,True
llama8b__L1_physical__10,llama8b,openrouter,meta-llama/llama-3.1-8b-instruct,P3_strict_interchangeability,L1_physical,Bluetooth,The device uses Bluetooth for connectivity.,True
llama8b__L1_physical__10,llama8b,openrouter,meta-llama/llama-3.1-8b-instruct,P3_strict_interchangeability,L1_physical,NPC,The device uses NPC for connectivity.,True
llama8b__L1_physical__11,llama8b,openrouter,meta-llama/llama-3.1-8b-instruct,P3_strict_interchangeability,L1_physical,USB,The network uses USB for communication.,True
llama8b__L1_physical__11,llama8b,openrouter,meta-llama/llama-3.1-8b-instruct,P3_strict_interchangeability,L1_physical,Ethernet,The network uses Ethernet for communication.,True
llama8b__L1_physical__11,llama8b,openrouter,meta-llama/llama-3.1-8b-instruct,P3_strict_interchangeability,L1_physical,Bluetooth,The network uses Bluetooth for communication.,True
llama8b__L1_physical__11,llama8b,openrouter,meta-llama/llama-3.1-8b-instruct,P3_strict_interchangeability,L1_physical,NPC,The network uses NPC for communication.,True
llama8b__L1_physical__12,llama8b,openrouter,meta-llama/llama-3.1-8b-instruct,P3_strict_interchangeability,L1_physical,USB,The server uses USB.,False
llama8b__L1_physical__12,llama8b,openrouter,meta-llama/llama-3.1-8b-instruct,P3_strict_interchangeability,L1_physical,Ethernet,The server uses Ethernet.,False
llama8b__L1_physical__12,llama8b,openrouter,meta-llama/llama-3.1-8b-instruct,P3_strict_interchangeability,L1_physical,Bluetooth,The server uses Bluetooth.,False
llama8b__L1_physical__12,llama8b,openrouter,meta-llama/llama-3.1-8b-instruct,P3_strict_interchangeability,L1_physical,NPC,The server uses NPC.,False
llama8b__L1_physical__13,llama8b,openrouter,meta-llama/llama-3.1-8b-instruct,P3_strict_interchangeability,L1_physical,USB,The machine relies on USB.,True
llama8b__L1_physical__13,llama8b,openrouter,meta-llama/llama-3.1-8b-instruct,P3_strict_interchangeability,L1_physical,Ethernet,The machine relies on Ethernet.,True
llama8b__L1_physical__13,llama8b,openrouter,meta-llama/llama-3.1-8b-instruct,P3_strict_interchangeability,L1_physical,Bluetooth,The machine relies on Bluetooth.,True
llama8b__L1_physical__13,llama8b,openrouter,meta-llama/llama-3.1-8b-instruct,P3_strict_interchangeability,L1_physical,NPC,The machine relies on NPC.,True
llama8b__L1_physical__14,llama8b,openrouter,meta-llama/llama-3.1-8b-instruct,P3_strict_interchangeability,L1_physical,USB,The system is connected using USB.,True
llama8b__L1_physical__14,llama8b,openrouter,meta-llama/llama-3.1-8b-instruct,P3_strict_interchangeability,L1_physical,Ethernet,The system is connected using Ethernet.,True
llama8b__L1_physical__14,llama8b,openrouter,meta-llama/llama-3.1-8b-instruct,P3_strict_interchangeability,L1_physical,Bluetooth,The system is connected using Bluetooth.,True
llama8b__L1_physical__14,llama8b,openrouter,meta-llama/llama-3.1-8b-instruct,P3_strict_interchangeability,L1_physical,NPC,The system is connected using NPC.,True
llama8b__L1_physical__15,llama8b,openrouter,meta-llama/llama-3.1-8b-instruct,P3_strict_interchangeability,L1_physical,USB,The device communicates through USB.,True
llama8b__L1_physical__15,llama8b,openrouter,meta-llama/llama-3.1-8b-instruct,P3_strict_interchangeability,L1_physical,Ethernet,The device communicates through Ethernet.,True
llama8b__L1_physical__15,llama8b,openrouter,meta-llama/llama-3.1-8b-instruct,P3_strict_interchangeability,L1_physical,Bluetooth,The device communicates through Bluetooth.,True
llama8b__L1_physical__15,llama8b,openrouter,meta-llama/llama-3.1-8b-instruct,P3_strict_interchangeability,L1_physical,NPC,The device communicates through NPC.,True
llama8b__L1_physical__16,llama8b,openrouter,meta-llama/llama-3.1-8b-instruct,P3_strict_interchangeability,L1_physical,USB,The team chooses USB for the project.,True
llama8b__L1_physical__16,llama8b,openrouter,meta-llama/llama-3.1-8b-instruct,P3_strict_interchangeability,L1_physical,Ethernet,The team chooses Ethernet for the project.,True
llama8b__L1_physical__16,llama8b,openrouter,meta-llama/llama-3.1-8b-instruct,P3_strict_interchangeability,L1_physical,Bluetooth,The team chooses Bluetooth for the project.,True
llama8b__L1_physical__16,llama8b,openrouter,meta-llama/llama-3.1-8b-instruct,P3_strict_interchangeability,L1_physical,NPC,The team chooses NPC for the project.,True
llama8b__L1_physical__17,llama8b,openrouter,meta-llama/llama-3.1-8b-instruct,P3_strict_interchangeability,L1_physical,USB,The equipment uses USB.,False
llama8b__L1_physical__17,llama8b,openrouter,meta-llama/llama-3.1-8b-instruct,P3_strict_interchangeability,L1_physical,Ethernet,The equipment uses Ethernet.,False
llama8b__L1_physical__17,llama8b,openrouter,meta-llama/llama-3.1-8b-instruct,P3_strict_interchangeability,L1_physical,Bluetooth,The equipment uses Bluetooth.,False
llama8b__L1_physical__17,llama8b,openrouter,meta-llama/llama-3.1-8b-instruct,P3_strict_interchangeability,L1_physical,NPC,The equipment uses NPC.,False
llama8b__L1_physical__18,llama8b,openrouter,meta-llama/llama-3.1-8b-instruct,P3_strict_interchangeability,L1_physical,USB,The hardware connects with USB.,True
llama8b__L1_physical__18,llama8b,openrouter,meta-llama/llama-3.1-8b-instruct,P3_strict_interchangeability,L1_physical,Ethernet,The hardware connects with Ethernet.,True
llama8b__L1_physical__18,llama8b,openrouter,meta-llama/llama-3.1-8b-instruct,P3_strict_interchangeability,L1_physical,Bluetooth,The hardware connects with Bluetooth.,True
llama8b__L1_physical__18,llama8b,openrouter,meta-llama/llama-3.1-8b-instruct,P3_strict_interchangeability,L1_physical,NPC,The hardware connects with NPC.,True
llama8b__L1_physical__19,llama8b,openrouter,meta-llama/llama-3.1-8b-instruct,P3_strict_interchangeability,L1_physical,USB,The system uses USB.,False
llama8b__L1_physical__19,llama8b,openrouter,meta-llama/llama-3.1-8b-instruct,P3_strict_interchangeability,L1_physical,Ethernet,The system uses Ethernet.,False
llama8b__L1_physical__19,llama8b,openrouter,meta-llama/llama-3.1-8b-instruct,P3_strict_interchangeability,L1_physical,Bluetooth,The system uses Bluetooth.,False
llama8b__L1_physical__19,llama8b,openrouter,meta-llama/llama-3.1-8b-instruct,P3_strict_interchangeability,L1_physical,NPC,The system uses NPC.,False
llama8b__L1_physical__20,llama8b,openrouter,meta-llama/llama-3.1-8b-instruct,P3_strict_interchangeability,L1_physical,USB,The device uses USB.,False
llama8b__L1_physical__20,llama8b,openrouter,meta-llama/llama-3.1-8b-instruct,P3_strict_interchangeability,L1_physical,Ethernet,The device uses Ethernet.,False
llama8b__L1_physical__20,llama8b,openrouter,meta-llama/llama-3.1-8b-instruct,P3_strict_interchangeability,L1_physical,Bluetooth,The device uses Bluetooth.,False
llama8b__L1_physical__20,llama8b,openrouter,meta-llama/llama-3.1-8b-instruct,P3_strict_interchangeability,L1_physical,NPC,The device uses NPC.,False
llama8b__L1_physical__21,llama8b,openrouter,meta-llama/llama-3.1-8b-instruct,P3_strict_interchangeability,L1_physical,USB,The machine uses USB.,False
llama8b__L1_physical__21,llama8b,openrouter,meta-llama/llama-3.1-8b-instruct,P3_strict_interchangeability,L1_physical,Ethernet,The machine uses Ethernet.,False
llama8b__L1_physical__21,llama8b,openrouter,meta-llama/llama-3.1-8b-instruct,P3_strict_interchangeability,L1_physical,Bluetooth,The machine uses Bluetooth.,False
llama8b__L1_physical__21,llama8b,openrouter,meta-llama/llama-3.1-8b-instruct,P3_strict_interchangeability,L1_physical,NPC,The machine uses NPC.,False
llama8b__L1_physical__22,llama8b,openrouter,meta-llama/llama-3.1-8b-instruct,P3_strict_interchangeability,L1_physical,USB,The system connects using USB.,True
llama8b__L1_physical__22,llama8b,openrouter,meta-llama/llama-3.1-8b-instruct,P3_strict_interchangeability,L1_physical,Ethernet,The system connects using Ethernet.,True
llama8b__L1_physical__22,llama8b,openrouter,meta-llama/llama-3.1-8b-instruct,P3_strict_interchangeability,L1_physical,Bluetooth,The system connects using Bluetooth.,True
llama8b__L1_physical__22,llama8b,openrouter,meta-llama/llama-3.1-8b-instruct,P3_strict_interchangeability,L1_physical,NPC,The system connects using NPC.,True
llama8b__L1_physical__23,llama8b,openrouter,meta-llama/llama-3.1-8b-instruct,P3_strict_interchangeability,L1_physical,USB,The equipment relies on USB for communication.,True
llama8b__L1_physical__23,llama8b,openrouter,meta-llama/llama-3.1-8b-instruct,P3_strict_interchangeability,L1_physical,Ethernet,The equipment relies on Ethernet for communication.,True
llama8b__L1_physical__23,llama8b,openrouter,meta-llama/llama-3.1-8b-instruct,P3_strict_interchangeability,L1_physical,Bluetooth,The equipment relies on Bluetooth for communication.,True
llama8b__L1_physical__23,llama8b,openrouter,meta-llama/llama-3.1-8b-instruct,P3_strict_interchangeability,L1_physical,NPC,The equipment relies on NPC for communication.,True
llama8b__L1_physical__24,llama8b,openrouter,meta-llama/llama-3.1-8b-instruct,P3_strict_interchangeability,L1_physical,USB,The device communicates using USB.,True
llama8b__L1_physical__24,llama8b,openrouter,meta-llama/llama-3.1-8b-instruct,P3_strict_interchangeability,L1_physical,Ethernet,The device communicates using Ethernet.,True
llama8b__L1_physical__24,llama8b,openrouter,meta-llama/llama-3.1-8b-instruct,P3_strict_interchangeability,L1_physical,Bluetooth,The device communicates using Bluetooth.,True
llama8b__L1_physical__24,llama8b,openrouter,meta-llama/llama-3.1-8b-instruct,P3_strict_interchangeability,L1_physical,NPC,The device communicates using NPC.,True
llama8b__L1_physical__25,llama8b,openrouter,meta-llama/llama-3.1-8b-instruct,P3_strict_interchangeability,L1_physical,USB,The hardware uses USB.,False
llama8b__L1_physical__25,llama8b,openrouter,meta-llama/llama-3.1-8b-instruct,P3_strict_interchangeability,L1_physical,Ethernet,The hardware uses Ethernet.,False
llama8b__L1_physical__25,llama8b,openrouter,meta-llama/llama-3.1-8b-instruct,P3_strict_interchangeability,L1_physical,Bluetooth,The hardware uses Bluetooth.,False
llama8b__L1_physical__25,llama8b,openrouter,meta-llama/llama-3.1-8b-instruct,P3_strict_interchangeability,L1_physical,NPC,The hardware uses NPC.,False
llama8b__L2_data_link__1,llama8b,openrouter,meta-llama/llama-3.1-8b-instruct,P3_strict_interchangeability,L2_data_link,HDLC,Networks rely on HDLC for local communication.,True
llama8b__L2_data_link__1,llama8b,openrouter,meta-llama/llama-3.1-8b-instruct,P3_strict_interchangeability,L2_data_link,Ethernet,Networks rely on Ethernet for local communication.,True
llama8b__L2_data_link__1,llama8b,openrouter,meta-llama/llama-3.1-8b-instruct,P3_strict_interchangeability,L2_data_link,Wi-Fi,Networks rely on Wi-Fi for local communication.,True
llama8b__L2_data_link__1,llama8b,openrouter,meta-llama/llama-3.1-8b-instruct,P3_strict_interchangeability,L2_data_link,PPP,Networks rely on PPP for local communication.,True
llama8b__L2_data_link__2,llama8b,openrouter,meta-llama/llama-3.1-8b-instruct,P3_strict_interchangeability,L2_data_link,HDLC,The device connects to other devices using HDLC.,True
llama8b__L2_data_link__2,llama8b,openrouter,meta-llama/llama-3.1-8b-instruct,P3_strict_interchangeability,L2_data_link,Ethernet,The device connects to other devices using Ethernet.,True
llama8b__L2_data_link__2,llama8b,openrouter,meta-llama/llama-3.1-8b-instruct,P3_strict_interchangeability,L2_data_link,Wi-Fi,The device connects to other devices using Wi-Fi.,True
llama8b__L2_data_link__2,llama8b,openrouter,meta-llama/llama-3.1-8b-instruct,P3_strict_interchangeability,L2_data_link,PPP,The device connects to other devices using PPP.,True
llama8b__L2_data_link__3,llama8b,openrouter,meta-llama/llama-3.1-8b-instruct,P3_strict_interchangeability,L2_data_link,HDLC,Nodes communicate over HDLC in the network.,True
llama8b__L2_data_link__3,llama8b,openrouter,meta-llama/llama-3.1-8b-instruct,P3_strict_interchangeability,L2_data_link,Ethernet,Nodes communicate over Ethernet in the network.,True
llama8b__L2_data_link__3,llama8b,openrouter,meta-llama/llama-3.1-8b-instruct,P3_strict_interchangeability,L2_data_link,Wi-Fi,Nodes communicate over Wi-Fi in the network.,True
llama8b__L2_data_link__3,llama8b,openrouter,meta-llama/llama-3.1-8b-instruct,P3_strict_interchangeability,L2_data_link,PPP,Nodes communicate over PPP in the network.,True
llama8b__L2_data_link__4,llama8b,openrouter,meta-llama/llama-3.1-8b-instruct,P3_strict_interchangeability,L2_data_link,HDLC,The system uses HDLC for high-speed data transfer.,True
llama8b__L2_data_link__4,llama8b,openrouter,meta-llama/llama-3.1-8b-instruct,P3_strict_interchangeability,L2_data_link,Ethernet,The system uses Ethernet for high-speed data transfer.,True
llama8b__L2_data_link__4,llama8b,openrouter,meta-llama/llama-3.1-8b-instruct,P3_strict_interchangeability,L2_data_link,Wi-Fi,The system uses Wi-Fi for high-speed data transfer.,True
llama8b__L2_data_link__4,llama8b,openrouter,meta-llama/llama-3.1-8b-instruct,P3_strict_interchangeability,L2_data_link,PPP,The system uses PPP for high-speed data transfer.,True
llama8b__L2_data_link__5,llama8b,openrouter,meta-llama/llama-3.1-8b-instruct,P3_strict_interchangeability,L2_data_link,HDLC,The hosts connect to each other using HDLC.,True
llama8b__L2_data_link__5,llama8b,openrouter,meta-llama/llama-3.1-8b-instruct,P3_strict_interchangeability,L2_data_link,Ethernet,The hosts connect to each other using Ethernet.,True
llama8b__L2_data_link__5,llama8b,openrouter,meta-llama/llama-3.1-8b-instruct,P3_strict_interchangeability,L2_data_link,Wi-Fi,The hosts connect to each other using Wi-Fi.,True
llama8b__L2_data_link__5,llama8b,openrouter,meta-llama/llama-3.1-8b-instruct,P3_strict_interchangeability,L2_data_link,PPP,The hosts connect to each other using PPP.,True
llama8b__L2_data_link__6,llama8b,openrouter,meta-llama/llama-3.1-8b-instruct,P3_strict_interchangeability,L2_data_link,HDLC,The network uses HDLC for reliable communication.,False
llama8b__L2_data_link__6,llama8b,openrouter,meta-llama/llama-3.1-8b-instruct,P3_strict_interchangeability,L2_data_link,Ethernet,The network uses Ethernet for reliable communication.,False
llama8b__L2_data_link__6,llama8b,openrouter,meta-llama/llama-3.1-8b-instruct,P3_strict_interchangeability,L2_data_link,Wi-Fi,The network uses Wi-Fi for reliable communication.,False
llama8b__L2_data_link__6,llama8b,openrouter,meta-llama/llama-3.1-8b-instruct,P3_strict_interchangeability,L2_data_link,PPP,The network uses PPP for reliable communication.,False
llama8b__L2_data_link__7,llama8b,openrouter,meta-llama/llama-3.1-8b-instruct,P3_strict_interchangeability,L2_data_link,HDLC,Devices on the network communicate over HDLC.,True
llama8b__L2_data_link__7,llama8b,openrouter,meta-llama/llama-3.1-8b-instruct,P3_strict_interchangeability,L2_data_link,Ethernet,Devices on the network communicate over Ethernet.,True
llama8b__L2_data_link__7,llama8b,openrouter,meta-llama/llama-3.1-8b-instruct,P3_strict_interchangeability,L2_data_link,Wi-Fi,Devices on the network communicate over Wi-Fi.,True
llama8b__L2_data_link__7,llama8b,openrouter,meta-llama/llama-3.1-8b-instruct,P3_strict_interchangeability,L2_data_link,PPP,Devices on the network communicate over PPP.,True
llama8b__L2_data_link__8,llama8b,openrouter,meta-llama/llama-3.1-8b-instruct,P3_strict_interchangeability,L2_data_link,HDLC,The system is built around HDLC technology.,True
llama8b__L2_data_link__8,llama8b,openrouter,meta-llama/llama-3.1-8b-instruct,P3_strict_interchangeability,L2_data_link,Ethernet,The system is built around Ethernet technology.,True
llama8b__L2_data_link__8,llama8b,openrouter,meta-llama/llama-3.1-8b-instruct,P3_strict_interchangeability,L2_data_link,Wi-Fi,The system is built around Wi-Fi technology.,True
llama8b__L2_data_link__8,llama8b,openrouter,meta-llama/llama-3.1-8b-instruct,P3_strict_interchangeability,L2_data_link,PPP,The system is built around PPP technology.,True
llama8b__L2_data_link__9,llama8b,openrouter,meta-llama/llama-3.1-8b-instruct,P3_strict_interchangeability,L2_data_link,HDLC,Networks are connected using HDLC links.,True
llama8b__L2_data_link__9,llama8b,openrouter,meta-llama/llama-3.1-8b-instruct,P3_strict_interchangeability,L2_data_link,Ethernet,Networks are connected using Ethernet links.,True
llama8b__L2_data_link__9,llama8b,openrouter,meta-llama/llama-3.1-8b-instruct,P3_strict_interchangeability,L2_data_link,Wi-Fi,Networks are connected using Wi-Fi links.,True
llama8b__L2_data_link__9,llama8b,openrouter,meta-llama/llama-3.1-8b-instruct,P3_strict_interchangeability,L2_data_link,PPP,Networks are connected using PPP links.,True
llama8b__L2_data_link__10,llama8b,openrouter,meta-llama/llama-3.1-8b-instruct,P3_strict_interchangeability,L2_data_link,HDLC,The team uses HDLC for local area network communication.,True
llama8b__L2_data_link__10,llama8b,openrouter,meta-llama/llama-3.1-8b-instruct,P3_strict_interchangeability,L2_data_link,Ethernet,The team uses Ethernet for local area network communication.,True
llama8b__L2_data_link__10,llama8b,openrouter,meta-llama/llama-3.1-8b-instruct,P3_strict_interchangeability,L2_data_link,Wi-Fi,The team uses Wi-Fi for local area network communication.,True
llama8b__L2_data_link__10,llama8b,openrouter,meta-llama/llama-3.1-8b-instruct,P3_strict_interchangeability,L2_data_link,PPP,The team uses PPP for local area network communication.,True
llama8b__L2_data_link__11,llama8b,openrouter,meta-llama/llama-3.1-8b-instruct,P3_strict_interchangeability,L2_data_link,HDLC,Nodes in the network use HDLC for communication.,True
llama8b__L2_data_link__11,llama8b,openrouter,meta-llama/llama-3.1-8b-instruct,P3_strict_interchangeability,L2_data_link,Ethernet,Nodes in the network use Ethernet for communication.,True
llama8b__L2_data_link__11,llama8b,openrouter,meta-llama/llama-3.1-8b-instruct,P3_strict_interchangeability,L2_data_link,Wi-Fi,Nodes in the network use Wi-Fi for communication.,True
llama8b__L2_data_link__11,llama8b,openrouter,meta-llama/llama-3.1-8b-instruct,P3_strict_interchangeability,L2_data_link,PPP,Nodes in the network use PPP for communication.,True
llama8b__L2_data_link__12,llama8b,openrouter,meta-llama/llama-3.1-8b-instruct,P3_strict_interchangeability,L2_data_link,HDLC,The device uses HDLC for data transmission.,True
llama8b__L2_data_link__12,llama8b,openrouter,meta-llama/llama-3.1-8b-instruct,P3_strict_interchangeability,L2_data_link,Ethernet,The device uses Ethernet for data transmission.,True
llama8b__L2_data_link__12,llama8b,openrouter,meta-llama/llama-3.1-8b-instruct,P3_strict_interchangeability,L2_data_link,Wi-Fi,The device uses Wi-Fi for data transmission.,True
llama8b__L2_data_link__12,llama8b,openrouter,meta-llama/llama-3.1-8b-instruct,P3_strict_interchangeability,L2_data_link,PPP,The device uses PPP for data transmission.,True
llama8b__L2_data_link__13,llama8b,openrouter,meta-llama/llama-3.1-8b-instruct,P3_strict_interchangeability,L2_data_link,HDLC,The network infrastructure relies on HDLC.,True
llama8b__L2_data_link__13,llama8b,openrouter,meta-llama/llama-3.1-8b-instruct,P3_strict_interchangeability,L2_data_link,Ethernet,The network infrastructure relies on Ethernet.,True
llama8b__L2_data_link__13,llama8b,openrouter,meta-llama/llama-3.1-8b-instruct,P3_strict_interchangeability,L2_data_link,Wi-Fi,The network infrastructure relies on Wi-Fi.,True
llama8b__L2_data_link__13,llama8b,openrouter,meta-llama/llama-3.1-8b-instruct,P3_strict_interchangeability,L2_data_link,PPP,The network infrastructure relies on PPP.,True
llama8b__L2_data_link__14,llama8b,openrouter,meta-llama/llama-3.1-8b-instruct,P3_strict_interchangeability,L2_data_link,HDLC,The system uses HDLC for data exchange.,True
llama8b__L2_data_link__14,llama8b,openrouter,meta-llama/llama-3.1-8b-instruct,P3_strict_interchangeability,L2_data_link,Ethernet,The system uses Ethernet for data exchange.,True
llama8b__L2_data_link__14,llama8b,openrouter,meta-llama/llama-3.1-8b-instruct,P3_strict_interchangeability,L2_data_link,Wi-Fi,The system uses Wi-Fi for data exchange.,True
llama8b__L2_data_link__14,llama8b,openrouter,meta-llama/llama-3.1-8b-instruct,P3_strict_interchangeability,L2_data_link,PPP,The system uses PPP for data exchange.,True
llama8b__L2_data_link__15,llama8b,openrouter,meta-llama/llama-3.1-8b-instruct,P3_strict_interchangeability,L2_data_link,HDLC,The hosts use HDLC for secure communication.,False
llama8b__L2_data_link__15,llama8b,openrouter,meta-llama/llama-3.1-8b-instruct,P3_strict_interchangeability,L2_data_link,Ethernet,The hosts use Ethernet for secure communication.,False
llama8b__L2_data_link__15,llama8b,openrouter,meta-llama/llama-3.1-8b-instruct,P3_strict_interchangeability,L2_data_link,Wi-Fi,The hosts use Wi-Fi for secure communication.,False
llama8b__L2_data_link__15,llama8b,openrouter,meta-llama/llama-3.1-8b-instruct,P3_strict_interchangeability,L2_data_link,PPP,The hosts use PPP for secure communication.,False
llama8b__L2_data_link__16,llama8b,openrouter,meta-llama/llama-3.1-8b-instruct,P3_strict_interchangeability,L2_data_link,HDLC,The network uses HDLC for fast data transfer.,True
llama8b__L2_data_link__16,llama8b,openrouter,meta-llama/llama-3.1-8b-instruct,P3_strict_interchangeability,L2_data_link,Ethernet,The network uses Ethernet for fast data transfer.,True
llama8b__L2_data_link__16,llama8b,openrouter,meta-llama/llama-3.1-8b-instruct,P3_strict_interchangeability,L2_data_link,Wi-Fi,The network uses Wi-Fi for fast data transfer.,True
llama8b__L2_data_link__16,llama8b,openrouter,meta-llama/llama-3.1-8b-instruct,P3_strict_interchangeability,L2_data_link,PPP,The network uses PPP for fast data transfer.,True
llama8b__L2_data_link__17,llama8b,openrouter,meta-llama/llama-3.1-8b-instruct,P3_strict_interchangeability,L2_data_link,HDLC,The device connects to the network using HDLC.,True
llama8b__L2_data_link__17,llama8b,openrouter,meta-llama/llama-3.1-8b-instruct,P3_strict_interchangeability,L2_data_link,Ethernet,The device connects to the network using Ethernet.,True
llama8b__L2_data_link__17,llama8b,openrouter,meta-llama/llama-3.1-8b-instruct,P3_strict_interchangeability,L2_data_link,Wi-Fi,The device connects to the network using Wi-Fi.,True
llama8b__L2_data_link__17,llama8b,openrouter,meta-llama/llama-3.1-8b-instruct,P3_strict_interchangeability,L2_data_link,PPP,The device connects to the network using PPP.,True
llama8b__L2_data_link__18,llama8b,openrouter,meta-llama/llama-3.1-8b-instruct,P3_strict_interchangeability,L2_data_link,HDLC,The system communicates over HDLC in the network.,True
llama8b__L2_data_link__18,llama8b,openrouter,meta-llama/llama-3.1-8b-instruct,P3_strict_interchangeability,L2_data_link,Ethernet,The system communicates over Ethernet in the network.,True
llama8b__L2_data_link__18,llama8b,openrouter,meta-llama/llama-3.1-8b-instruct,P3_strict_interchangeability,L2_data_link,Wi-Fi,The system communicates over Wi-Fi in the network.,True
llama8b__L2_data_link__18,llama8b,openrouter,meta-llama/llama-3.1-8b-instruct,P3_strict_interchangeability,L2_data_link,PPP,The system communicates over PPP in the network.,True
llama8b__L2_data_link__19,llama8b,openrouter,meta-llama/llama-3.1-8b-instruct,P3_strict_interchangeability,L2_data_link,HDLC,Networks use HDLC for local area network communication.,True
llama8b__L2_data_link__19,llama8b,openrouter,meta-llama/llama-3.1-8b-instruct,P3_strict_interchangeability,L2_data_link,Ethernet,Networks use Ethernet for local area network communication.,True
llama8b__L2_data_link__19,llama8b,openrouter,meta-llama/llama-3.1-8b-instruct,P3_strict_interchangeability,L2_data_link,Wi-Fi,Networks use Wi-Fi for local area network communication.,True
llama8b__L2_data_link__19,llama8b,openrouter,meta-llama/llama-3.1-8b-instruct,P3_strict_interchangeability,L2_data_link,PPP,Networks use PPP for local area network communication.,True
llama8b__L2_data_link__20,llama8b,openrouter,meta-llama/llama-3.1-8b-instruct,P3_strict_interchangeability,L2_data_link,HDLC,The system relies on HDLC for communication.,True
llama8b__L2_data_link__20,llama8b,openrouter,meta-llama/llama-3.1-8b-instruct,P3_strict_interchangeability,L2_data_link,Ethernet,The system relies on Ethernet for communication.,True
llama8b__L2_data_link__20,llama8b,openrouter,meta-llama/llama-3.1-8b-instruct,P3_strict_interchangeability,L2_data_link,Wi-Fi,The system relies on Wi-Fi for communication.,True
llama8b__L2_data_link__20,llama8b,openrouter,meta-llama/llama-3.1-8b-instruct,P3_strict_interchangeability,L2_data_link,PPP,The system relies on PPP for communication.,True
llama8b__L2_data_link__21,llama8b,openrouter,meta-llama/llama-3.1-8b-instruct,P3_strict_interchangeability,L2_data_link,HDLC,The device uses HDLC for communication.,True
llama8b__L2_data_link__21,llama8b,openrouter,meta-llama/llama-3.1-8b-instruct,P3_strict_interchangeability,L2_data_link,Ethernet,The device uses Ethernet for communication.,True
llama8b__L2_data_link__21,llama8b,openrouter,meta-llama/llama-3.1-8b-instruct,P3_strict_interchangeability,L2_data_link,Wi-Fi,The device uses Wi-Fi for communication.,True
llama8b__L2_data_link__21,llama8b,openrouter,meta-llama/llama-3.1-8b-instruct,P3_strict_interchangeability,L2_data_link,PPP,The device uses PPP for communication.,True
llama8b__L2_data_link__22,llama8b,openrouter,meta-llama/llama-3.1-8b-instruct,P3_strict_interchangeability,L2_data_link,HDLC,The network uses HDLC for reliable data transfer.,False
llama8b__L2_data_link__22,llama8b,openrouter,meta-llama/llama-3.1-8b-instruct,P3_strict_interchangeability,L2_data_link,Ethernet,The network uses Ethernet for reliable data transfer.,False
llama8b__L2_data_link__22,llama8b,openrouter,meta-llama/llama-3.1-8b-instruct,P3_strict_interchangeability,L2_data_link,Wi-Fi,The network uses Wi-Fi for reliable data transfer.,False
llama8b__L2_data_link__22,llama8b,openrouter,meta-llama/llama-3.1-8b-instruct,P3_strict_interchangeability,L2_data_link,PPP,The network uses PPP for reliable data transfer.,False
llama8b__L2_data_link__23,llama8b,openrouter,meta-llama/llama-3.1-8b-instruct,P3_strict_interchangeability,L2_data_link,HDLC,The system uses HDLC for high-speed communication.,True
llama8b__L2_data_link__23,llama8b,openrouter,meta-llama/llama-3.1-8b-instruct,P3_strict_interchangeability,L2_data_link,Ethernet,The system uses Ethernet for high-speed communication.,True
llama8b__L2_data_link__23,llama8b,openrouter,meta-llama/llama-3.1-8b-instruct,P3_strict_interchangeability,L2_data_link,Wi-Fi,The system uses Wi-Fi for high-speed communication.,True
llama8b__L2_data_link__23,llama8b,openrouter,meta-llama/llama-3.1-8b-instruct,P3_strict_interchangeability,L2_data_link,PPP,The system uses PPP for high-speed communication.,True
llama8b__L2_data_link__24,llama8b,openrouter,meta-llama/llama-3.1-8b-instruct,P3_strict_interchangeability,L2_data_link,HDLC,The hosts use HDLC for data exchange.,True
llama8b__L2_data_link__24,llama8b,openrouter,meta-llama/llama-3.1-8b-instruct,P3_strict_interchangeability,L2_data_link,Ethernet,The hosts use Ethernet for data exchange.,True
llama8b__L2_data_link__24,llama8b,openrouter,meta-llama/llama-3.1-8b-instruct,P3_strict_interchangeability,L2_data_link,Wi-Fi,The hosts use Wi-Fi for data exchange.,True
llama8b__L2_data_link__24,llama8b,openrouter,meta-llama/llama-3.1-8b-instruct,P3_strict_interchangeability,L2_data_link,PPP,The hosts use PPP for data exchange.,True
llama8b__L2_data_link__25,llama8b,openrouter,meta-llama/llama-3.1-8b-instruct,P3_strict_interchangeability,L2_data_link,HDLC,The network uses HDLC for fast data transmission.,True
llama8b__L2_data_link__25,llama8b,openrouter,meta-llama/llama-3.1-8b-instruct,P3_strict_interchangeability,L2_data_link,Ethernet,The network uses Ethernet for fast data transmission.,True
llama8b__L2_data_link__25,llama8b,openrouter,meta-llama/llama-3.1-8b-instruct,P3_strict_interchangeability,L2_data_link,Wi-Fi,The network uses Wi-Fi for fast data transmission.,True
llama8b__L2_data_link__25,llama8b,openrouter,meta-llama/llama-3.1-8b-instruct,P3_strict_interchangeability,L2_data_link,PPP,The network uses PPP for fast data transmission.,True
llama8b__L3_network__1,llama8b,openrouter,meta-llama/llama-3.1-8b-instruct,P3_strict_interchangeability,L3_network,IP,The network relies on IP for communication.,True
llama8b__L3_network__1,llama8b,openrouter,meta-llama/llama-3.1-8b-instruct,P3_strict_interchangeability,L3_network,ICMP,The network relies on ICMP for communication.,True
llama8b__L3_network__1,llama8b,openrouter,meta-llama/llama-3.1-8b-instruct,P3_strict_interchangeability,L3_network,IGMP,The network relies on IGMP for communication.,True
llama8b__L3_network__1,llama8b,openrouter,meta-llama/llama-3.1-8b-instruct,P3_strict_interchangeability,L3_network,IPsec,The network relies on IPsec for communication.,True
llama8b__L3_network__2,llama8b,openrouter,meta-llama/llama-3.1-8b-instruct,P3_strict_interchangeability,L3_network,IP,The system communicates using IP.,True
llama8b__L3_network__2,llama8b,openrouter,meta-llama/llama-3.1-8b-instruct,P3_strict_interchangeability,L3_network,ICMP,The system communicates using ICMP.,True
llama8b__L3_network__2,llama8b,openrouter,meta-llama/llama-3.1-8b-instruct,P3_strict_interchangeability,L3_network,IGMP,The system communicates using IGMP.,True
llama8b__L3_network__2,llama8b,openrouter,meta-llama/llama-3.1-8b-instruct,P3_strict_interchangeability,L3_network,IPsec,The system communicates using IPsec.,True
llama8b__L3_network__3,llama8b,openrouter,meta-llama/llama-3.1-8b-instruct,P3_strict_interchangeability,L3_network,IP,The nodes use IP for network communication.,True
llama8b__L3_network__3,llama8b,openrouter,meta-llama/llama-3.1-8b-instruct,P3_strict_interchangeability,L3_network,ICMP,The nodes use ICMP for network communication.,True
llama8b__L3_network__3,llama8b,openrouter,meta-llama/llama-3.1-8b-instruct,P3_strict_interchangeability,L3_network,IGMP,The nodes use IGMP for network communication.,True
llama8b__L3_network__3,llama8b,openrouter,meta-llama/llama-3.1-8b-instruct,P3_strict_interchangeability,L3_network,IPsec,The nodes use IPsec for network communication.,True
llama8b__L3_network__4,llama8b,openrouter,meta-llama/llama-3.1-8b-instruct,P3_strict_interchangeability,L3_network,IP,The devices rely on IP for data exchange.,True
llama8b__L3_network__4,llama8b,openrouter,meta-llama/llama-3.1-8b-instruct,P3_strict_interchangeability,L3_network,ICMP,The devices rely on ICMP for data exchange.,True
llama8b__L3_network__4,llama8b,openrouter,meta-llama/llama-3.1-8b-instruct,P3_strict_interchangeability,L3_network,IGMP,The devices rely on IGMP for data exchange.,True
llama8b__L3_network__4,llama8b,openrouter,meta-llama/llama-3.1-8b-instruct,P3_strict_interchangeability,L3_network,IPsec,The devices rely on IPsec for data exchange.,True
llama8b__L3_network__5,llama8b,openrouter,meta-llama/llama-3.1-8b-instruct,P3_strict_interchangeability,L3_network,IP,The hosts communicate using IP.,True
llama8b__L3_network__5,llama8b,openrouter,meta-llama/llama-3.1-8b-instruct,P3_strict_interchangeability,L3_network,ICMP,The hosts communicate using ICMP.,True
llama8b__L3_network__5,llama8b,openrouter,meta-llama/llama-3.1-8b-instruct,P3_strict_interchangeability,L3_network,IGMP,The hosts communicate using IGMP.,True
llama8b__L3_network__5,llama8b,openrouter,meta-llama/llama-3.1-8b-instruct,P3_strict_interchangeability,L3_network,IPsec,The hosts communicate using IPsec.,True
llama8b__L3_network__6,llama8b,openrouter,meta-llama/llama-3.1-8b-instruct,P3_strict_interchangeability,L3_network,IP,The network uses IP for packet routing.,True
llama8b__L3_network__6,llama8b,openrouter,meta-llama/llama-3.1-8b-instruct,P3_strict_interchangeability,L3_network,ICMP,The network uses ICMP for packet routing.,True
llama8b__L3_network__6,llama8b,openrouter,meta-llama/llama-3.1-8b-instruct,P3_strict_interchangeability,L3_network,IGMP,The network uses IGMP for packet routing.,True
llama8b__L3_network__6,llama8b,openrouter,meta-llama/llama-3.1-8b-instruct,P3_strict_interchangeability,L3_network,IPsec,The network uses IPsec for packet routing.,True
llama8b__L3_network__7,llama8b,openrouter,meta-llama/llama-3.1-8b-instruct,P3_strict_interchangeability,L3_network,IP,The system employs IP for network connectivity.,True
llama8b__L3_network__7,llama8b,openrouter,meta-llama/llama-3.1-8b-instruct,P3_strict_interchangeability,L3_network,ICMP,The system employs ICMP for network connectivity.,True
llama8b__L3_network__7,llama8b,openrouter,meta-llama/llama-3.1-8b-instruct,P3_strict_interchangeability,L3_network,IGMP,The system employs IGMP for network connectivity.,True
llama8b__L3_network__7,llama8b,openrouter,meta-llama/llama-3.1-8b-instruct,P3_strict_interchangeability,L3_network,IPsec,The system employs IPsec for network connectivity.,True
llama8b__L3_network__8,llama8b,openrouter,meta-llama/llama-3.1-8b-instruct,P3_strict_interchangeability,L3_network,IP,The nodes operate over IP.,True
llama8b__L3_network__8,llama8b,openrouter,meta-llama/llama-3.1-8b-instruct,P3_strict_interchangeability,L3_network,ICMP,The nodes operate over ICMP.,True
llama8b__L3_network__8,llama8b,openrouter,meta-llama/llama-3.1-8b-instruct,P3_strict_interchangeability,L3_network,IGMP,The nodes operate over IGMP.,True
llama8b__L3_network__8,llama8b,openrouter,meta-llama/llama-3.1-8b-instruct,P3_strict_interchangeability,L3_network,IPsec,The nodes operate over IPsec.,True
llama8b__L3_network__9,llama8b,openrouter,meta-llama/llama-3.1-8b-instruct,P3_strict_interchangeability,L3_network,IP,The devices interact through IP.,True
llama8b__L3_network__9,llama8b,openrouter,meta-llama/llama-3.1-8b-instruct,P3_strict_interchangeability,L3_network,ICMP,The devices interact through ICMP.,True
llama8b__L3_network__9,llama8b,openrouter,meta-llama/llama-3.1-8b-instruct,P3_strict_interchangeability,L3_network,IGMP,The devices interact through IGMP.,True
llama8b__L3_network__9,llama8b,openrouter,meta-llama/llama-3.1-8b-instruct,P3_strict_interchangeability,L3_network,IPsec,The devices interact through IPsec.,True
llama8b__L3_network__10,llama8b,openrouter,meta-llama/llama-3.1-8b-instruct,P3_strict_interchangeability,L3_network,IP,The hosts rely on IP for communication.,True
llama8b__L3_network__10,llama8b,openrouter,meta-llama/llama-3.1-8b-instruct,P3_strict_interchangeability,L3_network,ICMP,The hosts rely on ICMP for communication.,True
llama8b__L3_network__10,llama8b,openrouter,meta-llama/llama-3.1-8b-instruct,P3_strict_interchangeability,L3_network,IGMP,The hosts rely on IGMP for communication.,True
llama8b__L3_network__10,llama8b,openrouter,meta-llama/llama-3.1-8b-instruct,P3_strict_interchangeability,L3_network,IPsec,The hosts rely on IPsec for communication.,True
llama8b__L3_network__11,llama8b,openrouter,meta-llama/llama-3.1-8b-instruct,P3_strict_interchangeability,L3_network,IP,The network employs IP for data transmission.,True
llama8b__L3_network__11,llama8b,openrouter,meta-llama/llama-3.1-8b-instruct,P3_strict_interchangeability,L3_network,ICMP,The network employs ICMP for data transmission.,True
llama8b__L3_network__11,llama8b,openrouter,meta-llama/llama-3.1-8b-instruct,P3_strict_interchangeability,L3_network,IGMP,The network employs IGMP for data transmission.,True
llama8b__L3_network__11,llama8b,openrouter,meta-llama/llama-3.1-8b-instruct,P3_strict_interchangeability,L3_network,IPsec,The network employs IPsec for data transmission.,True
llama8b__L3_network__12,llama8b,openrouter,meta-llama/llama-3.1-8b-instruct,P3_strict_interchangeability,L3_network,IP,The system communicates over IP.,True
llama8b__L3_network__12,llama8b,openrouter,meta-llama/llama-3.1-8b-instruct,P3_strict_interchangeability,L3_network,ICMP,The system communicates over ICMP.,True
llama8b__L3_network__12,llama8b,openrouter,meta-llama/llama-3.1-8b-instruct,P3_strict_interchangeability,L3_network,IGMP,The system communicates over IGMP.,True
llama8b__L3_network__12,llama8b,openrouter,meta-llama/llama-3.1-8b-instruct,P3_strict_interchangeability,L3_network,IPsec,The system communicates over IPsec.,True
llama8b__L3_network__13,llama8b,openrouter,meta-llama/llama-3.1-8b-instruct,P3_strict_interchangeability,L3_network,IP,The nodes utilize IP for network communication.,True
llama8b__L3_network__13,llama8b,openrouter,meta-llama/llama-3.1-8b-instruct,P3_strict_interchangeability,L3_network,ICMP,The nodes utilize ICMP for network communication.,True
llama8b__L3_network__13,llama8b,openrouter,meta-llama/llama-3.1-8b-instruct,P3_strict_interchangeability,L3_network,IGMP,The nodes utilize IGMP for network communication.,True
llama8b__L3_network__13,llama8b,openrouter,meta-llama/llama-3.1-8b-instruct,P3_strict_interchangeability,L3_network,IPsec,The nodes utilize IPsec for network communication.,True
llama8b__L3_network__14,llama8b,openrouter,meta-llama/llama-3.1-8b-instruct,P3_strict_interchangeability,L3_network,IP,The devices use IP for data transfer.,True
llama8b__L3_network__14,llama8b,openrouter,meta-llama/llama-3.1-8b-instruct,P3_strict_interchangeability,L3_network,ICMP,The devices use ICMP for data transfer.,True
llama8b__L3_network__14,llama8b,openrouter,meta-llama/llama-3.1-8b-instruct,P3_strict_interchangeability,L3_network,IGMP,The devices use IGMP for data transfer.,True
llama8b__L3_network__14,llama8b,openrouter,meta-llama/llama-3.1-8b-instruct,P3_strict_interchangeability,L3_network,IPsec,The devices use IPsec for data transfer.,True
llama8b__L3_network__15,llama8b,openrouter,meta-llama/llama-3.1-8b-instruct,P3_strict_interchangeability,L3_network,IP,The hosts communicate with each other using IP.,True
llama8b__L3_network__15,llama8b,openrouter,meta-llama/llama-3.1-8b-instruct,P3_strict_interchangeability,L3_network,ICMP,The hosts communicate with each other using ICMP.,True
llama8b__L3_network__15,llama8b,openrouter,meta-llama/llama-3.1-8b-instruct,P3_strict_interchangeability,L3_network,IGMP,The hosts communicate with each other using IGMP.,True
llama8b__L3_network__15,llama8b,openrouter,meta-llama/llama-3.1-8b-instruct,P3_strict_interchangeability,L3_network,IPsec,The hosts communicate with each other using IPsec.,True
llama8b__L3_network__16,llama8b,openrouter,meta-llama/llama-3.1-8b-instruct,P3_strict_interchangeability,L3_network,IP,The network relies on IP for data exchange.,True
llama8b__L3_network__16,llama8b,openrouter,meta-llama/llama-3.1-8b-instruct,P3_strict_interchangeability,L3_network,ICMP,The network relies on ICMP for data exchange.,True
llama8b__L3_network__16,llama8b,openrouter,meta-llama/llama-3.1-8b-instruct,P3_strict_interchangeability,L3_network,IGMP,The network relies on IGMP for data exchange.,True
llama8b__L3_network__16,llama8b,openrouter,meta-llama/llama-3.1-8b-instruct,P3_strict_interchangeability,L3_network,IPsec,The network relies on IPsec for data exchange.,True
llama8b__L3_network__17,llama8b,openrouter,meta-llama/llama-3.1-8b-instruct,P3_strict_interchangeability,L3_network,IP,The system uses IP for network communication.,True
llama8b__L3_network__17,llama8b,openrouter,meta-llama/llama-3.1-8b-instruct,P3_strict_interchangeability,L3_network,ICMP,The system uses ICMP for network communication.,True
llama8b__L3_network__17,llama8b,openrouter,meta-llama/llama-3.1-8b-instruct,P3_strict_interchangeability,L3_network,IGMP,The system uses IGMP for network communication.,True
llama8b__L3_network__17,llama8b,openrouter,meta-llama/llama-3.1-8b-instruct,P3_strict_interchangeability,L3_network,IPsec,The system uses IPsec for network communication.,True
llama8b__L3_network__18,llama8b,openrouter,meta-llama/llama-3.1-8b-instruct,P3_strict_interchangeability,L3_network,IP,The nodes interact with each other using IP.,True
llama8b__L3_network__18,llama8b,openrouter,meta-llama/llama-3.1-8b-instruct,P3_strict_interchangeability,L3_network,ICMP,The nodes interact with each other using ICMP.,True
llama8b__L3_network__18,llama8b,openrouter,meta-llama/llama-3.1-8b-instruct,P3_strict_interchangeability,L3_network,IGMP,The nodes interact with each other using IGMP.,True
llama8b__L3_network__18,llama8b,openrouter,meta-llama/llama-3.1-8b-instruct,P3_strict_interchangeability,L3_network,IPsec,The nodes interact with each other using IPsec.,True
llama8b__L3_network__19,llama8b,openrouter,meta-llama/llama-3.1-8b-instruct,P3_strict_interchangeability,L3_network,IP,The devices employ IP for data transmission.,True
llama8b__L3_network__19,llama8b,openrouter,meta-llama/llama-3.1-8b-instruct,P3_strict_interchangeability,L3_network,ICMP,The devices employ ICMP for data transmission.,True
llama8b__L3_network__19,llama8b,openrouter,meta-llama/llama-3.1-8b-instruct,P3_strict_interchangeability,L3_network,IGMP,The devices employ IGMP for data transmission.,True
llama8b__L3_network__19,llama8b,openrouter,meta-llama/llama-3.1-8b-instruct,P3_strict_interchangeability,L3_network,IPsec,The devices employ IPsec for data transmission.,True
llama8b__L3_network__20,llama8b,openrouter,meta-llama/llama-3.1-8b-instruct,P3_strict_interchangeability,L3_network,IP,The hosts operate over IP.,True
llama8b__L3_network__20,llama8b,openrouter,meta-llama/llama-3.1-8b-instruct,P3_strict_interchangeability,L3_network,ICMP,The hosts operate over ICMP.,True
llama8b__L3_network__20,llama8b,openrouter,meta-llama/llama-3.1-8b-instruct,P3_strict_interchangeability,L3_network,IGMP,The hosts operate over IGMP.,True
llama8b__L3_network__20,llama8b,openrouter,meta-llama/llama-3.1-8b-instruct,P3_strict_interchangeability,L3_network,IPsec,The hosts operate over IPsec.,True
llama8b__L3_network__21,llama8b,openrouter,meta-llama/llama-3.1-8b-instruct,P3_strict_interchangeability,L3_network,IP,The network uses IP for communication.,True
llama8b__L3_network__21,llama8b,openrouter,meta-llama/llama-3.1-8b-instruct,P3_strict_interchangeability,L3_network,ICMP,The network uses ICMP for communication.,True
llama8b__L3_network__21,llama8b,openrouter,meta-llama/llama-3.1-8b-instruct,P3_strict_interchangeability,L3_network,IGMP,The network uses IGMP for communication.,True
llama8b__L3_network__21,llama8b,openrouter,meta-llama/llama-3.1-8b-instruct,P3_strict_interchangeability,L3_network,IPsec,The network uses IPsec for communication.,True
llama8b__L3_network__22,llama8b,openrouter,meta-llama/llama-3.1-8b-instruct,P3_strict_interchangeability,L3_network,IP,The system communicates using IP over the internet.,True
llama8b__L3_network__22,llama8b,openrouter,meta-llama/llama-3.1-8b-instruct,P3_strict_interchangeability,L3_network,ICMP,The system communicates using ICMP over the internet.,True
llama8b__L3_network__22,llama8b,openrouter,meta-llama/llama-3.1-8b-instruct,P3_strict_interchangeability,L3_network,IGMP,The system communicates using IGMP over the internet.,True
llama8b__L3_network__22,llama8b,openrouter,meta-llama/llama-3.1-8b-instruct,P3_strict_interchangeability,L3_network,IPsec,The system communicates using IPsec over the internet.,True
llama8b__L3_network__23,llama8b,openrouter,meta-llama/llama-3.1-8b-instruct,P3_strict_interchangeability,L3_network,IP,The nodes rely on IP for network connectivity.,True
llama8b__L3_network__23,llama8b,openrouter,meta-llama/llama-3.1-8b-instruct,P3_strict_interchangeability,L3_network,ICMP,The nodes rely on ICMP for network connectivity.,True
llama8b__L3_network__23,llama8b,openrouter,meta-llama/llama-3.1-8b-instruct,P3_strict_interchangeability,L3_network,IGMP,The nodes rely on IGMP for network connectivity.,True
llama8b__L3_network__23,llama8b,openrouter,meta-llama/llama-3.1-8b-instruct,P3_strict_interchangeability,L3_network,IPsec,The nodes rely on IPsec for network connectivity.,True
llama8b__L3_network__24,llama8b,openrouter,meta-llama/llama-3.1-8b-instruct,P3_strict_interchangeability,L3_network,IP,The devices interact with each other using IP.,True
llama8b__L3_network__24,llama8b,openrouter,meta-llama/llama-3.1-8b-instruct,P3_strict_interchangeability,L3_network,ICMP,The devices interact with each other using ICMP.,True
llama8b__L3_network__24,llama8b,openrouter,meta-llama/llama-3.1-8b-instruct,P3_strict_interchangeability,L3_network,IGMP,The devices interact with each other using IGMP.,True
llama8b__L3_network__24,llama8b,openrouter,meta-llama/llama-3.1-8b-instruct,P3_strict_interchangeability,L3_network,IPsec,The devices interact with each other using IPsec.,True
llama8b__L3_network__25,llama8b,openrouter,meta-llama/llama-3.1-8b-instruct,P3_strict_interchangeability,L3_network,IP,The hosts use IP for data exchange.,True
llama8b__L3_network__25,llama8b,openrouter,meta-llama/llama-3.1-8b-instruct,P3_strict_interchangeability,L3_network,ICMP,The hosts use ICMP for data exchange.,True
llama8b__L3_network__25,llama8b,openrouter,meta-llama/llama-3.1-8b-instruct,P3_strict_interchangeability,L3_network,IGMP,The hosts use IGMP for data exchange.,True
llama8b__L3_network__25,llama8b,openrouter,meta-llama/llama-3.1-8b-instruct,P3_strict_interchangeability,L3_network,IPsec,The hosts use IPsec for data exchange.,True
llama8b__L4_transport__1,llama8b,openrouter,meta-llama/llama-3.1-8b-instruct,P3_strict_interchangeability,L4_transport,TCP,The application communicates using TCP.,True
llama8b__L4_transport__1,llama8b,openrouter,meta-llama/llama-3.1-8b-instruct,P3_strict_interchangeability,L4_transport,UDP,The application communicates using UDP.,True
llama8b__L4_transport__1,llama8b,openrouter,meta-llama/llama-3.1-8b-instruct,P3_strict_interchangeability,L4_transport,SCTP,The application communicates using SCTP.,True
llama8b__L4_transport__1,llama8b,openrouter,meta-llama/llama-3.1-8b-instruct,P3_strict_interchangeability,L4_transport,QUIC,The application communicates using QUIC.,True
llama8b__L4_transport__2,llama8b,openrouter,meta-llama/llama-3.1-8b-instruct,P3_strict_interchangeability,L4_transport,TCP,Our service uses TCP for data exchange.,True
llama8b__L4_transport__2,llama8b,openrouter,meta-llama/llama-3.1-8b-instruct,P3_strict_interchangeability,L4_transport,UDP,Our service uses UDP for data exchange.,True
llama8b__L4_transport__2,llama8b,openrouter,meta-llama/llama-3.1-8b-instruct,P3_strict_interchangeability,L4_transport,SCTP,Our service uses SCTP for data exchange.,True
llama8b__L4_transport__2,llama8b,openrouter,meta-llama/llama-3.1-8b-instruct,P3_strict_interchangeability,L4_transport,QUIC,Our service uses QUIC for data exchange.,True
llama8b__L4_transport__3,llama8b,openrouter,meta-llama/llama-3.1-8b-instruct,P3_strict_interchangeability,L4_transport,TCP,The system relies on TCP for communication.,True
llama8b__L4_transport__3,llama8b,openrouter,meta-llama/llama-3.1-8b-instruct,P3_strict_interchangeability,L4_transport,UDP,The system relies on UDP for communication.,True
llama8b__L4_transport__3,llama8b,openrouter,meta-llama/llama-3.1-8b-instruct,P3_strict_interchangeability,L4_transport,SCTP,The system relies on SCTP for communication.,True
llama8b__L4_transport__3,llama8b,openrouter,meta-llama/llama-3.1-8b-instruct,P3_strict_interchangeability,L4_transport,QUIC,The system relies on QUIC for communication.,True
llama8b__L4_transport__4,llama8b,openrouter,meta-llama/llama-3.1-8b-instruct,P3_strict_interchangeability,L4_transport,TCP,Components exchange data using TCP.,True
llama8b__L4_transport__4,llama8b,openrouter,meta-llama/llama-3.1-8b-instruct,P3_strict_interchangeability,L4_transport,UDP,Components exchange data using UDP.,True
llama8b__L4_transport__4,llama8b,openrouter,meta-llama/llama-3.1-8b-instruct,P3_strict_interchangeability,L4_transport,SCTP,Components exchange data using SCTP.,True
llama8b__L4_transport__4,llama8b,openrouter,meta-llama/llama-3.1-8b-instruct,P3_strict_interchangeability,L4_transport,QUIC,Components exchange data using QUIC.,True
llama8b__L4_transport__5,llama8b,openrouter,meta-llama/llama-3.1-8b-instruct,P3_strict_interchangeability,L4_transport,TCP,The backend uses TCP for network communication.,True
llama8b__L4_transport__5,llama8b,openrouter,meta-llama/llama-3.1-8b-instruct,P3_strict_interchangeability,L4_transport,UDP,The backend uses UDP for network communication.,True
llama8b__L4_transport__5,llama8b,openrouter,meta-llama/llama-3.1-8b-instruct,P3_strict_interchangeability,L4_transport,SCTP,The backend uses SCTP for network communication.,True
llama8b__L4_transport__5,llama8b,openrouter,meta-llama/llama-3.1-8b-instruct,P3_strict_interchangeability,L4_transport,QUIC,The backend uses QUIC for network communication.,True
llama8b__L4_transport__6,llama8b,openrouter,meta-llama/llama-3.1-8b-instruct,P3_strict_interchangeability,L4_transport,TCP,We implement TCP for secure communication.,False
llama8b__L4_transport__6,llama8b,openrouter,meta-llama/llama-3.1-8b-instruct,P3_strict_interchangeability,L4_transport,UDP,We implement UDP for secure communication.,False
llama8b__L4_transport__6,llama8b,openrouter,meta-llama/llama-3.1-8b-instruct,P3_strict_interchangeability,L4_transport,SCTP,We implement SCTP for secure communication.,False
llama8b__L4_transport__6,llama8b,openrouter,meta-llama/llama-3.1-8b-instruct,P3_strict_interchangeability,L4_transport,QUIC,We implement QUIC for secure communication.,False
llama8b__L4_transport__7,llama8b,openrouter,meta-llama/llama-3.1-8b-instruct,P3_strict_interchangeability,L4_transport,TCP,The services use TCP for real-time data exchange.,False
llama8b__L4_transport__7,llama8b,openrouter,meta-llama/llama-3.1-8b-instruct,P3_strict_interchangeability,L4_transport,UDP,The services use UDP for real-time data exchange.,False
llama8b__L4_transport__7,llama8b,openrouter,meta-llama/llama-3.1-8b-instruct,P3_strict_interchangeability,L4_transport,SCTP,The services use SCTP for real-time data exchange.,False
llama8b__L4_transport__7,llama8b,openrouter,meta-llama/llama-3.1-8b-instruct,P3_strict_interchangeability,L4_transport,QUIC,The services use QUIC for real-time data exchange.,False
llama8b__L4_transport__8,llama8b,openrouter,meta-llama/llama-3.1-8b-instruct,P3_strict_interchangeability,L4_transport,TCP,Our nodes communicate with each other using TCP.,True
llama8b__L4_transport__8,llama8b,openrouter,meta-llama/llama-3.1-8b-instruct,P3_strict_interchangeability,L4_transport,UDP,Our nodes communicate with each other using UDP.,True
llama8b__L4_transport__8,llama8b,openrouter,meta-llama/llama-3.1-8b-instruct,P3_strict_interchangeability,L4_transport,SCTP,Our nodes communicate with each other using SCTP.,True
llama8b__L4_transport__8,llama8b,openrouter,meta-llama/llama-3.1-8b-instruct,P3_strict_interchangeability,L4_transport,QUIC,Our nodes communicate with each other using QUIC.,True
llama8b__L4_transport__9,llama8b,openrouter,meta-llama/llama-3.1-8b-instruct,P3_strict_interchangeability,L4_transport,TCP,The application uses TCP for efficient data transfer.,False
llama8b__L4_transport__9,llama8b,openrouter,meta-llama/llama-3.1-8b-instruct,P3_strict_interchangeability,L4_transport,UDP,The application uses UDP for efficient data transfer.,False
llama8b__L4_transport__9,llama8b,openrouter,meta-llama/llama-3.1-8b-instruct,P3_strict_interchangeability,L4_transport,SCTP,The application uses SCTP for efficient data transfer.,False
llama8b__L4_transport__9,llama8b,openrouter,meta-llama/llama-3.1-8b-instruct,P3_strict_interchangeability,L4_transport,QUIC,The application uses QUIC for efficient data transfer.,False
llama8b__L4_transport__10,llama8b,openrouter,meta-llama/llama-3.1-8b-instruct,P3_strict_interchangeability,L4_transport,TCP,Components use TCP for high-speed communication.,True
llama8b__L4_transport__10,llama8b,openrouter,meta-llama/llama-3.1-8b-instruct,P3_strict_interchangeability,L4_transport,UDP,Components use UDP for high-speed communication.,True
llama8b__L4_transport__10,llama8b,openrouter,meta-llama/llama-3.1-8b-instruct,P3_strict_interchangeability,L4_transport,SCTP,Components use SCTP for high-speed communication.,True
llama8b__L4_transport__10,llama8b,openrouter,meta-llama/llama-3.1-8b-instruct,P3_strict_interchangeability,L4_transport,QUIC,Components use QUIC for high-speed communication.,True
llama8b__L4_transport__11,llama8b,openrouter,meta-llama/llama-3.1-8b-instruct,P3_strict_interchangeability,L4_transport,TCP,The system integrates with TCP for seamless communication.,True
llama8b__L4_transport__11,llama8b,openrouter,meta-llama/llama-3.1-8b-instruct,P3_strict_interchangeability,L4_transport,UDP,The system integrates with UDP for seamless communication.,True
llama8b__L4_transport__11,llama8b,openrouter,meta-llama/llama-3.1-8b-instruct,P3_strict_interchangeability,L4_transport,SCTP,The system integrates with SCTP for seamless communication.,True
llama8b__L4_transport__11,llama8b,openrouter,meta-llama/llama-3.1-8b-instruct,P3_strict_interchangeability,L4_transport,QUIC,The system integrates with QUIC for seamless communication.,True
llama8b__L4_transport__12,llama8b,openrouter,meta-llama/llama-3.1-8b-instruct,P3_strict_interchangeability,L4_transport,TCP,Our team uses TCP for reliable data exchange.,False
llama8b__L4_transport__12,llama8b,openrouter,meta-llama/llama-3.1-8b-instruct,P3_strict_interchangeability,L4_transport,UDP,Our team uses UDP for reliable data exchange.,False
llama8b__L4_transport__12,llama8b,openrouter,meta-llama/llama-3.1-8b-instruct,P3_strict_interchangeability,L4_transport,SCTP,Our team uses SCTP for reliable data exchange.,False
llama8b__L4_transport__12,llama8b,openrouter,meta-llama/llama-3.1-8b-instruct,P3_strict_interchangeability,L4_transport,QUIC,Our team uses QUIC for reliable data exchange.,False
llama8b__L4_transport__13,llama8b,openrouter,meta-llama/llama-3.1-8b-instruct,P3_strict_interchangeability,L4_transport,TCP,The services communicate using TCP for scalability.,False
llama8b__L4_transport__13,llama8b,openrouter,meta-llama/llama-3.1-8b-instruct,P3_strict_interchangeability,L4_transport,UDP,The services communicate using UDP for scalability.,False
llama8b__L4_transport__13,llama8b,openrouter,meta-llama/llama-3.1-8b-instruct,P3_strict_interchangeability,L4_transport,SCTP,The services communicate using SCTP for scalability.,False
llama8b__L4_transport__13,llama8b,openrouter,meta-llama/llama-3.1-8b-instruct,P3_strict_interchangeability,L4_transport,QUIC,The services communicate using QUIC for scalability.,False
llama8b__L4_transport__14,llama8b,openrouter,meta-llama/llama-3.1-8b-instruct,P3_strict_interchangeability,L4_transport,TCP,We implement TCP for secure and reliable communication.,False
llama8b__L4_transport__14,llama8b,openrouter,meta-llama/llama-3.1-8b-instruct,P3_strict_interchangeability,L4_transport,UDP,We implement UDP for secure and reliable communication.,False
llama8b__L4_transport__14,llama8b,openrouter,meta-llama/llama-3.1-8b-instruct,P3_strict_interchangeability,L4_transport,SCTP,We implement SCTP for secure and reliable communication.,False
llama8b__L4_transport__14,llama8b,openrouter,meta-llama/llama-3.1-8b-instruct,P3_strict_interchangeability,L4_transport,QUIC,We implement QUIC for secure and reliable communication.,False
llama8b__L4_transport__15,llama8b,openrouter,meta-llama/llama-3.1-8b-instruct,P3_strict_interchangeability,L4_transport,TCP,The backend uses TCP for fast data exchange.,True
llama8b__L4_transport__15,llama8b,openrouter,meta-llama/llama-3.1-8b-instruct,P3_strict_interchangeability,L4_transport,UDP,The backend uses UDP for fast data exchange.,True
llama8b__L4_transport__15,llama8b,openrouter,meta-llama/llama-3.1-8b-instruct,P3_strict_interchangeability,L4_transport,SCTP,The backend uses SCTP for fast data exchange.,True
llama8b__L4_transport__15,llama8b,openrouter,meta-llama/llama-3.1-8b-instruct,P3_strict_interchangeability,L4_transport,QUIC,The backend uses QUIC for fast data exchange.,True
llama8b__L4_transport__16,llama8b,openrouter,meta-llama/llama-3.1-8b-instruct,P3_strict_interchangeability,L4_transport,TCP,Components rely on TCP for efficient communication.,False
llama8b__L4_transport__16,llama8b,openrouter,meta-llama/llama-3.1-8b-instruct,P3_strict_interchangeability,L4_transport,UDP,Components rely on UDP for efficient communication.,False
llama8b__L4_transport__16,llama8b,openrouter,meta-llama/llama-3.1-8b-instruct,P3_strict_interchangeability,L4_transport,SCTP,Components rely on SCTP for efficient communication.,False
llama8b__L4_transport__16,llama8b,openrouter,meta-llama/llama-3.1-8b-instruct,P3_strict_interchangeability,L4_transport,QUIC,Components rely on QUIC for efficient communication.,False
llama8b__L4_transport__17,llama8b,openrouter,meta-llama/llama-3.1-8b-instruct,P3_strict_interchangeability,L4_transport,TCP,The application uses TCP for real-time data transfer.,False
llama8b__L4_transport__17,llama8b,openrouter,meta-llama/llama-3.1-8b-instruct,P3_strict_interchangeability,L4_transport,UDP,The application uses UDP for real-time data transfer.,False
llama8b__L4_transport__17,llama8b,openrouter,meta-llama/llama-3.1-8b-instruct,P3_strict_interchangeability,L4_transport,SCTP,The application uses SCTP for real-time data transfer.,False
llama8b__L4_transport__17,llama8b,openrouter,meta-llama/llama-3.1-8b-instruct,P3_strict_interchangeability,L4_transport,QUIC,The application uses QUIC for real-time data transfer.,False
llama8b__L4_transport__18,llama8b,openrouter,meta-llama/llama-3.1-8b-instruct,P3_strict_interchangeability,L4_transport,TCP,Our nodes use TCP for high-speed data exchange.,True
llama8b__L4_transport__18,llama8b,openrouter,meta-llama/llama-3.1-8b-instruct,P3_strict_interchangeability,L4_transport,UDP,Our nodes use UDP for high-speed data exchange.,True
llama8b__L4_transport__18,llama8b,openrouter,meta-llama/llama-3.1-8b-instruct,P3_strict_interchangeability,L4_transport,SCTP,Our nodes use SCTP for high-speed data exchange.,True
llama8b__L4_transport__18,llama8b,openrouter,meta-llama/llama-3.1-8b-instruct,P3_strict_interchangeability,L4_transport,QUIC,Our nodes use QUIC for high-speed data exchange.,True
llama8b__L4_transport__19,llama8b,openrouter,meta-llama/llama-3.1-8b-instruct,P3_strict_interchangeability,L4_transport,TCP,The system integrates TCP for efficient communication.,False
llama8b__L4_transport__19,llama8b,openrouter,meta-llama/llama-3.1-8b-instruct,P3_strict_interchangeability,L4_transport,UDP,The system integrates UDP for efficient communication.,False
llama8b__L4_transport__19,llama8b,openrouter,meta-llama/llama-3.1-8b-instruct,P3_strict_interchangeability,L4_transport,SCTP,The system integrates SCTP for efficient communication.,False
llama8b__L4_transport__19,llama8b,openrouter,meta-llama/llama-3.1-8b-instruct,P3_strict_interchangeability,L4_transport,QUIC,The system integrates QUIC for efficient communication.,False
llama8b__L4_transport__20,llama8b,openrouter,meta-llama/llama-3.1-8b-instruct,P3_strict_interchangeability,L4_transport,TCP,The services use TCP for secure and reliable communication.,False
llama8b__L4_transport__20,llama8b,openrouter,meta-llama/llama-3.1-8b-instruct,P3_strict_interchangeability,L4_transport,UDP,The services use UDP for secure and reliable communication.,False
llama8b__L4_transport__20,llama8b,openrouter,meta-llama/llama-3.1-8b-instruct,P3_strict_interchangeability,L4_transport,SCTP,The services use SCTP for secure and reliable communication.,False
llama8b__L4_transport__20,llama8b,openrouter,meta-llama/llama-3.1-8b-instruct,P3_strict_interchangeability,L4_transport,QUIC,The services use QUIC for secure and reliable communication.,False
llama8b__L4_transport__21,llama8b,openrouter,meta-llama/llama-3.1-8b-instruct,P3_strict_interchangeability,L4_transport,TCP,We implement TCP for high-speed data transfer.,True
llama8b__L4_transport__21,llama8b,openrouter,meta-llama/llama-3.1-8b-instruct,P3_strict_interchangeability,L4_transport,UDP,We implement UDP for high-speed data transfer.,True
llama8b__L4_transport__21,llama8b,openrouter,meta-llama/llama-3.1-8b-instruct,P3_strict_interchangeability,L4_transport,SCTP,We implement SCTP for high-speed data transfer.,True
llama8b__L4_transport__21,llama8b,openrouter,meta-llama/llama-3.1-8b-instruct,P3_strict_interchangeability,L4_transport,QUIC,We implement QUIC for high-speed data transfer.,True
llama8b__L4_transport__22,llama8b,openrouter,meta-llama/llama-3.1-8b-instruct,P3_strict_interchangeability,L4_transport,TCP,The backend uses TCP for efficient data exchange.,False
llama8b__L4_transport__22,llama8b,openrouter,meta-llama/llama-3.1-8b-instruct,P3_strict_interchangeability,L4_transport,UDP,The backend uses UDP for efficient data exchange.,False
llama8b__L4_transport__22,llama8b,openrouter,meta-llama/llama-3.1-8b-instruct,P3_strict_interchangeability,L4_transport,SCTP,The backend uses SCTP for efficient data exchange.,False
llama8b__L4_transport__22,llama8b,openrouter,meta-llama/llama-3.1-8b-instruct,P3_strict_interchangeability,L4_transport,QUIC,The backend uses QUIC for efficient data exchange.,False
llama8b__L4_transport__23,llama8b,openrouter,meta-llama/llama-3.1-8b-instruct,P3_strict_interchangeability,L4_transport,TCP,Components use TCP for real-time data communication.,False
llama8b__L4_transport__23,llama8b,openrouter,meta-llama/llama-3.1-8b-instruct,P3_strict_interchangeability,L4_transport,UDP,Components use UDP for real-time data communication.,False
llama8b__L4_transport__23,llama8b,openrouter,meta-llama/llama-3.1-8b-instruct,P3_strict_interchangeability,L4_transport,SCTP,Components use SCTP for real-time data communication.,False
llama8b__L4_transport__23,llama8b,openrouter,meta-llama/llama-3.1-8b-instruct,P3_strict_interchangeability,L4_transport,QUIC,Components use QUIC for real-time data communication.,False
llama8b__L4_transport__24,llama8b,openrouter,meta-llama/llama-3.1-8b-instruct,P3_strict_interchangeability,L4_transport,TCP,The application integrates TCP for seamless communication.,True
llama8b__L4_transport__24,llama8b,openrouter,meta-llama/llama-3.1-8b-instruct,P3_strict_interchangeability,L4_transport,UDP,The application integrates UDP for seamless communication.,True
llama8b__L4_transport__24,llama8b,openrouter,meta-llama/llama-3.1-8b-instruct,P3_strict_interchangeability,L4_transport,SCTP,The application integrates SCTP for seamless communication.,True
llama8b__L4_transport__24,llama8b,openrouter,meta-llama/llama-3.1-8b-instruct,P3_strict_interchangeability,L4_transport,QUIC,The application integrates QUIC for seamless communication.,True
llama8b__L4_transport__25,llama8b,openrouter,meta-llama/llama-3.1-8b-instruct,P3_strict_interchangeability,L4_transport,TCP,Our team uses TCP for reliable data communication.,False
llama8b__L4_transport__25,llama8b,openrouter,meta-llama/llama-3.1-8b-instruct,P3_strict_interchangeability,L4_transport,UDP,Our team uses UDP for reliable data communication.,False
llama8b__L4_transport__25,llama8b,openrouter,meta-llama/llama-3.1-8b-instruct,P3_strict_interchangeability,L4_transport,SCTP,Our team uses SCTP for reliable data communication.,False
llama8b__L4_transport__25,llama8b,openrouter,meta-llama/llama-3.1-8b-instruct,P3_strict_interchangeability,L4_transport,QUIC,Our team uses QUIC for reliable data communication.,False
llama8b__L5_session__1,llama8b,openrouter,meta-llama/llama-3.1-8b-instruct,P3_strict_interchangeability,L5_session,NFS,The system relies on NFS for communication.,True
llama8b__L5_session__1,llama8b,openrouter,meta-llama/llama-3.1-8b-instruct,P3_strict_interchangeability,L5_session,SMB,The system relies on SMB for communication.,True
llama8b__L5_session__1,llama8b,openrouter,meta-llama/llama-3.1-8b-instruct,P3_strict_interchangeability,L5_session,NetBios,The system relies on NetBios for communication.,True
llama8b__L5_session__1,llama8b,openrouter,meta-llama/llama-3.1-8b-instruct,P3_strict_interchangeability,L5_session,RPC,The system relies on RPC for communication.,True
llama8b__L5_session__2,llama8b,openrouter,meta-llama/llama-3.1-8b-instruct,P3_strict_interchangeability,L5_session,NFS,The application connects through NFS to the server.,True
llama8b__L5_session__2,llama8b,openrouter,meta-llama/llama-3.1-8b-instruct,P3_strict_interchangeability,L5_session,SMB,The application connects through SMB to the server.,True
llama8b__L5_session__2,llama8b,openrouter,meta-llama/llama-3.1-8b-instruct,P3_strict_interchangeability,L5_session,NetBios,The application connects through NetBios to the server.,True
llama8b__L5_session__2,llama8b,openrouter,meta-llama/llama-3.1-8b-instruct,P3_strict_interchangeability,L5_session,RPC,The application connects through RPC to the server.,True
llama8b__L5_session__3,llama8b,openrouter,meta-llama/llama-3.1-8b-instruct,P3_strict_interchangeability,L5_session,NFS,The team uses NFS for the project.,True
llama8b__L5_session__3,llama8b,openrouter,meta-llama/llama-3.1-8b-instruct,P3_strict_interchangeability,L5_session,SMB,The team uses SMB for the project.,True
llama8b__L5_session__3,llama8b,openrouter,meta-llama/llama-3.1-8b-instruct,P3_strict_interchangeability,L5_session,NetBios,The team uses NetBios for the project.,True
llama8b__L5_session__3,llama8b,openrouter,meta-llama/llama-3.1-8b-instruct,P3_strict_interchangeability,L5_session,RPC,The team uses RPC for the project.,True
llama8b__L5_session__4,llama8b,openrouter,meta-llama/llama-3.1-8b-instruct,P3_strict_interchangeability,L5_session,NFS,The service uses NFS for data exchange.,True
llama8b__L5_session__4,llama8b,openrouter,meta-llama/llama-3.1-8b-instruct,P3_strict_interchangeability,L5_session,SMB,The service uses SMB for data exchange.,True
llama8b__L5_session__4,llama8b,openrouter,meta-llama/llama-3.1-8b-instruct,P3_strict_interchangeability,L5_session,NetBios,The service uses NetBios for data exchange.,True
llama8b__L5_session__4,llama8b,openrouter,meta-llama/llama-3.1-8b-instruct,P3_strict_interchangeability,L5_session,RPC,The service uses RPC for data exchange.,True
llama8b__L5_session__5,llama8b,openrouter,meta-llama/llama-3.1-8b-instruct,P3_strict_interchangeability,L5_session,NFS,The components rely on NFS for synchronization.,True
llama8b__L5_session__5,llama8b,openrouter,meta-llama/llama-3.1-8b-instruct,P3_strict_interchangeability,L5_session,SMB,The components rely on SMB for synchronization.,True
llama8b__L5_session__5,llama8b,openrouter,meta-llama/llama-3.1-8b-instruct,P3_strict_interchangeability,L5_session,NetBios,The components rely on NetBios for synchronization.,True
llama8b__L5_session__5,llama8b,openrouter,meta-llama/llama-3.1-8b-instruct,P3_strict_interchangeability,L5_session,RPC,The components rely on RPC for synchronization.,True
llama8b__L5_session__6,llama8b,openrouter,meta-llama/llama-3.1-8b-instruct,P3_strict_interchangeability,L5_session,NFS,The machines use NFS for remote access.,True
llama8b__L5_session__6,llama8b,openrouter,meta-llama/llama-3.1-8b-instruct,P3_strict_interchangeability,L5_session,SMB,The machines use SMB for remote access.,True
llama8b__L5_session__6,llama8b,openrouter,meta-llama/llama-3.1-8b-instruct,P3_strict_interchangeability,L5_session,NetBios,The machines use NetBios for remote access.,True
llama8b__L5_session__6,llama8b,openrouter,meta-llama/llama-3.1-8b-instruct,P3_strict_interchangeability,L5_session,RPC,The machines use RPC for remote access.,True
llama8b__L5_session__7,llama8b,openrouter,meta-llama/llama-3.1-8b-instruct,P3_strict_interchangeability,L5_session,NFS,The system uses NFS for authentication.,True
llama8b__L5_session__7,llama8b,openrouter,meta-llama/llama-3.1-8b-instruct,P3_strict_interchangeability,L5_session,SMB,The system uses SMB for authentication.,True
llama8b__L5_session__7,llama8b,openrouter,meta-llama/llama-3.1-8b-instruct,P3_strict_interchangeability,L5_session,NetBios,The system uses NetBios for authentication.,True
llama8b__L5_session__7,llama8b,openrouter,meta-llama/llama-3.1-8b-instruct,P3_strict_interchangeability,L5_session,RPC,The system uses RPC for authentication.,True
llama8b__L5_session__8,llama8b,openrouter,meta-llama/llama-3.1-8b-instruct,P3_strict_interchangeability,L5_session,NFS,The team connects through NFS for collaboration.,True
llama8b__L5_session__8,llama8b,openrouter,meta-llama/llama-3.1-8b-instruct,P3_strict_interchangeability,L5_session,SMB,The team connects through SMB for collaboration.,True
llama8b__L5_session__8,llama8b,openrouter,meta-llama/llama-3.1-8b-instruct,P3_strict_interchangeability,L5_session,NetBios,The team connects through NetBios for collaboration.,True
llama8b__L5_session__8,llama8b,openrouter,meta-llama/llama-3.1-8b-instruct,P3_strict_interchangeability,L5_session,RPC,The team connects through RPC for collaboration.,True
llama8b__L5_session__9,llama8b,openrouter,meta-llama/llama-3.1-8b-instruct,P3_strict_interchangeability,L5_session,NFS,The application relies on NFS for real-time updates.,False
llama8b__L5_session__9,llama8b,openrouter,meta-llama/llama-3.1-8b-instruct,P3_strict_interchangeability,L5_session,SMB,The application relies on SMB for real-time updates.,False
llama8b__L5_session__9,llama8b,openrouter,meta-llama/llama-3.1-8b-instruct,P3_strict_interchangeability,L5_session,NetBios,The application relies on NetBios for real-time updates.,False
llama8b__L5_session__9,llama8b,openrouter,meta-llama/llama-3.1-8b-instruct,P3_strict_interchangeability,L5_session,RPC,The application relies on RPC for real-time updates.,False
llama8b__L5_session__10,llama8b,openrouter,meta-llama/llama-3.1-8b-instruct,P3_strict_interchangeability,L5_session,NFS,The service uses NFS for load balancing.,True
llama8b__L5_session__10,llama8b,openrouter,meta-llama/llama-3.1-8b-instruct,P3_strict_interchangeability,L5_session,SMB,The service uses SMB for load balancing.,True
llama8b__L5_session__10,llama8b,openrouter,meta-llama/llama-3.1-8b-instruct,P3_strict_interchangeability,L5_session,NetBios,The service uses NetBios for load balancing.,True
llama8b__L5_session__10,llama8b,openrouter,meta-llama/llama-3.1-8b-instruct,P3_strict_interchangeability,L5_session,RPC,The service uses RPC for load balancing.,True
llama8b__L5_session__11,llama8b,openrouter,meta-llama/llama-3.1-8b-instruct,P3_strict_interchangeability,L5_session,NFS,The components connect through NFS for data transfer.,True
llama8b__L5_session__11,llama8b,openrouter,meta-llama/llama-3.1-8b-instruct,P3_strict_interchangeability,L5_session,SMB,The components connect through SMB for data transfer.,True
llama8b__L5_session__11,llama8b,openrouter,meta-llama/llama-3.1-8b-instruct,P3_strict_interchangeability,L5_session,NetBios,The components connect through NetBios for data transfer.,True
llama8b__L5_session__11,llama8b,openrouter,meta-llama/llama-3.1-8b-instruct,P3_strict_interchangeability,L5_session,RPC,The components connect through RPC for data transfer.,True
llama8b__L5_session__12,llama8b,openrouter,meta-llama/llama-3.1-8b-instruct,P3_strict_interchangeability,L5_session,NFS,The machines use NFS for secure communication.,False
llama8b__L5_session__12,llama8b,openrouter,meta-llama/llama-3.1-8b-instruct,P3_strict_interchangeability,L5_session,SMB,The machines use SMB for secure communication.,False
llama8b__L5_session__12,llama8b,openrouter,meta-llama/llama-3.1-8b-instruct,P3_strict_interchangeability,L5_session,NetBios,The machines use NetBios for secure communication.,False
llama8b__L5_session__12,llama8b,openrouter,meta-llama/llama-3.1-8b-instruct,P3_strict_interchangeability,L5_session,RPC,The machines use RPC for secure communication.,False
llama8b__L5_session__13,llama8b,openrouter,meta-llama/llama-3.1-8b-instruct,P3_strict_interchangeability,L5_session,NFS,The system relies on NFS for data consistency.,True
llama8b__L5_session__13,llama8b,openrouter,meta-llama/llama-3.1-8b-instruct,P3_strict_interchangeability,L5_session,SMB,The system relies on SMB for data consistency.,True
llama8b__L5_session__13,llama8b,openrouter,meta-llama/llama-3.1-8b-instruct,P3_strict_interchangeability,L5_session,NetBios,The system relies on NetBios for data consistency.,True
llama8b__L5_session__13,llama8b,openrouter,meta-llama/llama-3.1-8b-instruct,P3_strict_interchangeability,L5_session,RPC,The system relies on RPC for data consistency.,True
llama8b__L5_session__14,llama8b,openrouter,meta-llama/llama-3.1-8b-instruct,P3_strict_interchangeability,L5_session,NFS,The team uses NFS for project management.,True
llama8b__L5_session__14,llama8b,openrouter,meta-llama/llama-3.1-8b-instruct,P3_strict_interchangeability,L5_session,SMB,The team uses SMB for project management.,True
llama8b__L5_session__14,llama8b,openrouter,meta-llama/llama-3.1-8b-instruct,P3_strict_interchangeability,L5_session,NetBios,The team uses NetBios for project management.,True
llama8b__L5_session__14,llama8b,openrouter,meta-llama/llama-3.1-8b-instruct,P3_strict_interchangeability,L5_session,RPC,The team uses RPC for project management.,True
llama8b__L5_session__15,llama8b,openrouter,meta-llama/llama-3.1-8b-instruct,P3_strict_interchangeability,L5_session,NFS,The application uses NFS for user authentication.,True
llama8b__L5_session__15,llama8b,openrouter,meta-llama/llama-3.1-8b-instruct,P3_strict_interchangeability,L5_session,SMB,The application uses SMB for user authentication.,True
llama8b__L5_session__15,llama8b,openrouter,meta-llama/llama-3.1-8b-instruct,P3_strict_interchangeability,L5_session,NetBios,The application uses NetBios for user authentication.,True
llama8b__L5_session__15,llama8b,openrouter,meta-llama/llama-3.1-8b-instruct,P3_strict_interchangeability,L5_session,RPC,The application uses RPC for user authentication.,True
llama8b__L5_session__16,llama8b,openrouter,meta-llama/llama-3.1-8b-instruct,P3_strict_interchangeability,L5_session,NFS,The service connects through NFS for API integration.,True
llama8b__L5_session__16,llama8b,openrouter,meta-llama/llama-3.1-8b-instruct,P3_strict_interchangeability,L5_session,SMB,The service connects through SMB for API integration.,True
llama8b__L5_session__16,llama8b,openrouter,meta-llama/llama-3.1-8b-instruct,P3_strict_interchangeability,L5_session,NetBios,The service connects through NetBios for API integration.,True
llama8b__L5_session__16,llama8b,openrouter,meta-llama/llama-3.1-8b-instruct,P3_strict_interchangeability,L5_session,RPC,The service connects through RPC for API integration.,True
llama8b__L5_session__17,llama8b,openrouter,meta-llama/llama-3.1-8b-instruct,P3_strict_interchangeability,L5_session,NFS,The components rely on NFS for distributed processing.,True
llama8b__L5_session__17,llama8b,openrouter,meta-llama/llama-3.1-8b-instruct,P3_strict_interchangeability,L5_session,SMB,The components rely on SMB for distributed processing.,True
llama8b__L5_session__17,llama8b,openrouter,meta-llama/llama-3.1-8b-instruct,P3_strict_interchangeability,L5_session,NetBios,The components rely on NetBios for distributed processing.,True
llama8b__L5_session__17,llama8b,openrouter,meta-llama/llama-3.1-8b-instruct,P3_strict_interchangeability,L5_session,RPC,The components rely on RPC for distributed processing.,True
llama8b__L5_session__18,llama8b,openrouter,meta-llama/llama-3.1-8b-instruct,P3_strict_interchangeability,L5_session,NFS,The machines use NFS for high availability.,False
llama8b__L5_session__18,llama8b,openrouter,meta-llama/llama-3.1-8b-instruct,P3_strict_interchangeability,L5_session,SMB,The machines use SMB for high availability.,False
llama8b__L5_session__18,llama8b,openrouter,meta-llama/llama-3.1-8b-instruct,P3_strict_interchangeability,L5_session,NetBios,The machines use NetBios for high availability.,False
llama8b__L5_session__18,llama8b,openrouter,meta-llama/llama-3.1-8b-instruct,P3_strict_interchangeability,L5_session,RPC,The machines use RPC for high availability.,False
llama8b__L5_session__19,llama8b,openrouter,meta-llama/llama-3.1-8b-instruct,P3_strict_interchangeability,L5_session,NFS,The system uses NFS for enterprise integration.,True
llama8b__L5_session__19,llama8b,openrouter,meta-llama/llama-3.1-8b-instruct,P3_strict_interchangeability,L5_session,SMB,The system uses SMB for enterprise integration.,True
llama8b__L5_session__19,llama8b,openrouter,meta-llama/llama-3.1-8b-instruct,P3_strict_interchangeability,L5_session,NetBios,The system uses NetBios for enterprise integration.,True
llama8b__L5_session__19,llama8b,openrouter,meta-llama/llama-3.1-8b-instruct,P3_strict_interchangeability,L5_session,RPC,The system uses RPC for enterprise integration.,True
llama8b__L5_session__20,llama8b,openrouter,meta-llama/llama-3.1-8b-instruct,P3_strict_interchangeability,L5_session,NFS,The team relies on NFS for collaboration and communication.,True
llama8b__L5_session__20,llama8b,openrouter,meta-llama/llama-3.1-8b-instruct,P3_strict_interchangeability,L5_session,SMB,The team relies on SMB for collaboration and communication.,True
llama8b__L5_session__20,llama8b,openrouter,meta-llama/llama-3.1-8b-instruct,P3_strict_interchangeability,L5_session,NetBios,The team relies on NetBios for collaboration and communication.,True
llama8b__L5_session__20,llama8b,openrouter,meta-llama/llama-3.1-8b-instruct,P3_strict_interchangeability,L5_session,RPC,The team relies on RPC for collaboration and communication.,True
llama8b__L5_session__21,llama8b,openrouter,meta-llama/llama-3.1-8b-instruct,P3_strict_interchangeability,L5_session,NFS,The application uses NFS for cloud-based deployment.,True
llama8b__L5_session__21,llama8b,openrouter,meta-llama/llama-3.1-8b-instruct,P3_strict_interchangeability,L5_session,SMB,The application uses SMB for cloud-based deployment.,True
llama8b__L5_session__21,llama8b,openrouter,meta-llama/llama-3.1-8b-instruct,P3_strict_interchangeability,L5_session,NetBios,The application uses NetBios for cloud-based deployment.,True
llama8b__L5_session__21,llama8b,openrouter,meta-llama/llama-3.1-8b-instruct,P3_strict_interchangeability,L5_session,RPC,The application uses RPC for cloud-based deployment.,True
llama8b__L5_session__22,llama8b,openrouter,meta-llama/llama-3.1-8b-instruct,P3_strict_interchangeability,L5_session,NFS,The service connects through NFS for real-time analytics.,False
llama8b__L5_session__22,llama8b,openrouter,meta-llama/llama-3.1-8b-instruct,P3_strict_interchangeability,L5_session,SMB,The service connects through SMB for real-time analytics.,False
llama8b__L5_session__22,llama8b,openrouter,meta-llama/llama-3.1-8b-instruct,P3_strict_interchangeability,L5_session,NetBios,The service connects through NetBios for real-time analytics.,False
llama8b__L5_session__22,llama8b,openrouter,meta-llama/llama-3.1-8b-instruct,P3_strict_interchangeability,L5_session,RPC,The service connects through RPC for real-time analytics.,False
llama8b__L5_session__23,llama8b,openrouter,meta-llama/llama-3.1-8b-instruct,P3_strict_interchangeability,L5_session,NFS,The components use NFS for secure data storage.,False
llama8b__L5_session__23,llama8b,openrouter,meta-llama/llama-3.1-8b-instruct,P3_strict_interchangeability,L5_session,SMB,The components use SMB for secure data storage.,False
llama8b__L5_session__23,llama8b,openrouter,meta-llama/llama-3.1-8b-instruct,P3_strict_interchangeability,L5_session,NetBios,The components use NetBios for secure data storage.,False
llama8b__L5_session__23,llama8b,openrouter,meta-llama/llama-3.1-8b-instruct,P3_strict_interchangeability,L5_session,RPC,The components use RPC for secure data storage.,False
llama8b__L5_session__24,llama8b,openrouter,meta-llama/llama-3.1-8b-instruct,P3_strict_interchangeability,L5_session,NFS,The machines rely on NFS for efficient processing.,False
llama8b__L5_session__24,llama8b,openrouter,meta-llama/llama-3.1-8b-instruct,P3_strict_interchangeability,L5_session,SMB,The machines rely on SMB for efficient processing.,False
llama8b__L5_session__24,llama8b,openrouter,meta-llama/llama-3.1-8b-instruct,P3_strict_interchangeability,L5_session,NetBios,The machines rely on NetBios for efficient processing.,False
llama8b__L5_session__24,llama8b,openrouter,meta-llama/llama-3.1-8b-instruct,P3_strict_interchangeability,L5_session,RPC,The machines rely on RPC for efficient processing.,False
llama8b__L5_session__25,llama8b,openrouter,meta-llama/llama-3.1-8b-instruct,P3_strict_interchangeability,L5_session,NFS,The system uses NFS for scalable infrastructure.,False
llama8b__L5_session__25,llama8b,openrouter,meta-llama/llama-3.1-8b-instruct,P3_strict_interchangeability,L5_session,SMB,The system uses SMB for scalable infrastructure.,False
llama8b__L5_session__25,llama8b,openrouter,meta-llama/llama-3.1-8b-instruct,P3_strict_interchangeability,L5_session,NetBios,The system uses NetBios for scalable infrastructure.,False
llama8b__L5_session__25,llama8b,openrouter,meta-llama/llama-3.1-8b-instruct,P3_strict_interchangeability,L5_session,RPC,The system uses RPC for scalable infrastructure.,False
llama8b__L6_presentation__1,llama8b,openrouter,meta-llama/llama-3.1-8b-instruct,P3_strict_interchangeability,L6_presentation,SSL/TLS,The team uses SSL/TLS for the project.,True
llama8b__L6_presentation__1,llama8b,openrouter,meta-llama/llama-3.1-8b-instruct,P3_strict_interchangeability,L6_presentation,JPEG,The team uses JPEG for the project.,True
llama8b__L6_presentation__1,llama8b,openrouter,meta-llama/llama-3.1-8b-instruct,P3_strict_interchangeability,L6_presentation,MPEG,The team uses MPEG for the project.,True
llama8b__L6_presentation__1,llama8b,openrouter,meta-llama/llama-3.1-8b-instruct,P3_strict_interchangeability,L6_presentation,ASCII,The team uses ASCII for the project.,True
llama8b__L6_presentation__2,llama8b,openrouter,meta-llama/llama-3.1-8b-instruct,P3_strict_interchangeability,L6_presentation,SSL/TLS,The application employs SSL/TLS for data encoding.,True
llama8b__L6_presentation__2,llama8b,openrouter,meta-llama/llama-3.1-8b-instruct,P3_strict_interchangeability,L6_presentation,JPEG,The application employs JPEG for data encoding.,True
llama8b__L6_presentation__2,llama8b,openrouter,meta-llama/llama-3.1-8b-instruct,P3_strict_interchangeability,L6_presentation,MPEG,The application employs MPEG for data encoding.,True
llama8b__L6_presentation__2,llama8b,openrouter,meta-llama/llama-3.1-8b-instruct,P3_strict_interchangeability,L6_presentation,ASCII,The application employs ASCII for data encoding.,True
llama8b__L6_presentation__3,llama8b,openrouter,meta-llama/llama-3.1-8b-instruct,P3_strict_interchangeability,L6_presentation,SSL/TLS,The company relies on SSL/TLS for content formatting.,True
llama8b__L6_presentation__3,llama8b,openrouter,meta-llama/llama-3.1-8b-instruct,P3_strict_interchangeability,L6_presentation,JPEG,The company relies on JPEG for content formatting.,True
llama8b__L6_presentation__3,llama8b,openrouter,meta-llama/llama-3.1-8b-instruct,P3_strict_interchangeability,L6_presentation,MPEG,The company relies on MPEG for content formatting.,True
llama8b__L6_presentation__3,llama8b,openrouter,meta-llama/llama-3.1-8b-instruct,P3_strict_interchangeability,L6_presentation,ASCII,The company relies on ASCII for content formatting.,True
llama8b__L6_presentation__4,llama8b,openrouter,meta-llama/llama-3.1-8b-instruct,P3_strict_interchangeability,L6_presentation,SSL/TLS,The service utilizes SSL/TLS for data presentation.,True
llama8b__L6_presentation__4,llama8b,openrouter,meta-llama/llama-3.1-8b-instruct,P3_strict_interchangeability,L6_presentation,JPEG,The service utilizes JPEG for data presentation.,True
llama8b__L6_presentation__4,llama8b,openrouter,meta-llama/llama-3.1-8b-instruct,P3_strict_interchangeability,L6_presentation,MPEG,The service utilizes MPEG for data presentation.,True
llama8b__L6_presentation__4,llama8b,openrouter,meta-llama/llama-3.1-8b-instruct,P3_strict_interchangeability,L6_presentation,ASCII,The service utilizes ASCII for data presentation.,True
llama8b__L6_presentation__5,llama8b,openrouter,meta-llama/llama-3.1-8b-instruct,P3_strict_interchangeability,L6_presentation,SSL/TLS,The data is rendered using SSL/TLS format.,True
llama8b__L6_presentation__5,llama8b,openrouter,meta-llama/llama-3.1-8b-instruct,P3_strict_interchangeability,L6_presentation,JPEG,The data is rendered using JPEG format.,True
llama8b__L6_presentation__5,llama8b,openrouter,meta-llama/llama-3.1-8b-instruct,P3_strict_interchangeability,L6_presentation,MPEG,The data is rendered using MPEG format.,True
llama8b__L6_presentation__5,llama8b,openrouter,meta-llama/llama-3.1-8b-instruct,P3_strict_interchangeability,L6_presentation,ASCII,The data is rendered using ASCII format.,True
llama8b__L6_presentation__6,llama8b,openrouter,meta-llama/llama-3.1-8b-instruct,P3_strict_interchangeability,L6_presentation,SSL/TLS,The team prefers SSL/TLS for data representation.,True
llama8b__L6_presentation__6,llama8b,openrouter,meta-llama/llama-3.1-8b-instruct,P3_strict_interchangeability,L6_presentation,JPEG,The team prefers JPEG for data representation.,True
llama8b__L6_presentation__6,llama8b,openrouter,meta-llama/llama-3.1-8b-instruct,P3_strict_interchangeability,L6_presentation,MPEG,The team prefers MPEG for data representation.,True
llama8b__L6_presentation__6,llama8b,openrouter,meta-llama/llama-3.1-8b-instruct,P3_strict_interchangeability,L6_presentation,ASCII,The team prefers ASCII for data representation.,True
llama8b__L6_presentation__7,llama8b,openrouter,meta-llama/llama-3.1-8b-instruct,P3_strict_interchangeability,L6_presentation,SSL/TLS,The system integrates SSL/TLS for data handling.,True
llama8b__L6_presentation__7,llama8b,openrouter,meta-llama/llama-3.1-8b-instruct,P3_strict_interchangeability,L6_presentation,JPEG,The system integrates JPEG for data handling.,True
llama8b__L6_presentation__7,llama8b,openrouter,meta-llama/llama-3.1-8b-instruct,P3_strict_interchangeability,L6_presentation,MPEG,The system integrates MPEG for data handling.,True
llama8b__L6_presentation__7,llama8b,openrouter,meta-llama/llama-3.1-8b-instruct,P3_strict_interchangeability,L6_presentation,ASCII,The system integrates ASCII for data handling.,True
llama8b__L6_presentation__8,llama8b,openrouter,meta-llama/llama-3.1-8b-instruct,P3_strict_interchangeability,L6_presentation,SSL/TLS,The application uses SSL/TLS for data conversion.,True
llama8b__L6_presentation__8,llama8b,openrouter,meta-llama/llama-3.1-8b-instruct,P3_strict_interchangeability,L6_presentation,JPEG,The application uses JPEG for data conversion.,True
llama8b__L6_presentation__8,llama8b,openrouter,meta-llama/llama-3.1-8b-instruct,P3_strict_interchangeability,L6_presentation,MPEG,The application uses MPEG for data conversion.,True
llama8b__L6_presentation__8,llama8b,openrouter,meta-llama/llama-3.1-8b-instruct,P3_strict_interchangeability,L6_presentation,ASCII,The application uses ASCII for data conversion.,True
llama8b__L6_presentation__9,llama8b,openrouter,meta-llama/llama-3.1-8b-instruct,P3_strict_interchangeability,L6_presentation,SSL/TLS,The data is processed with SSL/TLS encoding.,True
llama8b__L6_presentation__9,llama8b,openrouter,meta-llama/llama-3.1-8b-instruct,P3_strict_interchangeability,L6_presentation,JPEG,The data is processed with JPEG encoding.,True
llama8b__L6_presentation__9,llama8b,openrouter,meta-llama/llama-3.1-8b-instruct,P3_strict_interchangeability,L6_presentation,MPEG,The data is processed with MPEG encoding.,True
llama8b__L6_presentation__9,llama8b,openrouter,meta-llama/llama-3.1-8b-instruct,P3_strict_interchangeability,L6_presentation,ASCII,The data is processed with ASCII encoding.,True
llama8b__L6_presentation__10,llama8b,openrouter,meta-llama/llama-3.1-8b-instruct,P3_strict_interchangeability,L6_presentation,SSL/TLS,The service handles data with SSL/TLS formatting.,True
llama8b__L6_presentation__10,llama8b,openrouter,meta-llama/llama-3.1-8b-instruct,P3_strict_interchangeability,L6_presentation,JPEG,The service handles data with JPEG formatting.,True
llama8b__L6_presentation__10,llama8b,openrouter,meta-llama/llama-3.1-8b-instruct,P3_strict_interchangeability,L6_presentation,MPEG,The service handles data with MPEG formatting.,True
llama8b__L6_presentation__10,llama8b,openrouter,meta-llama/llama-3.1-8b-instruct,P3_strict_interchangeability,L6_presentation,ASCII,The service handles data with ASCII formatting.,True
llama8b__L6_presentation__11,llama8b,openrouter,meta-llama/llama-3.1-8b-instruct,P3_strict_interchangeability,L6_presentation,SSL/TLS,The team relies on SSL/TLS for data transformation.,True
llama8b__L6_presentation__11,llama8b,openrouter,meta-llama/llama-3.1-8b-instruct,P3_strict_interchangeability,L6_presentation,JPEG,The team relies on JPEG for data transformation.,True
llama8b__L6_presentation__11,llama8b,openrouter,meta-llama/llama-3.1-8b-instruct,P3_strict_interchangeability,L6_presentation,MPEG,The team relies on MPEG for data transformation.,True
llama8b__L6_presentation__11,llama8b,openrouter,meta-llama/llama-3.1-8b-instruct,P3_strict_interchangeability,L6_presentation,ASCII,The team relies on ASCII for data transformation.,True
llama8b__L6_presentation__12,llama8b,openrouter,meta-llama/llama-3.1-8b-instruct,P3_strict_interchangeability,L6_presentation,SSL/TLS,The system utilizes SSL/TLS for data formatting.,True
llama8b__L6_presentation__12,llama8b,openrouter,meta-llama/llama-3.1-8b-instruct,P3_strict_interchangeability,L6_presentation,JPEG,The system utilizes JPEG for data formatting.,True
llama8b__L6_presentation__12,llama8b,openrouter,meta-llama/llama-3.1-8b-instruct,P3_strict_interchangeability,L6_presentation,MPEG,The system utilizes MPEG for data formatting.,True
llama8b__L6_presentation__12,llama8b,openrouter,meta-llama/llama-3.1-8b-instruct,P3_strict_interchangeability,L6_presentation,ASCII,The system utilizes ASCII for data formatting.,True
llama8b__L6_presentation__13,llama8b,openrouter,meta-llama/llama-3.1-8b-instruct,P3_strict_interchangeability,L6_presentation,SSL/TLS,The data is presented using SSL/TLS style.,True
llama8b__L6_presentation__13,llama8b,openrouter,meta-llama/llama-3.1-8b-instruct,P3_strict_interchangeability,L6_presentation,JPEG,The data is presented using JPEG style.,True
llama8b__L6_presentation__13,llama8b,openrouter,meta-llama/llama-3.1-8b-instruct,P3_strict_interchangeability,L6_presentation,MPEG,The data is presented using MPEG style.,True
llama8b__L6_presentation__13,llama8b,openrouter,meta-llama/llama-3.1-8b-instruct,P3_strict_interchangeability,L6_presentation,ASCII,The data is presented using ASCII style.,True
llama8b__L6_presentation__14,llama8b,openrouter,meta-llama/llama-3.1-8b-instruct,P3_strict_interchangeability,L6_presentation,SSL/TLS,The application employs SSL/TLS for data structure.,True
llama8b__L6_presentation__14,llama8b,openrouter,meta-llama/llama-3.1-8b-instruct,P3_strict_interchangeability,L6_presentation,JPEG,The application employs JPEG for data structure.,True
llama8b__L6_presentation__14,llama8b,openrouter,meta-llama/llama-3.1-8b-instruct,P3_strict_interchangeability,L6_presentation,MPEG,The application employs MPEG for data structure.,True
llama8b__L6_presentation__14,llama8b,openrouter,meta-llama/llama-3.1-8b-instruct,P3_strict_interchangeability,L6_presentation,ASCII,The application employs ASCII for data structure.,True
llama8b__L6_presentation__15,llama8b,openrouter,meta-llama/llama-3.1-8b-instruct,P3_strict_interchangeability,L6_presentation,SSL/TLS,The service uses SSL/TLS for data rendering.,True
llama8b__L6_presentation__15,llama8b,openrouter,meta-llama/llama-3.1-8b-instruct,P3_strict_interchangeability,L6_presentation,JPEG,The service uses JPEG for data rendering.,True
llama8b__L6_presentation__15,llama8b,openrouter,meta-llama/llama-3.1-8b-instruct,P3_strict_interchangeability,L6_presentation,MPEG,The service uses MPEG for data rendering.,True
llama8b__L6_presentation__15,llama8b,openrouter,meta-llama/llama-3.1-8b-instruct,P3_strict_interchangeability,L6_presentation,ASCII,The service uses ASCII for data rendering.,True
llama8b__L6_presentation__16,llama8b,openrouter,meta-llama/llama-3.1-8b-instruct,P3_strict_interchangeability,L6_presentation,SSL/TLS,The company relies on SSL/TLS for data visualization.,True
llama8b__L6_presentation__16,llama8b,openrouter,meta-llama/llama-3.1-8b-instruct,P3_strict_interchangeability,L6_presentation,JPEG,The company relies on JPEG for data visualization.,True
llama8b__L6_presentation__16,llama8b,openrouter,meta-llama/llama-3.1-8b-instruct,P3_strict_interchangeability,L6_presentation,MPEG,The company relies on MPEG for data visualization.,True
llama8b__L6_presentation__16,llama8b,openrouter,meta-llama/llama-3.1-8b-instruct,P3_strict_interchangeability,L6_presentation,ASCII,The company relies on ASCII for data visualization.,True
llama8b__L6_presentation__17,llama8b,openrouter,meta-llama/llama-3.1-8b-instruct,P3_strict_interchangeability,L6_presentation,SSL/TLS,The team uses SSL/TLS for data presentation optimization.,True
llama8b__L6_presentation__17,llama8b,openrouter,meta-llama/llama-3.1-8b-instruct,P3_strict_interchangeability,L6_presentation,JPEG,The team uses JPEG for data presentation optimization.,True
llama8b__L6_presentation__17,llama8b,openrouter,meta-llama/llama-3.1-8b-instruct,P3_strict_interchangeability,L6_presentation,MPEG,The team uses MPEG for data presentation optimization.,True
llama8b__L6_presentation__17,llama8b,openrouter,meta-llama/llama-3.1-8b-instruct,P3_strict_interchangeability,L6_presentation,ASCII,The team uses ASCII for data presentation optimization.,True
llama8b__L6_presentation__18,llama8b,openrouter,meta-llama/llama-3.1-8b-instruct,P3_strict_interchangeability,L6_presentation,SSL/TLS,The system integrates SSL/TLS for data processing.,True
llama8b__L6_presentation__18,llama8b,openrouter,meta-llama/llama-3.1-8b-instruct,P3_strict_interchangeability,L6_presentation,JPEG,The system integrates JPEG for data processing.,True
llama8b__L6_presentation__18,llama8b,openrouter,meta-llama/llama-3.1-8b-instruct,P3_strict_interchangeability,L6_presentation,MPEG,The system integrates MPEG for data processing.,True
llama8b__L6_presentation__18,llama8b,openrouter,meta-llama/llama-3.1-8b-instruct,P3_strict_interchangeability,L6_presentation,ASCII,The system integrates ASCII for data processing.,True
llama8b__L6_presentation__19,llama8b,openrouter,meta-llama/llama-3.1-8b-instruct,P3_strict_interchangeability,L6_presentation,SSL/TLS,The application uses SSL/TLS for data encoding standards.,True
llama8b__L6_presentation__19,llama8b,openrouter,meta-llama/llama-3.1-8b-instruct,P3_strict_interchangeability,L6_presentation,JPEG,The application uses JPEG for data encoding standards.,True
llama8b__L6_presentation__19,llama8b,openrouter,meta-llama/llama-3.1-8b-instruct,P3_strict_interchangeability,L6_presentation,MPEG,The application uses MPEG for data encoding standards.,True
llama8b__L6_presentation__19,llama8b,openrouter,meta-llama/llama-3.1-8b-instruct,P3_strict_interchangeability,L6_presentation,ASCII,The application uses ASCII for data encoding standards.,True
llama8b__L6_presentation__20,llama8b,openrouter,meta-llama/llama-3.1-8b-instruct,P3_strict_interchangeability,L6_presentation,SSL/TLS,The data is formatted with SSL/TLS syntax.,True
llama8b__L6_presentation__20,llama8b,openrouter,meta-llama/llama-3.1-8b-instruct,P3_strict_interchangeability,L6_presentation,JPEG,The data is formatted with JPEG syntax.,True
llama8b__L6_presentation__20,llama8b,openrouter,meta-llama/llama-3.1-8b-instruct,P3_strict_interchangeability,L6_presentation,MPEG,The data is formatted with MPEG syntax.,True
llama8b__L6_presentation__20,llama8b,openrouter,meta-llama/llama-3.1-8b-instruct,P3_strict_interchangeability,L6_presentation,ASCII,The data is formatted with ASCII syntax.,True
llama8b__L6_presentation__21,llama8b,openrouter,meta-llama/llama-3.1-8b-instruct,P3_strict_interchangeability,L6_presentation,SSL/TLS,The service handles data using SSL/TLS protocols.,True
llama8b__L6_presentation__21,llama8b,openrouter,meta-llama/llama-3.1-8b-instruct,P3_strict_interchangeability,L6_presentation,JPEG,The service handles data using JPEG protocols.,True
llama8b__L6_presentation__21,llama8b,openrouter,meta-llama/llama-3.1-8b-instruct,P3_strict_interchangeability,L6_presentation,MPEG,The service handles data using MPEG protocols.,True
llama8b__L6_presentation__21,llama8b,openrouter,meta-llama/llama-3.1-8b-instruct,P3_strict_interchangeability,L6_presentation,ASCII,The service handles data using ASCII protocols.,True
llama8b__L6_presentation__22,llama8b,openrouter,meta-llama/llama-3.1-8b-instruct,P3_strict_interchangeability,L6_presentation,SSL/TLS,The team uses SSL/TLS for data compression.,True
llama8b__L6_presentation__22,llama8b,openrouter,meta-llama/llama-3.1-8b-instruct,P3_strict_interchangeability,L6_presentation,JPEG,The team uses JPEG for data compression.,True
llama8b__L6_presentation__22,llama8b,openrouter,meta-llama/llama-3.1-8b-instruct,P3_strict_interchangeability,L6_presentation,MPEG,The team uses MPEG for data compression.,True
llama8b__L6_presentation__22,llama8b,openrouter,meta-llama/llama-3.1-8b-instruct,P3_strict_interchangeability,L6_presentation,ASCII,The team uses ASCII for data compression.,True
llama8b__L6_presentation__23,llama8b,openrouter,meta-llama/llama-3.1-8b-instruct,P3_strict_interchangeability,L6_presentation,SSL/TLS,The system relies on SSL/TLS for data exchange.,True
llama8b__L6_presentation__23,llama8b,openrouter,meta-llama/llama-3.1-8b-instruct,P3_strict_interchangeability,L6_presentation,JPEG,The system relies on JPEG for data exchange.,True
llama8b__L6_presentation__23,llama8b,openrouter,meta-llama/llama-3.1-8b-instruct,P3_strict_interchangeability,L6_presentation,MPEG,The system relies on MPEG for data exchange.,True
llama8b__L6_presentation__23,llama8b,openrouter,meta-llama/llama-3.1-8b-instruct,P3_strict_interchangeability,L6_presentation,ASCII,The system relies on ASCII for data exchange.,True
llama8b__L6_presentation__24,llama8b,openrouter,meta-llama/llama-3.1-8b-instruct,P3_strict_interchangeability,L6_presentation,SSL/TLS,The application integrates SSL/TLS for data representation.,True
llama8b__L6_presentation__24,llama8b,openrouter,meta-llama/llama-3.1-8b-instruct,P3_strict_interchangeability,L6_presentation,JPEG,The application integrates JPEG for data representation.,True
llama8b__L6_presentation__24,llama8b,openrouter,meta-llama/llama-3.1-8b-instruct,P3_strict_interchangeability,L6_presentation,MPEG,The application integrates MPEG for data representation.,True
llama8b__L6_presentation__24,llama8b,openrouter,meta-llama/llama-3.1-8b-instruct,P3_strict_interchangeability,L6_presentation,ASCII,The application integrates ASCII for data representation.,True
llama8b__L6_presentation__25,llama8b,openrouter,meta-llama/llama-3.1-8b-instruct,P3_strict_interchangeability,L6_presentation,SSL/TLS,The data is processed with SSL/TLS encoding algorithms.,True
llama8b__L6_presentation__25,llama8b,openrouter,meta-llama/llama-3.1-8b-instruct,P3_strict_interchangeability,L6_presentation,JPEG,The data is processed with JPEG encoding algorithms.,True
llama8b__L6_presentation__25,llama8b,openrouter,meta-llama/llama-3.1-8b-instruct,P3_strict_interchangeability,L6_presentation,MPEG,The data is processed with MPEG encoding algorithms.,True
llama8b__L6_presentation__25,llama8b,openrouter,meta-llama/llama-3.1-8b-instruct,P3_strict_interchangeability,L6_presentation,ASCII,The data is processed with ASCII encoding algorithms.,True
llama8b__L7_application__1,llama8b,openrouter,meta-llama/llama-3.1-8b-instruct,P3_strict_interchangeability,L7_application,HTTP,The service communicates using HTTP.,True
llama8b__L7_application__1,llama8b,openrouter,meta-llama/llama-3.1-8b-instruct,P3_strict_interchangeability,L7_application,FTP,The service communicates using FTP.,True
llama8b__L7_application__1,llama8b,openrouter,meta-llama/llama-3.1-8b-instruct,P3_strict_interchangeability,L7_application,DNS,The service communicates using DNS.,True
llama8b__L7_application__1,llama8b,openrouter,meta-llama/llama-3.1-8b-instruct,P3_strict_interchangeability,L7_application,SMTP,The service communicates using SMTP.,True
llama8b__L7_application__2,llama8b,openrouter,meta-llama/llama-3.1-8b-instruct,P3_strict_interchangeability,L7_application,HTTP,The application uses HTTP for network services.,True
llama8b__L7_application__2,llama8b,openrouter,meta-llama/llama-3.1-8b-instruct,P3_strict_interchangeability,L7_application,FTP,The application uses FTP for network services.,True
llama8b__L7_application__2,llama8b,openrouter,meta-llama/llama-3.1-8b-instruct,P3_strict_interchangeability,L7_application,DNS,The application uses DNS for network services.,True
llama8b__L7_application__2,llama8b,openrouter,meta-llama/llama-3.1-8b-instruct,P3_strict_interchangeability,L7_application,SMTP,The application uses SMTP for network services.,True
llama8b__L7_application__3,llama8b,openrouter,meta-llama/llama-3.1-8b-instruct,P3_strict_interchangeability,L7_application,HTTP,The client system uses HTTP for communication.,True
llama8b__L7_application__3,llama8b,openrouter,meta-llama/llama-3.1-8b-instruct,P3_strict_interchangeability,L7_application,FTP,The client system uses FTP for communication.,True
llama8b__L7_application__3,llama8b,openrouter,meta-llama/llama-3.1-8b-instruct,P3_strict_interchangeability,L7_application,DNS,The client system uses DNS for communication.,True
llama8b__L7_application__3,llama8b,openrouter,meta-llama/llama-3.1-8b-instruct,P3_strict_interchangeability,L7_application,SMTP,The client system uses SMTP for communication.,True
llama8b__L7_application__4,llama8b,openrouter,meta-llama/llama-3.1-8b-instruct,P3_strict_interchangeability,L7_application,HTTP,The team uses HTTP for application-layer communication.,True
llama8b__L7_application__4,llama8b,openrouter,meta-llama/llama-3.1-8b-instruct,P3_strict_interchangeability,L7_application,FTP,The team uses FTP for application-layer communication.,True
llama8b__L7_application__4,llama8b,openrouter,meta-llama/llama-3.1-8b-instruct,P3_strict_interchangeability,L7_application,DNS,The team uses DNS for application-layer communication.,True
llama8b__L7_application__4,llama8b,openrouter,meta-llama/llama-3.1-8b-instruct,P3_strict_interchangeability,L7_application,SMTP,The team uses SMTP for application-layer communication.,True
llama8b__L7_application__5,llama8b,openrouter,meta-llama/llama-3.1-8b-instruct,P3_strict_interchangeability,L7_application,HTTP,The backend service uses HTTP for network requests.,True
llama8b__L7_application__5,llama8b,openrouter,meta-llama/llama-3.1-8b-instruct,P3_strict_interchangeability,L7_application,FTP,The backend service uses FTP for network requests.,True
llama8b__L7_application__5,llama8b,openrouter,meta-llama/llama-3.1-8b-instruct,P3_strict_interchangeability,L7_application,DNS,The backend service uses DNS for network requests.,True
llama8b__L7_application__5,llama8b,openrouter,meta-llama/llama-3.1-8b-instruct,P3_strict_interchangeability,L7_application,SMTP,The backend service uses SMTP for network requests.,True
llama8b__L7_application__6,llama8b,openrouter,meta-llama/llama-3.1-8b-instruct,P3_strict_interchangeability,L7_application,HTTP,The system uses HTTP for service communication.,True
llama8b__L7_application__6,llama8b,openrouter,meta-llama/llama-3.1-8b-instruct,P3_strict_interchangeability,L7_application,FTP,The system uses FTP for service communication.,True
llama8b__L7_application__6,llama8b,openrouter,meta-llama/llama-3.1-8b-instruct,P3_strict_interchangeability,L7_application,DNS,The system uses DNS for service communication.,True
llama8b__L7_application__6,llama8b,openrouter,meta-llama/llama-3.1-8b-instruct,P3_strict_interchangeability,L7_application,SMTP,The system uses SMTP for service communication.,True
llama8b__L7_application__7,llama8b,openrouter,meta-llama/llama-3.1-8b-instruct,P3_strict_interchangeability,L7_application,HTTP,The components use HTTP for network communication.,True
llama8b__L7_application__7,llama8b,openrouter,meta-llama/llama-3.1-8b-instruct,P3_strict_interchangeability,L7_application,FTP,The components use FTP for network communication.,True
llama8b__L7_application__7,llama8b,openrouter,meta-llama/llama-3.1-8b-instruct,P3_strict_interchangeability,L7_application,DNS,The components use DNS for network communication.,True
llama8b__L7_application__7,llama8b,openrouter,meta-llama/llama-3.1-8b-instruct,P3_strict_interchangeability,L7_application,SMTP,The components use SMTP for network communication.,True
llama8b__L7_application__8,llama8b,openrouter,meta-llama/llama-3.1-8b-instruct,P3_strict_interchangeability,L7_application,HTTP,The service uses HTTP for data exchange.,True
llama8b__L7_application__8,llama8b,openrouter,meta-llama/llama-3.1-8b-instruct,P3_strict_interchangeability,L7_application,FTP,The service uses FTP for data exchange.,True
llama8b__L7_application__8,llama8b,openrouter,meta-llama/llama-3.1-8b-instruct,P3_strict_interchangeability,L7_application,DNS,The service uses DNS for data exchange.,True
llama8b__L7_application__8,llama8b,openrouter,meta-llama/llama-3.1-8b-instruct,P3_strict_interchangeability,L7_application,SMTP,The service uses SMTP for data exchange.,True
llama8b__L7_application__9,llama8b,openrouter,meta-llama/llama-3.1-8b-instruct,P3_strict_interchangeability,L7_application,HTTP,The system uses HTTP for client communication.,True
llama8b__L7_application__9,llama8b,openrouter,meta-llama/llama-3.1-8b-instruct,P3_strict_interchangeability,L7_application,FTP,The system uses FTP for client communication.,True
llama8b__L7_application__9,llama8b,openrouter,meta-llama/llama-3.1-8b-instruct,P3_strict_interchangeability,L7_application,DNS,The system uses DNS for client communication.,True
llama8b__L7_application__9,llama8b,openrouter,meta-llama/llama-3.1-8b-instruct,P3_strict_interchangeability,L7_application,SMTP,The system uses SMTP for client communication.,True
llama8b__L7_application__10,llama8b,openrouter,meta-llama/llama-3.1-8b-instruct,P3_strict_interchangeability,L7_application,HTTP,The application uses HTTP for service-oriented architecture.,True
llama8b__L7_application__10,llama8b,openrouter,meta-llama/llama-3.1-8b-instruct,P3_strict_interchangeability,L7_application,FTP,The application uses FTP for service-oriented architecture.,True
llama8b__L7_application__10,llama8b,openrouter,meta-llama/llama-3.1-8b-instruct,P3_strict_interchangeability,L7_application,DNS,The application uses DNS for service-oriented architecture.,True
llama8b__L7_application__10,llama8b,openrouter,meta-llama/llama-3.1-8b-instruct,P3_strict_interchangeability,L7_application,SMTP,The application uses SMTP for service-oriented architecture.,True
llama8b__L7_application__11,llama8b,openrouter,meta-llama/llama-3.1-8b-instruct,P3_strict_interchangeability,L7_application,HTTP,The client uses HTTP for network communication.,True
llama8b__L7_application__11,llama8b,openrouter,meta-llama/llama-3.1-8b-instruct,P3_strict_interchangeability,L7_application,FTP,The client uses FTP for network communication.,True
llama8b__L7_application__11,llama8b,openrouter,meta-llama/llama-3.1-8b-instruct,P3_strict_interchangeability,L7_application,DNS,The client uses DNS for network communication.,True
llama8b__L7_application__11,llama8b,openrouter,meta-llama/llama-3.1-8b-instruct,P3_strict_interchangeability,L7_application,SMTP,The client uses SMTP for network communication.,True
llama8b__L7_application__12,llama8b,openrouter,meta-llama/llama-3.1-8b-instruct,P3_strict_interchangeability,L7_application,HTTP,The system uses HTTP for application communication.,True
llama8b__L7_application__12,llama8b,openrouter,meta-llama/llama-3.1-8b-instruct,P3_strict_interchangeability,L7_application,FTP,The system uses FTP for application communication.,True
llama8b__L7_application__12,llama8b,openrouter,meta-llama/llama-3.1-8b-instruct,P3_strict_interchangeability,L7_application,DNS,The system uses DNS for application communication.,True
llama8b__L7_application__12,llama8b,openrouter,meta-llama/llama-3.1-8b-instruct,P3_strict_interchangeability,L7_application,SMTP,The system uses SMTP for application communication.,True
llama8b__L7_application__13,llama8b,openrouter,meta-llama/llama-3.1-8b-instruct,P3_strict_interchangeability,L7_application,HTTP,The backend uses HTTP for service communication.,True
llama8b__L7_application__13,llama8b,openrouter,meta-llama/llama-3.1-8b-instruct,P3_strict_interchangeability,L7_application,FTP,The backend uses FTP for service communication.,True
llama8b__L7_application__13,llama8b,openrouter,meta-llama/llama-3.1-8b-instruct,P3_strict_interchangeability,L7_application,DNS,The backend uses DNS for service communication.,True
llama8b__L7_application__13,llama8b,openrouter,meta-llama/llama-3.1-8b-instruct,P3_strict_interchangeability,L7_application,SMTP,The backend uses SMTP for service communication.,True
llama8b__L7_application__14,llama8b,openrouter,meta-llama/llama-3.1-8b-instruct,P3_strict_interchangeability,L7_application,HTTP,The service uses HTTP for network communication.,True
llama8b__L7_application__14,llama8b,openrouter,meta-llama/llama-3.1-8b-instruct,P3_strict_interchangeability,L7_application,FTP,The service uses FTP for network communication.,True
llama8b__L7_application__14,llama8b,openrouter,meta-llama/llama-3.1-8b-instruct,P3_strict_interchangeability,L7_application,DNS,The service uses DNS for network communication.,True
llama8b__L7_application__14,llama8b,openrouter,meta-llama/llama-3.1-8b-instruct,P3_strict_interchangeability,L7_application,SMTP,The service uses SMTP for network communication.,True
llama8b__L7_application__15,llama8b,openrouter,meta-llama/llama-3.1-8b-instruct,P3_strict_interchangeability,L7_application,HTTP,The team uses HTTP for service-layer communication.,True
llama8b__L7_application__15,llama8b,openrouter,meta-llama/llama-3.1-8b-instruct,P3_strict_interchangeability,L7_application,FTP,The team uses FTP for service-layer communication.,True
llama8b__L7_application__15,llama8b,openrouter,meta-llama/llama-3.1-8b-instruct,P3_strict_interchangeability,L7_application,DNS,The team uses DNS for service-layer communication.,True
llama8b__L7_application__15,llama8b,openrouter,meta-llama/llama-3.1-8b-instruct,P3_strict_interchangeability,L7_application,SMTP,The team uses SMTP for service-layer communication.,True
llama8b__L7_application__16,llama8b,openrouter,meta-llama/llama-3.1-8b-instruct,P3_strict_interchangeability,L7_application,HTTP,The application uses HTTP for service communication.,True
llama8b__L7_application__16,llama8b,openrouter,meta-llama/llama-3.1-8b-instruct,P3_strict_interchangeability,L7_application,FTP,The application uses FTP for service communication.,True
llama8b__L7_application__16,llama8b,openrouter,meta-llama/llama-3.1-8b-instruct,P3_strict_interchangeability,L7_application,DNS,The application uses DNS for service communication.,True
llama8b__L7_application__16,llama8b,openrouter,meta-llama/llama-3.1-8b-instruct,P3_strict_interchangeability,L7_application,SMTP,The application uses SMTP for service communication.,True
llama8b__L7_application__17,llama8b,openrouter,meta-llama/llama-3.1-8b-instruct,P3_strict_interchangeability,L7_application,HTTP,The client uses HTTP for application communication.,True
llama8b__L7_application__17,llama8b,openrouter,meta-llama/llama-3.1-8b-instruct,P3_strict_interchangeability,L7_application,FTP,The client uses FTP for application communication.,True
llama8b__L7_application__17,llama8b,openrouter,meta-llama/llama-3.1-8b-instruct,P3_strict_interchangeability,L7_application,DNS,The client uses DNS for application communication.,True
llama8b__L7_application__17,llama8b,openrouter,meta-llama/llama-3.1-8b-instruct,P3_strict_interchangeability,L7_application,SMTP,The client uses SMTP for application communication.,True
llama8b__L7_application__18,llama8b,openrouter,meta-llama/llama-3.1-8b-instruct,P3_strict_interchangeability,L7_application,HTTP,The system uses HTTP for backend communication.,True
llama8b__L7_application__18,llama8b,openrouter,meta-llama/llama-3.1-8b-instruct,P3_strict_interchangeability,L7_application,FTP,The system uses FTP for backend communication.,True
llama8b__L7_application__18,llama8b,openrouter,meta-llama/llama-3.1-8b-instruct,P3_strict_interchangeability,L7_application,DNS,The system uses DNS for backend communication.,True
llama8b__L7_application__18,llama8b,openrouter,meta-llama/llama-3.1-8b-instruct,P3_strict_interchangeability,L7_application,SMTP,The system uses SMTP for backend communication.,True
llama8b__L7_application__19,llama8b,openrouter,meta-llama/llama-3.1-8b-instruct,P3_strict_interchangeability,L7_application,HTTP,The components use HTTP for service communication.,True
llama8b__L7_application__19,llama8b,openrouter,meta-llama/llama-3.1-8b-instruct,P3_strict_interchangeability,L7_application,FTP,The components use FTP for service communication.,True
llama8b__L7_application__19,llama8b,openrouter,meta-llama/llama-3.1-8b-instruct,P3_strict_interchangeability,L7_application,DNS,The components use DNS for service communication.,True
llama8b__L7_application__19,llama8b,openrouter,meta-llama/llama-3.1-8b-instruct,P3_strict_interchangeability,L7_application,SMTP,The components use SMTP for service communication.,True
llama8b__L7_application__20,llama8b,openrouter,meta-llama/llama-3.1-8b-instruct,P3_strict_interchangeability,L7_application,HTTP,The service uses HTTP for client communication.,True
llama8b__L7_application__20,llama8b,openrouter,meta-llama/llama-3.1-8b-instruct,P3_strict_interchangeability,L7_application,FTP,The service uses FTP for client communication.,True
llama8b__L7_application__20,llama8b,openrouter,meta-llama/llama-3.1-8b-instruct,P3_strict_interchangeability,L7_application,DNS,The service uses DNS for client communication.,True
llama8b__L7_application__20,llama8b,openrouter,meta-llama/llama-3.1-8b-instruct,P3_strict_interchangeability,L7_application,SMTP,The service uses SMTP for client communication.,True
llama8b__L7_application__21,llama8b,openrouter,meta-llama/llama-3.1-8b-instruct,P3_strict_interchangeability,L7_application,HTTP,The backend uses HTTP for application communication.,True
llama8b__L7_application__21,llama8b,openrouter,meta-llama/llama-3.1-8b-instruct,P3_strict_interchangeability,L7_application,FTP,The backend uses FTP for application communication.,True
llama8b__L7_application__21,llama8b,openrouter,meta-llama/llama-3.1-8b-instruct,P3_strict_interchangeability,L7_application,DNS,The backend uses DNS for application communication.,True
llama8b__L7_application__21,llama8b,openrouter,meta-llama/llama-3.1-8b-instruct,P3_strict_interchangeability,L7_application,SMTP,The backend uses SMTP for application communication.,True
llama8b__L7_application__22,llama8b,openrouter,meta-llama/llama-3.1-8b-instruct,P3_strict_interchangeability,L7_application,HTTP,The application uses HTTP for service-oriented architecture.,True
llama8b__L7_application__22,llama8b,openrouter,meta-llama/llama-3.1-8b-instruct,P3_strict_interchangeability,L7_application,FTP,The application uses FTP for service-oriented architecture.,True
llama8b__L7_application__22,llama8b,openrouter,meta-llama/llama-3.1-8b-instruct,P3_strict_interchangeability,L7_application,DNS,The application uses DNS for service-oriented architecture.,True
llama8b__L7_application__22,llama8b,openrouter,meta-llama/llama-3.1-8b-instruct,P3_strict_interchangeability,L7_application,SMTP,The application uses SMTP for service-oriented architecture.,True
llama8b__L7_application__23,llama8b,openrouter,meta-llama/llama-3.1-8b-instruct,P3_strict_interchangeability,L7_application,HTTP,The system uses HTTP for network services.,True
llama8b__L7_application__23,llama8b,openrouter,meta-llama/llama-3.1-8b-instruct,P3_strict_interchangeability,L7_application,FTP,The system uses FTP for network services.,True
llama8b__L7_application__23,llama8b,openrouter,meta-llama/llama-3.1-8b-instruct,P3_strict_interchangeability,L7_application,DNS,The system uses DNS for network services.,True
llama8b__L7_application__23,llama8b,openrouter,meta-llama/llama-3.1-8b-instruct,P3_strict_interchangeability,L7_application,SMTP,The system uses SMTP for network services.,True
llama8b__L7_application__24,llama8b,openrouter,meta-llama/llama-3.1-8b-instruct,P3_strict_interchangeability,L7_application,HTTP,The team uses HTTP for service communication.,True
llama8b__L7_application__24,llama8b,openrouter,meta-llama/llama-3.1-8b-instruct,P3_strict_interchangeability,L7_application,FTP,The team uses FTP for service communication.,True
llama8b__L7_application__24,llama8b,openrouter,meta-llama/llama-3.1-8b-instruct,P3_strict_interchangeability,L7_application,DNS,The team uses DNS for service communication.,True
llama8b__L7_application__24,llama8b,openrouter,meta-llama/llama-3.1-8b-instruct,P3_strict_interchangeability,L7_application,SMTP,The team uses SMTP for service communication.,True
llama8b__L7_application__25,llama8b,openrouter,meta-llama/llama-3.1-8b-instruct,P3_strict_interchangeability,L7_application,HTTP,The service uses HTTP for application communication.,True
llama8b__L7_application__25,llama8b,openrouter,meta-llama/llama-3.1-8b-instruct,P3_strict_interchangeability,L7_application,FTP,The service uses FTP for application communication.,True
llama8b__L7_application__25,llama8b,openrouter,meta-llama/llama-3.1-8b-instruct,P3_strict_interchangeability,L7_application,DNS,The service uses DNS for application communication.,True
llama8b__L7_application__25,llama8b,openrouter,meta-llama/llama-3.1-8b-instruct,P3_strict_interchangeability,L7_application,SMTP,The service uses SMTP for application communication.,True
llama8b__X_language__1,llama8b,openrouter,meta-llama/llama-3.1-8b-instruct,P3_strict_interchangeability,X_language,Javascript,The team uses Javascript for the project.,True
llama8b__X_language__1,llama8b,openrouter,meta-llama/llama-3.1-8b-instruct,P3_strict_interchangeability,X_language,HTML/CSS,The team uses HTML/CSS for the project.,True
llama8b__X_language__1,llama8b,openrouter,meta-llama/llama-3.1-8b-instruct,P3_strict_interchangeability,X_language,SQL,The team uses SQL for the project.,True
llama8b__X_language__1,llama8b,openrouter,meta-llama/llama-3.1-8b-instruct,P3_strict_interchangeability,X_language,Python,The team uses Python for the project.,True
llama8b__X_language__1,llama8b,openrouter,meta-llama/llama-3.1-8b-instruct,P3_strict_interchangeability,X_language,Bash/Shell,The team uses Bash/Shell for the project.,True
llama8b__X_language__2,llama8b,openrouter,meta-llama/llama-3.1-8b-instruct,P3_strict_interchangeability,X_language,Javascript,The developers work with Javascript during development.,True
llama8b__X_language__2,llama8b,openrouter,meta-llama/llama-3.1-8b-instruct,P3_strict_interchangeability,X_language,HTML/CSS,The developers work with HTML/CSS during development.,True
llama8b__X_language__2,llama8b,openrouter,meta-llama/llama-3.1-8b-instruct,P3_strict_interchangeability,X_language,SQL,The developers work with SQL during development.,True
llama8b__X_language__2,llama8b,openrouter,meta-llama/llama-3.1-8b-instruct,P3_strict_interchangeability,X_language,Python,The developers work with Python during development.,True
llama8b__X_language__2,llama8b,openrouter,meta-llama/llama-3.1-8b-instruct,P3_strict_interchangeability,X_language,Bash/Shell,The developers work with Bash/Shell during development.,True
llama8b__X_language__3,llama8b,openrouter,meta-llama/llama-3.1-8b-instruct,P3_strict_interchangeability,X_language,Javascript,The project employs Javascript for development.,True
llama8b__X_language__3,llama8b,openrouter,meta-llama/llama-3.1-8b-instruct,P3_strict_interchangeability,X_language,HTML/CSS,The project employs HTML/CSS for development.,True
llama8b__X_language__3,llama8b,openrouter,meta-llama/llama-3.1-8b-instruct,P3_strict_interchangeability,X_language,SQL,The project employs SQL for development.,True
llama8b__X_language__3,llama8b,openrouter,meta-llama/llama-3.1-8b-instruct,P3_strict_interchangeability,X_language,Python,The project employs Python for development.,True
llama8b__X_language__3,llama8b,openrouter,meta-llama/llama-3.1-8b-instruct,P3_strict_interchangeability,X_language,Bash/Shell,The project employs Bash/Shell for development.,True
llama8b__X_language__4,llama8b,openrouter,meta-llama/llama-3.1-8b-instruct,P3_strict_interchangeability,X_language,Javascript,The engineers utilize Javascript in the codebase.,True
llama8b__X_language__4,llama8b,openrouter,meta-llama/llama-3.1-8b-instruct,P3_strict_interchangeability,X_language,HTML/CSS,The engineers utilize HTML/CSS in the codebase.,True
llama8b__X_language__4,llama8b,openrouter,meta-llama/llama-3.1-8b-instruct,P3_strict_interchangeability,X_language,SQL,The engineers utilize SQL in the codebase.,True
llama8b__X_language__4,llama8b,openrouter,meta-llama/llama-3.1-8b-instruct,P3_strict_interchangeability,X_language,Python,The engineers utilize Python in the codebase.,True
llama8b__X_language__4,llama8b,openrouter,meta-llama/llama-3.1-8b-instruct,P3_strict_interchangeability,X_language,Bash/Shell,The engineers utilize Bash/Shell in the codebase.,True
llama8b__X_language__5,llama8b,openrouter,meta-llama/llama-3.1-8b-instruct,P3_strict_interchangeability,X_language,Javascript,The project integrates Javascript into the software.,True
llama8b__X_language__5,llama8b,openrouter,meta-llama/llama-3.1-8b-instruct,P3_strict_interchangeability,X_language,HTML/CSS,The project integrates HTML/CSS into the software.,True
llama8b__X_language__5,llama8b,openrouter,meta-llama/llama-3.1-8b-instruct,P3_strict_interchangeability,X_language,SQL,The project integrates SQL into the software.,True
llama8b__X_language__5,llama8b,openrouter,meta-llama/llama-3.1-8b-instruct,P3_strict_interchangeability,X_language,Python,The project integrates Python into the software.,True
llama8b__X_language__5,llama8b,openrouter,meta-llama/llama-3.1-8b-instruct,P3_strict_interchangeability,X_language,Bash/Shell,The project integrates Bash/Shell into the software.,True
llama8b__X_language__6,llama8b,openrouter,meta-llama/llama-3.1-8b-instruct,P3_strict_interchangeability,X_language,Javascript,The team relies on Javascript for coding.,True
llama8b__X_language__6,llama8b,openrouter,meta-llama/llama-3.1-8b-instruct,P3_strict_interchangeability,X_language,HTML/CSS,The team relies on HTML/CSS for coding.,True
llama8b__X_language__6,llama8b,openrouter,meta-llama/llama-3.1-8b-instruct,P3_strict_interchangeability,X_language,SQL,The team relies on SQL for coding.,True
llama8b__X_language__6,llama8b,openrouter,meta-llama/llama-3.1-8b-instruct,P3_strict_interchangeability,X_language,Python,The team relies on Python for coding.,True
llama8b__X_language__6,llama8b,openrouter,meta-llama/llama-3.1-8b-instruct,P3_strict_interchangeability,X_language,Bash/Shell,The team relies on Bash/Shell for coding.,True
llama8b__X_language__7,llama8b,openrouter,meta-llama/llama-3.1-8b-instruct,P3_strict_interchangeability,X_language,Javascript,The developers implement Javascript in the project.,True
llama8b__X_language__7,llama8b,openrouter,meta-llama/llama-3.1-8b-instruct,P3_strict_interchangeability,X_language,HTML/CSS,The developers implement HTML/CSS in the project.,True
llama8b__X_language__7,llama8b,openrouter,meta-llama/llama-3.1-8b-instruct,P3_strict_interchangeability,X_language,SQL,The developers implement SQL in the project.,True
llama8b__X_language__7,llama8b,openrouter,meta-llama/llama-3.1-8b-instruct,P3_strict_interchangeability,X_language,Python,The developers implement Python in the project.,True
llama8b__X_language__7,llama8b,openrouter,meta-llama/llama-3.1-8b-instruct,P3_strict_interchangeability,X_language,Bash/Shell,The developers implement Bash/Shell in the project.,True
llama8b__X_language__8,llama8b,openrouter,meta-llama/llama-3.1-8b-instruct,P3_strict_interchangeability,X_language,Javascript,The software is written using Javascript.,True
llama8b__X_language__8,llama8b,openrouter,meta-llama/llama-3.1-8b-instruct,P3_strict_interchangeability,X_language,HTML/CSS,The software is written using HTML/CSS.,True
llama8b__X_language__8,llama8b,openrouter,meta-llama/llama-3.1-8b-instruct,P3_strict_interchangeability,X_language,SQL,The software is written using SQL.,True
llama8b__X_language__8,llama8b,openrouter,meta-llama/llama-3.1-8b-instruct,P3_strict_interchangeability,X_language,Python,The software is written using Python.,True
llama8b__X_language__8,llama8b,openrouter,meta-llama/llama-3.1-8b-instruct,P3_strict_interchangeability,X_language,Bash/Shell,The software is written using Bash/Shell.,True
llama8b__X_language__9,llama8b,openrouter,meta-llama/llama-3.1-8b-instruct,P3_strict_interchangeability,X_language,Javascript,The team leverages Javascript for development tasks.,True
llama8b__X_language__9,llama8b,openrouter,meta-llama/llama-3.1-8b-instruct,P3_strict_interchangeability,X_language,HTML/CSS,The team leverages HTML/CSS for development tasks.,True
llama8b__X_language__9,llama8b,openrouter,meta-llama/llama-3.1-8b-instruct,P3_strict_interchangeability,X_language,SQL,The team leverages SQL for development tasks.,True
llama8b__X_language__9,llama8b,openrouter,meta-llama/llama-3.1-8b-instruct,P3_strict_interchangeability,X_language,Python,The team leverages Python for development tasks.,True
llama8b__X_language__9,llama8b,openrouter,meta-llama/llama-3.1-8b-instruct,P3_strict_interchangeability,X_language,Bash/Shell,The team leverages Bash/Shell for development tasks.,True
llama8b__X_language__10,llama8b,openrouter,meta-llama/llama-3.1-8b-instruct,P3_strict_interchangeability,X_language,Javascript,The project builds with Javascript.,True
llama8b__X_language__10,llama8b,openrouter,meta-llama/llama-3.1-8b-instruct,P3_strict_interchangeability,X_language,HTML/CSS,The project builds with HTML/CSS.,True
llama8b__X_language__10,llama8b,openrouter,meta-llama/llama-3.1-8b-instruct,P3_strict_interchangeability,X_language,SQL,The project builds with SQL.,True
llama8b__X_language__10,llama8b,openrouter,meta-llama/llama-3.1-8b-instruct,P3_strict_interchangeability,X_language,Python,The project builds with Python.,True
llama8b__X_language__10,llama8b,openrouter,meta-llama/llama-3.1-8b-instruct,P3_strict_interchangeability,X_language,Bash/Shell,The project builds with Bash/Shell.,True
llama8b__X_language__11,llama8b,openrouter,meta-llama/llama-3.1-8b-instruct,P3_strict_interchangeability,X_language,Javascript,The engineers write Javascript for the project.,True
llama8b__X_language__11,llama8b,openrouter,meta-llama/llama-3.1-8b-instruct,P3_strict_interchangeability,X_language,HTML/CSS,The engineers write HTML/CSS for the project.,True
llama8b__X_language__11,llama8b,openrouter,meta-llama/llama-3.1-8b-instruct,P3_strict_interchangeability,X_language,SQL,The engineers write SQL for the project.,True
llama8b__X_language__11,llama8b,openrouter,meta-llama/llama-3.1-8b-instruct,P3_strict_interchangeability,X_language,Python,The engineers write Python for the project.,True
llama8b__X_language__11,llama8b,openrouter,meta-llama/llama-3.1-8b-instruct,P3_strict_interchangeability,X_language,Bash/Shell,The engineers write Bash/Shell for the project.,True
llama8b__X_language__12,llama8b,openrouter,meta-llama/llama-3.1-8b-instruct,P3_strict_interchangeability,X_language,Javascript,The team adopts Javascript for coding standards.,True
llama8b__X_language__12,llama8b,openrouter,meta-llama/llama-3.1-8b-instruct,P3_strict_interchangeability,X_language,HTML/CSS,The team adopts HTML/CSS for coding standards.,True
llama8b__X_language__12,llama8b,openrouter,meta-llama/llama-3.1-8b-instruct,P3_strict_interchangeability,X_language,SQL,The team adopts SQL for coding standards.,True
llama8b__X_language__12,llama8b,openrouter,meta-llama/llama-3.1-8b-instruct,P3_strict_interchangeability,X_language,Python,The team adopts Python for coding standards.,True
llama8b__X_language__12,llama8b,openrouter,meta-llama/llama-3.1-8b-instruct,P3_strict_interchangeability,X_language,Bash/Shell,The team adopts Bash/Shell for coding standards.,True
llama8b__X_language__13,llama8b,openrouter,meta-llama/llama-3.1-8b-instruct,P3_strict_interchangeability,X_language,Javascript,The software is built with Javascript.,True
llama8b__X_language__13,llama8b,openrouter,meta-llama/llama-3.1-8b-instruct,P3_strict_interchangeability,X_language,HTML/CSS,The software is built with HTML/CSS.,True
llama8b__X_language__13,llama8b,openrouter,meta-llama/llama-3.1-8b-instruct,P3_strict_interchangeability,X_language,SQL,The software is built with SQL.,True
llama8b__X_language__13,llama8b,openrouter,meta-llama/llama-3.1-8b-instruct,P3_strict_interchangeability,X_language,Python,The software is built with Python.,True
llama8b__X_language__13,llama8b,openrouter,meta-llama/llama-3.1-8b-instruct,P3_strict_interchangeability,X_language,Bash/Shell,The software is built with Bash/Shell.,True
llama8b__X_language__14,llama8b,openrouter,meta-llama/llama-3.1-8b-instruct,P3_strict_interchangeability,X_language,Javascript,The developers collaborate with Javascript on the project.,True
llama8b__X_language__14,llama8b,openrouter,meta-llama/llama-3.1-8b-instruct,P3_strict_interchangeability,X_language,HTML/CSS,The developers collaborate with HTML/CSS on the project.,True
llama8b__X_language__14,llama8b,openrouter,meta-llama/llama-3.1-8b-instruct,P3_strict_interchangeability,X_language,SQL,The developers collaborate with SQL on the project.,True
llama8b__X_language__14,llama8b,openrouter,meta-llama/llama-3.1-8b-instruct,P3_strict_interchangeability,X_language,Python,The developers collaborate with Python on the project.,True
llama8b__X_language__14,llama8b,openrouter,meta-llama/llama-3.1-8b-instruct,P3_strict_interchangeability,X_language,Bash/Shell,The developers collaborate with Bash/Shell on the project.,True
llama8b__X_language__15,llama8b,openrouter,meta-llama/llama-3.1-8b-instruct,P3_strict_interchangeability,X_language,Javascript,The project utilizes Javascript in its architecture.,True
llama8b__X_language__15,llama8b,openrouter,meta-llama/llama-3.1-8b-instruct,P3_strict_interchangeability,X_language,HTML/CSS,The project utilizes HTML/CSS in its architecture.,True
llama8b__X_language__15,llama8b,openrouter,meta-llama/llama-3.1-8b-instruct,P3_strict_interchangeability,X_language,SQL,The project utilizes SQL in its architecture.,True
llama8b__X_language__15,llama8b,openrouter,meta-llama/llama-3.1-8b-instruct,P3_strict_interchangeability,X_language,Python,The project utilizes Python in its architecture.,True
llama8b__X_language__15,llama8b,openrouter,meta-llama/llama-3.1-8b-instruct,P3_strict_interchangeability,X_language,Bash/Shell,The project utilizes Bash/Shell in its architecture.,True
llama8b__X_language__16,llama8b,openrouter,meta-llama/llama-3.1-8b-instruct,P3_strict_interchangeability,X_language,Javascript,The team utilizes Javascript in their workflow.,True
llama8b__X_language__16,llama8b,openrouter,meta-llama/llama-3.1-8b-instruct,P3_strict_interchangeability,X_language,HTML/CSS,The team utilizes HTML/CSS in their workflow.,True
llama8b__X_language__16,llama8b,openrouter,meta-llama/llama-3.1-8b-instruct,P3_strict_interchangeability,X_language,SQL,The team utilizes SQL in their workflow.,True
llama8b__X_language__16,llama8b,openrouter,meta-llama/llama-3.1-8b-instruct,P3_strict_interchangeability,X_language,Python,The team utilizes Python in their workflow.,True
llama8b__X_language__16,llama8b,openrouter,meta-llama/llama-3.1-8b-instruct,P3_strict_interchangeability,X_language,Bash/Shell,The team utilizes Bash/Shell in their workflow.,True
llama8b__X_language__17,llama8b,openrouter,meta-llama/llama-3.1-8b-instruct,P3_strict_interchangeability,X_language,Javascript,The engineers incorporate Javascript into the codebase.,True
llama8b__X_language__17,llama8b,openrouter,meta-llama/llama-3.1-8b-instruct,P3_strict_interchangeability,X_language,HTML/CSS,The engineers incorporate HTML/CSS into the codebase.,True
llama8b__X_language__17,llama8b,openrouter,meta-llama/llama-3.1-8b-instruct,P3_strict_interchangeability,X_language,SQL,The engineers incorporate SQL into the codebase.,True
llama8b__X_language__17,llama8b,openrouter,meta-llama/llama-3.1-8b-instruct,P3_strict_interchangeability,X_language,Python,The engineers incorporate Python into the codebase.,True
llama8b__X_language__17,llama8b,openrouter,meta-llama/llama-3.1-8b-instruct,P3_strict_interchangeability,X_language,Bash/Shell,The engineers incorporate Bash/Shell into the codebase.,True
llama8b__X_language__18,llama8b,openrouter,meta-llama/llama-3.1-8b-instruct,P3_strict_interchangeability,X_language,Javascript,The project uses Javascript for testing.,True
llama8b__X_language__18,llama8b,openrouter,meta-llama/llama-3.1-8b-instruct,P3_strict_interchangeability,X_language,HTML/CSS,The project uses HTML/CSS for testing.,True
llama8b__X_language__18,llama8b,openrouter,meta-llama/llama-3.1-8b-instruct,P3_strict_interchangeability,X_language,SQL,The project uses SQL for testing.,True
llama8b__X_language__18,llama8b,openrouter,meta-llama/llama-3.1-8b-instruct,P3_strict_interchangeability,X_language,Python,The project uses Python for testing.,True
llama8b__X_language__18,llama8b,openrouter,meta-llama/llama-3.1-8b-instruct,P3_strict_interchangeability,X_language,Bash/Shell,The project uses Bash/Shell for testing.,True
llama8b__X_language__19,llama8b,openrouter,meta-llama/llama-3.1-8b-instruct,P3_strict_interchangeability,X_language,Javascript,The team integrates Javascript into the development process.,True
llama8b__X_language__19,llama8b,openrouter,meta-llama/llama-3.1-8b-instruct,P3_strict_interchangeability,X_language,HTML/CSS,The team integrates HTML/CSS into the development process.,True
llama8b__X_language__19,llama8b,openrouter,meta-llama/llama-3.1-8b-instruct,P3_strict_interchangeability,X_language,SQL,The team integrates SQL into the development process.,True
llama8b__X_language__19,llama8b,openrouter,meta-llama/llama-3.1-8b-instruct,P3_strict_interchangeability,X_language,Python,The team integrates Python into the development process.,True
llama8b__X_language__19,llama8b,openrouter,meta-llama/llama-3.1-8b-instruct,P3_strict_interchangeability,X_language,Bash/Shell,The team integrates Bash/Shell into the development process.,True
llama8b__X_language__20,llama8b,openrouter,meta-llama/llama-3.1-8b-instruct,P3_strict_interchangeability,X_language,Javascript,The developers apply Javascript to the project.,True
llama8b__X_language__20,llama8b,openrouter,meta-llama/llama-3.1-8b-instruct,P3_strict_interchangeability,X_language,HTML/CSS,The developers apply HTML/CSS to the project.,True
llama8b__X_language__20,llama8b,openrouter,meta-llama/llama-3.1-8b-instruct,P3_strict_interchangeability,X_language,SQL,The developers apply SQL to the project.,True
llama8b__X_language__20,llama8b,openrouter,meta-llama/llama-3.1-8b-instruct,P3_strict_interchangeability,X_language,Python,The developers apply Python to the project.,True
llama8b__X_language__20,llama8b,openrouter,meta-llama/llama-3.1-8b-instruct,P3_strict_interchangeability,X_language,Bash/Shell,The developers apply Bash/Shell to the project.,True
llama8b__X_language__21,llama8b,openrouter,meta-llama/llama-3.1-8b-instruct,P3_strict_interchangeability,X_language,Javascript,The software is designed with Javascript.,True
llama8b__X_language__21,llama8b,openrouter,meta-llama/llama-3.1-8b-instruct,P3_strict_interchangeability,X_language,HTML/CSS,The software is designed with HTML/CSS.,True
llama8b__X_language__21,llama8b,openrouter,meta-llama/llama-3.1-8b-instruct,P3_strict_interchangeability,X_language,SQL,The software is designed with SQL.,True
llama8b__X_language__21,llama8b,openrouter,meta-llama/llama-3.1-8b-instruct,P3_strict_interchangeability,X_language,Python,The software is designed with Python.,True
llama8b__X_language__21,llama8b,openrouter,meta-llama/llama-3.1-8b-instruct,P3_strict_interchangeability,X_language,Bash/Shell,The software is designed with Bash/Shell.,True
llama8b__X_language__22,llama8b,openrouter,meta-llama/llama-3.1-8b-instruct,P3_strict_interchangeability,X_language,Javascript,The team works with Javascript on the project.,True
llama8b__X_language__22,llama8b,openrouter,meta-llama/llama-3.1-8b-instruct,P3_strict_interchangeability,X_language,HTML/CSS,The team works with HTML/CSS on the project.,True
llama8b__X_language__22,llama8b,openrouter,meta-llama/llama-3.1-8b-instruct,P3_strict_interchangeability,X_language,SQL,The team works with SQL on the project.,True
llama8b__X_language__22,llama8b,openrouter,meta-llama/llama-3.1-8b-instruct,P3_strict_interchangeability,X_language,Python,The team works with Python on the project.,True
llama8b__X_language__22,llama8b,openrouter,meta-llama/llama-3.1-8b-instruct,P3_strict_interchangeability,X_language,Bash/Shell,The team works with Bash/Shell on the project.,True
llama8b__X_language__23,llama8b,openrouter,meta-llama/llama-3.1-8b-instruct,P3_strict_interchangeability,X_language,Javascript,The project adopts Javascript as a standard.,True
llama8b__X_language__23,llama8b,openrouter,meta-llama/llama-3.1-8b-instruct,P3_strict_interchangeability,X_language,HTML/CSS,The project adopts HTML/CSS as a standard.,True
llama8b__X_language__23,llama8b,openrouter,meta-llama/llama-3.1-8b-instruct,P3_strict_interchangeability,X_language,SQL,The project adopts SQL as a standard.,True
llama8b__X_language__23,llama8b,openrouter,meta-llama/llama-3.1-8b-instruct,P3_strict_interchangeability,X_language,Python,The project adopts Python as a standard.,True
llama8b__X_language__23,llama8b,openrouter,meta-llama/llama-3.1-8b-instruct,P3_strict_interchangeability,X_language,Bash/Shell,The project adopts Bash/Shell as a standard.,True
llama8b__X_language__24,llama8b,openrouter,meta-llama/llama-3.1-8b-instruct,P3_strict_interchangeability,X_language,Javascript,The engineers develop Javascript for the project.,True
llama8b__X_language__24,llama8b,openrouter,meta-llama/llama-3.1-8b-instruct,P3_strict_interchangeability,X_language,HTML/CSS,The engineers develop HTML/CSS for the project.,True
llama8b__X_language__24,llama8b,openrouter,meta-llama/llama-3.1-8b-instruct,P3_strict_interchangeability,X_language,SQL,The engineers develop SQL for the project.,True
llama8b__X_language__24,llama8b,openrouter,meta-llama/llama-3.1-8b-instruct,P3_strict_interchangeability,X_language,Python,The engineers develop Python for the project.,True
llama8b__X_language__24,llama8b,openrouter,meta-llama/llama-3.1-8b-instruct,P3_strict_interchangeability,X_language,Bash/Shell,The engineers develop Bash/Shell for the project.,True
llama8b__X_language__25,llama8b,openrouter,meta-llama/llama-3.1-8b-instruct,P3_strict_interchangeability,X_language,Javascript,The team implements Javascript in the software.,True
llama8b__X_language__25,llama8b,openrouter,meta-llama/llama-3.1-8b-instruct,P3_strict_interchangeability,X_language,HTML/CSS,The team implements HTML/CSS in the software.,True
llama8b__X_language__25,llama8b,openrouter,meta-llama/llama-3.1-8b-instruct,P3_strict_interchangeability,X_language,SQL,The team implements SQL in the software.,True
llama8b__X_language__25,llama8b,openrouter,meta-llama/llama-3.1-8b-instruct,P3_strict_interchangeability,X_language,Python,The team implements Python in the software.,True
llama8b__X_language__25,llama8b,openrouter,meta-llama/llama-3.1-8b-instruct,P3_strict_interchangeability,X_language,Bash/Shell,The team implements Bash/Shell in the software.,True
llama8b__X_database__1,llama8b,openrouter,meta-llama/llama-3.1-8b-instruct,P3_strict_interchangeability,X_database,PostgresSQL,The application uses PostgresSQL for data storage.,True
llama8b__X_database__1,llama8b,openrouter,meta-llama/llama-3.1-8b-instruct,P3_strict_interchangeability,X_database,MySQL,The application uses MySQL for data storage.,True
llama8b__X_database__1,llama8b,openrouter,meta-llama/llama-3.1-8b-instruct,P3_strict_interchangeability,X_database,SQLite,The application uses SQLite for data storage.,True
llama8b__X_database__1,llama8b,openrouter,meta-llama/llama-3.1-8b-instruct,P3_strict_interchangeability,X_database,Microsoft SQL Server,The application uses Microsoft SQL Server for data storage.,True
llama8b__X_database__1,llama8b,openrouter,meta-llama/llama-3.1-8b-instruct,P3_strict_interchangeability,X_database,Redis,The application uses Redis for data storage.,True
llama8b__X_database__2,llama8b,openrouter,meta-llama/llama-3.1-8b-instruct,P3_strict_interchangeability,X_database,PostgresSQL,Developers rely on PostgresSQL for managing project data.,True
llama8b__X_database__2,llama8b,openrouter,meta-llama/llama-3.1-8b-instruct,P3_strict_interchangeability,X_database,MySQL,Developers rely on MySQL for managing project data.,True
llama8b__X_database__2,llama8b,openrouter,meta-llama/llama-3.1-8b-instruct,P3_strict_interchangeability,X_database,SQLite,Developers rely on SQLite for managing project data.,True
llama8b__X_database__2,llama8b,openrouter,meta-llama/llama-3.1-8b-instruct,P3_strict_interchangeability,X_database,Microsoft SQL Server,Developers rely on Microsoft SQL Server for managing project data.,True
llama8b__X_database__2,llama8b,openrouter,meta-llama/llama-3.1-8b-instruct,P3_strict_interchangeability,X_database,Redis,Developers rely on Redis for managing project data.,True
llama8b__X_database__3,llama8b,openrouter,meta-llama/llama-3.1-8b-instruct,P3_strict_interchangeability,X_database,PostgresSQL,The project stores its data using PostgresSQL.,True
llama8b__X_database__3,llama8b,openrouter,meta-llama/llama-3.1-8b-instruct,P3_strict_interchangeability,X_database,MySQL,The project stores its data using MySQL.,True
llama8b__X_database__3,llama8b,openrouter,meta-llama/llama-3.1-8b-instruct,P3_strict_interchangeability,X_database,SQLite,The project stores its data using SQLite.,True
llama8b__X_database__3,llama8b,openrouter,meta-llama/llama-3.1-8b-instruct,P3_strict_interchangeability,X_database,Microsoft SQL Server,The project stores its data using Microsoft SQL Server.,True
llama8b__X_database__3,llama8b,openrouter,meta-llama/llama-3.1-8b-instruct,P3_strict_interchangeability,X_database,Redis,The project stores its data using Redis.,True
llama8b__X_database__4,llama8b,openrouter,meta-llama/llama-3.1-8b-instruct,P3_strict_interchangeability,X_database,PostgresSQL,The system uses PostgresSQL for storing application data.,True
llama8b__X_database__4,llama8b,openrouter,meta-llama/llama-3.1-8b-instruct,P3_strict_interchangeability,X_database,MySQL,The system uses MySQL for storing application data.,True
llama8b__X_database__4,llama8b,openrouter,meta-llama/llama-3.1-8b-instruct,P3_strict_interchangeability,X_database,SQLite,The system uses SQLite for storing application data.,True
llama8b__X_database__4,llama8b,openrouter,meta-llama/llama-3.1-8b-instruct,P3_strict_interchangeability,X_database,Microsoft SQL Server,The system uses Microsoft SQL Server for storing application data.,True
llama8b__X_database__4,llama8b,openrouter,meta-llama/llama-3.1-8b-instruct,P3_strict_interchangeability,X_database,Redis,The system uses Redis for storing application data.,True
llama8b__X_database__5,llama8b,openrouter,meta-llama/llama-3.1-8b-instruct,P3_strict_interchangeability,X_database,PostgresSQL,The backend relies on PostgresSQL for data management.,True
llama8b__X_database__5,llama8b,openrouter,meta-llama/llama-3.1-8b-instruct,P3_strict_interchangeability,X_database,MySQL,The backend relies on MySQL for data management.,True
llama8b__X_database__5,llama8b,openrouter,meta-llama/llama-3.1-8b-instruct,P3_strict_interchangeability,X_database,SQLite,The backend relies on SQLite for data management.,True
llama8b__X_database__5,llama8b,openrouter,meta-llama/llama-3.1-8b-instruct,P3_strict_interchangeability,X_database,Microsoft SQL Server,The backend relies on Microsoft SQL Server for data management.,True
llama8b__X_database__5,llama8b,openrouter,meta-llama/llama-3.1-8b-instruct,P3_strict_interchangeability,X_database,Redis,The backend relies on Redis for data management.,True
llama8b__X_database__6,llama8b,openrouter,meta-llama/llama-3.1-8b-instruct,P3_strict_interchangeability,X_database,PostgresSQL,The team uses PostgresSQL as the project database.,True
llama8b__X_database__6,llama8b,openrouter,meta-llama/llama-3.1-8b-instruct,P3_strict_interchangeability,X_database,MySQL,The team uses MySQL as the project database.,True
llama8b__X_database__6,llama8b,openrouter,meta-llama/llama-3.1-8b-instruct,P3_strict_interchangeability,X_database,SQLite,The team uses SQLite as the project database.,True
llama8b__X_database__6,llama8b,openrouter,meta-llama/llama-3.1-8b-instruct,P3_strict_interchangeability,X_database,Microsoft SQL Server,The team uses Microsoft SQL Server as the project database.,True
llama8b__X_database__6,llama8b,openrouter,meta-llama/llama-3.1-8b-instruct,P3_strict_interchangeability,X_database,Redis,The team uses Redis as the project database.,True
llama8b__X_database__7,llama8b,openrouter,meta-llama/llama-3.1-8b-instruct,P3_strict_interchangeability,X_database,PostgresSQL,Engineers store application data in PostgresSQL.,True
llama8b__X_database__7,llama8b,openrouter,meta-llama/llama-3.1-8b-instruct,P3_strict_interchangeability,X_database,MySQL,Engineers store application data in MySQL.,True
llama8b__X_database__7,llama8b,openrouter,meta-llama/llama-3.1-8b-instruct,P3_strict_interchangeability,X_database,SQLite,Engineers store application data in SQLite.,True
llama8b__X_database__7,llama8b,openrouter,meta-llama/llama-3.1-8b-instruct,P3_strict_interchangeability,X_database,Microsoft SQL Server,Engineers store application data in Microsoft SQL Server.,True
llama8b__X_database__7,llama8b,openrouter,meta-llama/llama-3.1-8b-instruct,P3_strict_interchangeability,X_database,Redis,Engineers store application data in Redis.,True
llama8b__X_database__8,llama8b,openrouter,meta-llama/llama-3.1-8b-instruct,P3_strict_interchangeability,X_database,PostgresSQL,The service uses PostgresSQL for storing project data.,True
llama8b__X_database__8,llama8b,openrouter,meta-llama/llama-3.1-8b-instruct,P3_strict_interchangeability,X_database,MySQL,The service uses MySQL for storing project data.,True
llama8b__X_database__8,llama8b,openrouter,meta-llama/llama-3.1-8b-instruct,P3_strict_interchangeability,X_database,SQLite,The service uses SQLite for storing project data.,True
llama8b__X_database__8,llama8b,openrouter,meta-llama/llama-3.1-8b-instruct,P3_strict_interchangeability,X_database,Microsoft SQL Server,The service uses Microsoft SQL Server for storing project data.,True
llama8b__X_database__8,llama8b,openrouter,meta-llama/llama-3.1-8b-instruct,P3_strict_interchangeability,X_database,Redis,The service uses Redis for storing project data.,True
llama8b__X_database__9,llama8b,openrouter,meta-llama/llama-3.1-8b-instruct,P3_strict_interchangeability,X_database,PostgresSQL,The project utilizes PostgresSQL for data storage.,True
llama8b__X_database__9,llama8b,openrouter,meta-llama/llama-3.1-8b-instruct,P3_strict_interchangeability,X_database,MySQL,The project utilizes MySQL for data storage.,True
llama8b__X_database__9,llama8b,openrouter,meta-llama/llama-3.1-8b-instruct,P3_strict_interchangeability,X_database,SQLite,The project utilizes SQLite for data storage.,True
llama8b__X_database__9,llama8b,openrouter,meta-llama/llama-3.1-8b-instruct,P3_strict_interchangeability,X_database,Microsoft SQL Server,The project utilizes Microsoft SQL Server for data storage.,True
llama8b__X_database__9,llama8b,openrouter,meta-llama/llama-3.1-8b-instruct,P3_strict_interchangeability,X_database,Redis,The project utilizes Redis for data storage.,True
llama8b__X_database__10,llama8b,openrouter,meta-llama/llama-3.1-8b-instruct,P3_strict_interchangeability,X_database,PostgresSQL,The system stores data in PostgresSQL.,True
llama8b__X_database__10,llama8b,openrouter,meta-llama/llama-3.1-8b-instruct,P3_strict_interchangeability,X_database,MySQL,The system stores data in MySQL.,True
llama8b__X_database__10,llama8b,openrouter,meta-llama/llama-3.1-8b-instruct,P3_strict_interchangeability,X_database,SQLite,The system stores data in SQLite.,True
llama8b__X_database__10,llama8b,openrouter,meta-llama/llama-3.1-8b-instruct,P3_strict_interchangeability,X_database,Microsoft SQL Server,The system stores data in Microsoft SQL Server.,True
llama8b__X_database__10,llama8b,openrouter,meta-llama/llama-3.1-8b-instruct,P3_strict_interchangeability,X_database,Redis,The system stores data in Redis.,True
llama8b__X_database__11,llama8b,openrouter,meta-llama/llama-3.1-8b-instruct,P3_strict_interchangeability,X_database,PostgresSQL,The application uses PostgresSQL for managing data.,True
llama8b__X_database__11,llama8b,openrouter,meta-llama/llama-3.1-8b-instruct,P3_strict_interchangeability,X_database,MySQL,The application uses MySQL for managing data.,True
llama8b__X_database__11,llama8b,openrouter,meta-llama/llama-3.1-8b-instruct,P3_strict_interchangeability,X_database,SQLite,The application uses SQLite for managing data.,True
llama8b__X_database__11,llama8b,openrouter,meta-llama/llama-3.1-8b-instruct,P3_strict_interchangeability,X_database,Microsoft SQL Server,The application uses Microsoft SQL Server for managing data.,True
llama8b__X_database__11,llama8b,openrouter,meta-llama/llama-3.1-8b-instruct,P3_strict_interchangeability,X_database,Redis,The application uses Redis for managing data.,True
llama8b__X_database__12,llama8b,openrouter,meta-llama/llama-3.1-8b-instruct,P3_strict_interchangeability,X_database,PostgresSQL,The team relies on PostgresSQL for project data storage.,True
llama8b__X_database__12,llama8b,openrouter,meta-llama/llama-3.1-8b-instruct,P3_strict_interchangeability,X_database,MySQL,The team relies on MySQL for project data storage.,True
llama8b__X_database__12,llama8b,openrouter,meta-llama/llama-3.1-8b-instruct,P3_strict_interchangeability,X_database,SQLite,The team relies on SQLite for project data storage.,True
llama8b__X_database__12,llama8b,openrouter,meta-llama/llama-3.1-8b-instruct,P3_strict_interchangeability,X_database,Microsoft SQL Server,The team relies on Microsoft SQL Server for project data storage.,True
llama8b__X_database__12,llama8b,openrouter,meta-llama/llama-3.1-8b-instruct,P3_strict_interchangeability,X_database,Redis,The team relies on Redis for project data storage.,True
llama8b__X_database__13,llama8b,openrouter,meta-llama/llama-3.1-8b-instruct,P3_strict_interchangeability,X_database,PostgresSQL,Developers use PostgresSQL for storing application data.,True
llama8b__X_database__13,llama8b,openrouter,meta-llama/llama-3.1-8b-instruct,P3_strict_interchangeability,X_database,MySQL,Developers use MySQL for storing application data.,True
llama8b__X_database__13,llama8b,openrouter,meta-llama/llama-3.1-8b-instruct,P3_strict_interchangeability,X_database,SQLite,Developers use SQLite for storing application data.,True
llama8b__X_database__13,llama8b,openrouter,meta-llama/llama-3.1-8b-instruct,P3_strict_interchangeability,X_database,Microsoft SQL Server,Developers use Microsoft SQL Server for storing application data.,True
llama8b__X_database__13,llama8b,openrouter,meta-llama/llama-3.1-8b-instruct,P3_strict_interchangeability,X_database,Redis,Developers use Redis for storing application data.,True
llama8b__X_database__14,llama8b,openrouter,meta-llama/llama-3.1-8b-instruct,P3_strict_interchangeability,X_database,PostgresSQL,The application stores its data in PostgresSQL.,True
llama8b__X_database__14,llama8b,openrouter,meta-llama/llama-3.1-8b-instruct,P3_strict_interchangeability,X_database,MySQL,The application stores its data in MySQL.,True
llama8b__X_database__14,llama8b,openrouter,meta-llama/llama-3.1-8b-instruct,P3_strict_interchangeability,X_database,SQLite,The application stores its data in SQLite.,True
llama8b__X_database__14,llama8b,openrouter,meta-llama/llama-3.1-8b-instruct,P3_strict_interchangeability,X_database,Microsoft SQL Server,The application stores its data in Microsoft SQL Server.,True
llama8b__X_database__14,llama8b,openrouter,meta-llama/llama-3.1-8b-instruct,P3_strict_interchangeability,X_database,Redis,The application stores its data in Redis.,True
llama8b__X_database__15,llama8b,openrouter,meta-llama/llama-3.1-8b-instruct,P3_strict_interchangeability,X_database,PostgresSQL,The service relies on PostgresSQL for managing project data.,True
llama8b__X_database__15,llama8b,openrouter,meta-llama/llama-3.1-8b-instruct,P3_strict_interchangeability,X_database,MySQL,The service relies on MySQL for managing project data.,True
llama8b__X_database__15,llama8b,openrouter,meta-llama/llama-3.1-8b-instruct,P3_strict_interchangeability,X_database,SQLite,The service relies on SQLite for managing project data.,True
llama8b__X_database__15,llama8b,openrouter,meta-llama/llama-3.1-8b-instruct,P3_strict_interchangeability,X_database,Microsoft SQL Server,The service relies on Microsoft SQL Server for managing project data.,True
llama8b__X_database__15,llama8b,openrouter,meta-llama/llama-3.1-8b-instruct,P3_strict_interchangeability,X_database,Redis,The service relies on Redis for managing project data.,True
llama8b__X_database__16,llama8b,openrouter,meta-llama/llama-3.1-8b-instruct,P3_strict_interchangeability,X_database,PostgresSQL,The team uses PostgresSQL for the project database.,True
llama8b__X_database__16,llama8b,openrouter,meta-llama/llama-3.1-8b-instruct,P3_strict_interchangeability,X_database,MySQL,The team uses MySQL for the project database.,True
llama8b__X_database__16,llama8b,openrouter,meta-llama/llama-3.1-8b-instruct,P3_strict_interchangeability,X_database,SQLite,The team uses SQLite for the project database.,True
llama8b__X_database__16,llama8b,openrouter,meta-llama/llama-3.1-8b-instruct,P3_strict_interchangeability,X_database,Microsoft SQL Server,The team uses Microsoft SQL Server for the project database.,True
llama8b__X_database__16,llama8b,openrouter,meta-llama/llama-3.1-8b-instruct,P3_strict_interchangeability,X_database,Redis,The team uses Redis for the project database.,True
llama8b__X_database__17,llama8b,openrouter,meta-llama/llama-3.1-8b-instruct,P3_strict_interchangeability,X_database,PostgresSQL,The backend uses PostgresSQL for storing project data.,True
llama8b__X_database__17,llama8b,openrouter,meta-llama/llama-3.1-8b-instruct,P3_strict_interchangeability,X_database,MySQL,The backend uses MySQL for storing project data.,True
llama8b__X_database__17,llama8b,openrouter,meta-llama/llama-3.1-8b-instruct,P3_strict_interchangeability,X_database,SQLite,The backend uses SQLite for storing project data.,True
llama8b__X_database__17,llama8b,openrouter,meta-llama/llama-3.1-8b-instruct,P3_strict_interchangeability,X_database,Microsoft SQL Server,The backend uses Microsoft SQL Server for storing project data.,True
llama8b__X_database__17,llama8b,openrouter,meta-llama/llama-3.1-8b-instruct,P3_strict_interchangeability,X_database,Redis,The backend uses Redis for storing project data.,True
llama8b__X_database__18,llama8b,openrouter,meta-llama/llama-3.1-8b-instruct,P3_strict_interchangeability,X_database,PostgresSQL,Engineers use PostgresSQL for data storage.,True
llama8b__X_database__18,llama8b,openrouter,meta-llama/llama-3.1-8b-instruct,P3_strict_interchangeability,X_database,MySQL,Engineers use MySQL for data storage.,True
llama8b__X_database__18,llama8b,openrouter,meta-llama/llama-3.1-8b-instruct,P3_strict_interchangeability,X_database,SQLite,Engineers use SQLite for data storage.,True
llama8b__X_database__18,llama8b,openrouter,meta-llama/llama-3.1-8b-instruct,P3_strict_interchangeability,X_database,Microsoft SQL Server,Engineers use Microsoft SQL Server for data storage.,True
llama8b__X_database__18,llama8b,openrouter,meta-llama/llama-3.1-8b-instruct,P3_strict_interchangeability,X_database,Redis,Engineers use Redis for data storage.,True
llama8b__X_database__19,llama8b,openrouter,meta-llama/llama-3.1-8b-instruct,P3_strict_interchangeability,X_database,PostgresSQL,The project uses PostgresSQL for data management.,True
llama8b__X_database__19,llama8b,openrouter,meta-llama/llama-3.1-8b-instruct,P3_strict_interchangeability,X_database,MySQL,The project uses MySQL for data management.,True
llama8b__X_database__19,llama8b,openrouter,meta-llama/llama-3.1-8b-instruct,P3_strict_interchangeability,X_database,SQLite,The project uses SQLite for data management.,True
llama8b__X_database__19,llama8b,openrouter,meta-llama/llama-3.1-8b-instruct,P3_strict_interchangeability,X_database,Microsoft SQL Server,The project uses Microsoft SQL Server for data management.,True
llama8b__X_database__19,llama8b,openrouter,meta-llama/llama-3.1-8b-instruct,P3_strict_interchangeability,X_database,Redis,The project uses Redis for data management.,True
llama8b__X_database__20,llama8b,openrouter,meta-llama/llama-3.1-8b-instruct,P3_strict_interchangeability,X_database,PostgresSQL,The system uses PostgresSQL for application data storage.,True
llama8b__X_database__20,llama8b,openrouter,meta-llama/llama-3.1-8b-instruct,P3_strict_interchangeability,X_database,MySQL,The system uses MySQL for application data storage.,True
llama8b__X_database__20,llama8b,openrouter,meta-llama/llama-3.1-8b-instruct,P3_strict_interchangeability,X_database,SQLite,The system uses SQLite for application data storage.,True
llama8b__X_database__20,llama8b,openrouter,meta-llama/llama-3.1-8b-instruct,P3_strict_interchangeability,X_database,Microsoft SQL Server,The system uses Microsoft SQL Server for application data storage.,True
llama8b__X_database__20,llama8b,openrouter,meta-llama/llama-3.1-8b-instruct,P3_strict_interchangeability,X_database,Redis,The system uses Redis for application data storage.,True
llama8b__X_database__21,llama8b,openrouter,meta-llama/llama-3.1-8b-instruct,P3_strict_interchangeability,X_database,PostgresSQL,The application relies on PostgresSQL for data management.,True
llama8b__X_database__21,llama8b,openrouter,meta-llama/llama-3.1-8b-instruct,P3_strict_interchangeability,X_database,MySQL,The application relies on MySQL for data management.,True
llama8b__X_database__21,llama8b,openrouter,meta-llama/llama-3.1-8b-instruct,P3_strict_interchangeability,X_database,SQLite,The application relies on SQLite for data management.,True
llama8b__X_database__21,llama8b,openrouter,meta-llama/llama-3.1-8b-instruct,P3_strict_interchangeability,X_database,Microsoft SQL Server,The application relies on Microsoft SQL Server for data management.,True
llama8b__X_database__21,llama8b,openrouter,meta-llama/llama-3.1-8b-instruct,P3_strict_interchangeability,X_database,Redis,The application relies on Redis for data management.,True
llama8b__X_database__22,llama8b,openrouter,meta-llama/llama-3.1-8b-instruct,P3_strict_interchangeability,X_database,PostgresSQL,The team stores project data in PostgresSQL.,True
llama8b__X_database__22,llama8b,openrouter,meta-llama/llama-3.1-8b-instruct,P3_strict_interchangeability,X_database,MySQL,The team stores project data in MySQL.,True
llama8b__X_database__22,llama8b,openrouter,meta-llama/llama-3.1-8b-instruct,P3_strict_interchangeability,X_database,SQLite,The team stores project data in SQLite.,True
llama8b__X_database__22,llama8b,openrouter,meta-llama/llama-3.1-8b-instruct,P3_strict_interchangeability,X_database,Microsoft SQL Server,The team stores project data in Microsoft SQL Server.,True
llama8b__X_database__22,llama8b,openrouter,meta-llama/llama-3.1-8b-instruct,P3_strict_interchangeability,X_database,Redis,The team stores project data in Redis.,True
llama8b__X_database__23,llama8b,openrouter,meta-llama/llama-3.1-8b-instruct,P3_strict_interchangeability,X_database,PostgresSQL,Developers store application data using PostgresSQL.,True
llama8b__X_database__23,llama8b,openrouter,meta-llama/llama-3.1-8b-instruct,P3_strict_interchangeability,X_database,MySQL,Developers store application data using MySQL.,True
llama8b__X_database__23,llama8b,openrouter,meta-llama/llama-3.1-8b-instruct,P3_strict_interchangeability,X_database,SQLite,Developers store application data using SQLite.,True
llama8b__X_database__23,llama8b,openrouter,meta-llama/llama-3.1-8b-instruct,P3_strict_interchangeability,X_database,Microsoft SQL Server,Developers store application data using Microsoft SQL Server.,True
llama8b__X_database__23,llama8b,openrouter,meta-llama/llama-3.1-8b-instruct,P3_strict_interchangeability,X_database,Redis,Developers store application data using Redis.,True
llama8b__X_database__24,llama8b,openrouter,meta-llama/llama-3.1-8b-instruct,P3_strict_interchangeability,X_database,PostgresSQL,The service uses PostgresSQL as the project database.,True
llama8b__X_database__24,llama8b,openrouter,meta-llama/llama-3.1-8b-instruct,P3_strict_interchangeability,X_database,MySQL,The service uses MySQL as the project database.,True
llama8b__X_database__24,llama8b,openrouter,meta-llama/llama-3.1-8b-instruct,P3_strict_interchangeability,X_database,SQLite,The service uses SQLite as the project database.,True
llama8b__X_database__24,llama8b,openrouter,meta-llama/llama-3.1-8b-instruct,P3_strict_interchangeability,X_database,Microsoft SQL Server,The service uses Microsoft SQL Server as the project database.,True
llama8b__X_database__24,llama8b,openrouter,meta-llama/llama-3.1-8b-instruct,P3_strict_interchangeability,X_database,Redis,The service uses Redis as the project database.,True
llama8b__X_database__25,llama8b,openrouter,meta-llama/llama-3.1-8b-instruct,P3_strict_interchangeability,X_database,PostgresSQL,The project uses PostgresSQL for storing data.,True
llama8b__X_database__25,llama8b,openrouter,meta-llama/llama-3.1-8b-instruct,P3_strict_interchangeability,X_database,MySQL,The project uses MySQL for storing data.,True
llama8b__X_database__25,llama8b,openrouter,meta-llama/llama-3.1-8b-instruct,P3_strict_interchangeability,X_database,SQLite,The project uses SQLite for storing data.,True
llama8b__X_database__25,llama8b,openrouter,meta-llama/llama-3.1-8b-instruct,P3_strict_interchangeability,X_database,Microsoft SQL Server,The project uses Microsoft SQL Server for storing data.,True
llama8b__X_database__25,llama8b,openrouter,meta-llama/llama-3.1-8b-instruct,P3_strict_interchangeability,X_database,Redis,The project uses Redis for storing data.,True
llama8b__X_cloud_development__1,llama8b,openrouter,meta-llama/llama-3.1-8b-instruct,P3_strict_interchangeability,X_cloud_development,Docker,The team uses Docker for the project.,True
llama8b__X_cloud_development__1,llama8b,openrouter,meta-llama/llama-3.1-8b-instruct,P3_strict_interchangeability,X_cloud_development,npm,The team uses npm for the project.,True
llama8b__X_cloud_development__1,llama8b,openrouter,meta-llama/llama-3.1-8b-instruct,P3_strict_interchangeability,X_cloud_development,AWS,The team uses AWS for the project.,True
llama8b__X_cloud_development__1,llama8b,openrouter,meta-llama/llama-3.1-8b-instruct,P3_strict_interchangeability,X_cloud_development,Pip,The team uses Pip for the project.,True
llama8b__X_cloud_development__1,llama8b,openrouter,meta-llama/llama-3.1-8b-instruct,P3_strict_interchangeability,X_cloud_development,Kubernetes,The team uses Kubernetes for the project.,True
llama8b__X_cloud_development__2,llama8b,openrouter,meta-llama/llama-3.1-8b-instruct,P3_strict_interchangeability,X_cloud_development,Docker,Developers work with Docker during development.,True
llama8b__X_cloud_development__2,llama8b,openrouter,meta-llama/llama-3.1-8b-instruct,P3_strict_interchangeability,X_cloud_development,npm,Developers work with npm during development.,True
llama8b__X_cloud_development__2,llama8b,openrouter,meta-llama/llama-3.1-8b-instruct,P3_strict_interchangeability,X_cloud_development,AWS,Developers work with AWS during development.,True
llama8b__X_cloud_development__2,llama8b,openrouter,meta-llama/llama-3.1-8b-instruct,P3_strict_interchangeability,X_cloud_development,Pip,Developers work with Pip during development.,True
llama8b__X_cloud_development__2,llama8b,openrouter,meta-llama/llama-3.1-8b-instruct,P3_strict_interchangeability,X_cloud_development,Kubernetes,Developers work with Kubernetes during development.,True
llama8b__X_cloud_development__3,llama8b,openrouter,meta-llama/llama-3.1-8b-instruct,P3_strict_interchangeability,X_cloud_development,Docker,The project workflow includes Docker.,True
llama8b__X_cloud_development__3,llama8b,openrouter,meta-llama/llama-3.1-8b-instruct,P3_strict_interchangeability,X_cloud_development,npm,The project workflow includes npm.,True
llama8b__X_cloud_development__3,llama8b,openrouter,meta-llama/llama-3.1-8b-instruct,P3_strict_interchangeability,X_cloud_development,AWS,The project workflow includes AWS.,True
llama8b__X_cloud_development__3,llama8b,openrouter,meta-llama/llama-3.1-8b-instruct,P3_strict_interchangeability,X_cloud_development,Pip,The project workflow includes Pip.,True
llama8b__X_cloud_development__3,llama8b,openrouter,meta-llama/llama-3.1-8b-instruct,P3_strict_interchangeability,X_cloud_development,Kubernetes,The project workflow includes Kubernetes.,True
llama8b__X_cloud_development__4,llama8b,openrouter,meta-llama/llama-3.1-8b-instruct,P3_strict_interchangeability,X_cloud_development,Docker,Engineers rely on Docker in their workflow.,True
llama8b__X_cloud_development__4,llama8b,openrouter,meta-llama/llama-3.1-8b-instruct,P3_strict_interchangeability,X_cloud_development,npm,Engineers rely on npm in their workflow.,True
llama8b__X_cloud_development__4,llama8b,openrouter,meta-llama/llama-3.1-8b-instruct,P3_strict_interchangeability,X_cloud_development,AWS,Engineers rely on AWS in their workflow.,True
llama8b__X_cloud_development__4,llama8b,openrouter,meta-llama/llama-3.1-8b-instruct,P3_strict_interchangeability,X_cloud_development,Pip,Engineers rely on Pip in their workflow.,True
llama8b__X_cloud_development__4,llama8b,openrouter,meta-llama/llama-3.1-8b-instruct,P3_strict_interchangeability,X_cloud_development,Kubernetes,Engineers rely on Kubernetes in their workflow.,True
llama8b__X_cloud_development__5,llama8b,openrouter,meta-llama/llama-3.1-8b-instruct,P3_strict_interchangeability,X_cloud_development,Docker,The application workflow incorporates Docker.,True
llama8b__X_cloud_development__5,llama8b,openrouter,meta-llama/llama-3.1-8b-instruct,P3_strict_interchangeability,X_cloud_development,npm,The application workflow incorporates npm.,True
llama8b__X_cloud_development__5,llama8b,openrouter,meta-llama/llama-3.1-8b-instruct,P3_strict_interchangeability,X_cloud_development,AWS,The application workflow incorporates AWS.,True
llama8b__X_cloud_development__5,llama8b,openrouter,meta-llama/llama-3.1-8b-instruct,P3_strict_interchangeability,X_cloud_development,Pip,The application workflow incorporates Pip.,True
llama8b__X_cloud_development__5,llama8b,openrouter,meta-llama/llama-3.1-8b-instruct,P3_strict_interchangeability,X_cloud_development,Kubernetes,The application workflow incorporates Kubernetes.,True
llama8b__X_cloud_development__6,llama8b,openrouter,meta-llama/llama-3.1-8b-instruct,P3_strict_interchangeability,X_cloud_development,Docker,The development team employs Docker in their pipeline.,True
llama8b__X_cloud_development__6,llama8b,openrouter,meta-llama/llama-3.1-8b-instruct,P3_strict_interchangeability,X_cloud_development,npm,The development team employs npm in their pipeline.,True
llama8b__X_cloud_development__6,llama8b,openrouter,meta-llama/llama-3.1-8b-instruct,P3_strict_interchangeability,X_cloud_development,AWS,The development team employs AWS in their pipeline.,True
llama8b__X_cloud_development__6,llama8b,openrouter,meta-llama/llama-3.1-8b-instruct,P3_strict_interchangeability,X_cloud_development,Pip,The development team employs Pip in their pipeline.,True
llama8b__X_cloud_development__6,llama8b,openrouter,meta-llama/llama-3.1-8b-instruct,P3_strict_interchangeability,X_cloud_development,Kubernetes,The development team employs Kubernetes in their pipeline.,True
llama8b__X_cloud_development__7,llama8b,openrouter,meta-llama/llama-3.1-8b-instruct,P3_strict_interchangeability,X_cloud_development,Docker,The project team utilizes Docker for development.,True
llama8b__X_cloud_development__7,llama8b,openrouter,meta-llama/llama-3.1-8b-instruct,P3_strict_interchangeability,X_cloud_development,npm,The project team utilizes npm for development.,True
llama8b__X_cloud_development__7,llama8b,openrouter,meta-llama/llama-3.1-8b-instruct,P3_strict_interchangeability,X_cloud_development,AWS,The project team utilizes AWS for development.,True
llama8b__X_cloud_development__7,llama8b,openrouter,meta-llama/llama-3.1-8b-instruct,P3_strict_interchangeability,X_cloud_development,Pip,The project team utilizes Pip for development.,True
llama8b__X_cloud_development__7,llama8b,openrouter,meta-llama/llama-3.1-8b-instruct,P3_strict_interchangeability,X_cloud_development,Kubernetes,The project team utilizes Kubernetes for development.,True
llama8b__X_cloud_development__8,llama8b,openrouter,meta-llama/llama-3.1-8b-instruct,P3_strict_interchangeability,X_cloud_development,Docker,Docker is utilized by the development team.,True
llama8b__X_cloud_development__8,llama8b,openrouter,meta-llama/llama-3.1-8b-instruct,P3_strict_interchangeability,X_cloud_development,npm,npm is utilized by the development team.,True
llama8b__X_cloud_development__8,llama8b,openrouter,meta-llama/llama-3.1-8b-instruct,P3_strict_interchangeability,X_cloud_development,AWS,AWS is utilized by the development team.,True
llama8b__X_cloud_development__8,llama8b,openrouter,meta-llama/llama-3.1-8b-instruct,P3_strict_interchangeability,X_cloud_development,Pip,Pip is utilized by the development team.,True
llama8b__X_cloud_development__8,llama8b,openrouter,meta-llama/llama-3.1-8b-instruct,P3_strict_interchangeability,X_cloud_development,Kubernetes,Kubernetes is utilized by the development team.,True
llama8b__X_cloud_development__9,llama8b,openrouter,meta-llama/llama-3.1-8b-instruct,P3_strict_interchangeability,X_cloud_development,Docker,The project includes Docker as a development tool.,True
llama8b__X_cloud_development__9,llama8b,openrouter,meta-llama/llama-3.1-8b-instruct,P3_strict_interchangeability,X_cloud_development,npm,The project includes npm as a development tool.,True
llama8b__X_cloud_development__9,llama8b,openrouter,meta-llama/llama-3.1-8b-instruct,P3_strict_interchangeability,X_cloud_development,AWS,The project includes AWS as a development tool.,True
llama8b__X_cloud_development__9,llama8b,openrouter,meta-llama/llama-3.1-8b-instruct,P3_strict_interchangeability,X_cloud_development,Pip,The project includes Pip as a development tool.,True
llama8b__X_cloud_development__9,llama8b,openrouter,meta-llama/llama-3.1-8b-instruct,P3_strict_interchangeability,X_cloud_development,Kubernetes,The project includes Kubernetes as a development tool.,True
llama8b__X_cloud_development__10,llama8b,openrouter,meta-llama/llama-3.1-8b-instruct,P3_strict_interchangeability,X_cloud_development,Docker,Developers collaborate using Docker.,False
llama8b__X_cloud_development__10,llama8b,openrouter,meta-llama/llama-3.1-8b-instruct,P3_strict_interchangeability,X_cloud_development,npm,Developers collaborate using npm.,False
llama8b__X_cloud_development__10,llama8b,openrouter,meta-llama/llama-3.1-8b-instruct,P3_strict_interchangeability,X_cloud_development,AWS,Developers collaborate using AWS.,False
llama8b__X_cloud_development__10,llama8b,openrouter,meta-llama/llama-3.1-8b-instruct,P3_strict_interchangeability,X_cloud_development,Pip,Developers collaborate using Pip.,False
llama8b__X_cloud_development__10,llama8b,openrouter,meta-llama/llama-3.1-8b-instruct,P3_strict_interchangeability,X_cloud_development,Kubernetes,Developers collaborate using Kubernetes.,False
llama8b__X_cloud_development__11,llama8b,openrouter,meta-llama/llama-3.1-8b-instruct,P3_strict_interchangeability,X_cloud_development,Docker,The project workflow leverages Docker.,True
llama8b__X_cloud_development__11,llama8b,openrouter,meta-llama/llama-3.1-8b-instruct,P3_strict_interchangeability,X_cloud_development,npm,The project workflow leverages npm.,True
llama8b__X_cloud_development__11,llama8b,openrouter,meta-llama/llama-3.1-8b-instruct,P3_strict_interchangeability,X_cloud_development,AWS,The project workflow leverages AWS.,True
llama8b__X_cloud_development__11,llama8b,openrouter,meta-llama/llama-3.1-8b-instruct,P3_strict_interchangeability,X_cloud_development,Pip,The project workflow leverages Pip.,True
llama8b__X_cloud_development__11,llama8b,openrouter,meta-llama/llama-3.1-8b-instruct,P3_strict_interchangeability,X_cloud_development,Kubernetes,The project workflow leverages Kubernetes.,True
llama8b__X_cloud_development__12,llama8b,openrouter,meta-llama/llama-3.1-8b-instruct,P3_strict_interchangeability,X_cloud_development,Docker,The development team works with Docker.,True
llama8b__X_cloud_development__12,llama8b,openrouter,meta-llama/llama-3.1-8b-instruct,P3_strict_interchangeability,X_cloud_development,npm,The development team works with npm.,True
llama8b__X_cloud_development__12,llama8b,openrouter,meta-llama/llama-3.1-8b-instruct,P3_strict_interchangeability,X_cloud_development,AWS,The development team works with AWS.,True
llama8b__X_cloud_development__12,llama8b,openrouter,meta-llama/llama-3.1-8b-instruct,P3_strict_interchangeability,X_cloud_development,Pip,The development team works with Pip.,True
llama8b__X_cloud_development__12,llama8b,openrouter,meta-llama/llama-3.1-8b-instruct,P3_strict_interchangeability,X_cloud_development,Kubernetes,The development team works with Kubernetes.,True
llama8b__X_cloud_development__13,llama8b,openrouter,meta-llama/llama-3.1-8b-instruct,P3_strict_interchangeability,X_cloud_development,Docker,The project uses Docker for development.,True
llama8b__X_cloud_development__13,llama8b,openrouter,meta-llama/llama-3.1-8b-instruct,P3_strict_interchangeability,X_cloud_development,npm,The project uses npm for development.,True
llama8b__X_cloud_development__13,llama8b,openrouter,meta-llama/llama-3.1-8b-instruct,P3_strict_interchangeability,X_cloud_development,AWS,The project uses AWS for development.,True
llama8b__X_cloud_development__13,llama8b,openrouter,meta-llama/llama-3.1-8b-instruct,P3_strict_interchangeability,X_cloud_development,Pip,The project uses Pip for development.,True
llama8b__X_cloud_development__13,llama8b,openrouter,meta-llama/llama-3.1-8b-instruct,P3_strict_interchangeability,X_cloud_development,Kubernetes,The project uses Kubernetes for development.,True
llama8b__X_cloud_development__14,llama8b,openrouter,meta-llama/llama-3.1-8b-instruct,P3_strict_interchangeability,X_cloud_development,Docker,The development process involves Docker.,True
llama8b__X_cloud_development__14,llama8b,openrouter,meta-llama/llama-3.1-8b-instruct,P3_strict_interchangeability,X_cloud_development,npm,The development process involves npm.,True
llama8b__X_cloud_development__14,llama8b,openrouter,meta-llama/llama-3.1-8b-instruct,P3_strict_interchangeability,X_cloud_development,AWS,The development process involves AWS.,True
llama8b__X_cloud_development__14,llama8b,openrouter,meta-llama/llama-3.1-8b-instruct,P3_strict_interchangeability,X_cloud_development,Pip,The development process involves Pip.,True
llama8b__X_cloud_development__14,llama8b,openrouter,meta-llama/llama-3.1-8b-instruct,P3_strict_interchangeability,X_cloud_development,Kubernetes,The development process involves Kubernetes.,True
llama8b__X_cloud_development__15,llama8b,openrouter,meta-llama/llama-3.1-8b-instruct,P3_strict_interchangeability,X_cloud_development,Docker,The team uses Docker in development.,True
llama8b__X_cloud_development__15,llama8b,openrouter,meta-llama/llama-3.1-8b-instruct,P3_strict_interchangeability,X_cloud_development,npm,The team uses npm in development.,True
llama8b__X_cloud_development__15,llama8b,openrouter,meta-llama/llama-3.1-8b-instruct,P3_strict_interchangeability,X_cloud_development,AWS,The team uses AWS in development.,True
llama8b__X_cloud_development__15,llama8b,openrouter,meta-llama/llama-3.1-8b-instruct,P3_strict_interchangeability,X_cloud_development,Pip,The team uses Pip in development.,True
llama8b__X_cloud_development__15,llama8b,openrouter,meta-llama/llama-3.1-8b-instruct,P3_strict_interchangeability,X_cloud_development,Kubernetes,The team uses Kubernetes in development.,True
llama8b__X_cloud_development__16,llama8b,openrouter,meta-llama/llama-3.1-8b-instruct,P3_strict_interchangeability,X_cloud_development,Docker,The project workflow integrates Docker.,True
llama8b__X_cloud_development__16,llama8b,openrouter,meta-llama/llama-3.1-8b-instruct,P3_strict_interchangeability,X_cloud_development,npm,The project workflow integrates npm.,True
llama8b__X_cloud_development__16,llama8b,openrouter,meta-llama/llama-3.1-8b-instruct,P3_strict_interchangeability,X_cloud_development,AWS,The project workflow integrates AWS.,True
llama8b__X_cloud_development__16,llama8b,openrouter,meta-llama/llama-3.1-8b-instruct,P3_strict_interchangeability,X_cloud_development,Pip,The project workflow integrates Pip.,True
llama8b__X_cloud_development__16,llama8b,openrouter,meta-llama/llama-3.1-8b-instruct,P3_strict_interchangeability,X_cloud_development,Kubernetes,The project workflow integrates Kubernetes.,True
llama8b__X_cloud_development__17,llama8b,openrouter,meta-llama/llama-3.1-8b-instruct,P3_strict_interchangeability,X_cloud_development,Docker,The development team relies on Docker.,True
llama8b__X_cloud_development__17,llama8b,openrouter,meta-llama/llama-3.1-8b-instruct,P3_strict_interchangeability,X_cloud_development,npm,The development team relies on npm.,True
llama8b__X_cloud_development__17,llama8b,openrouter,meta-llama/llama-3.1-8b-instruct,P3_strict_interchangeability,X_cloud_development,AWS,The development team relies on AWS.,True
llama8b__X_cloud_development__17,llama8b,openrouter,meta-llama/llama-3.1-8b-instruct,P3_strict_interchangeability,X_cloud_development,Pip,The development team relies on Pip.,True
llama8b__X_cloud_development__17,llama8b,openrouter,meta-llama/llama-3.1-8b-instruct,P3_strict_interchangeability,X_cloud_development,Kubernetes,The development team relies on Kubernetes.,True
llama8b__X_cloud_development__18,llama8b,openrouter,meta-llama/llama-3.1-8b-instruct,P3_strict_interchangeability,X_cloud_development,Docker,Engineers utilize Docker in their workflow.,True
llama8b__X_cloud_development__18,llama8b,openrouter,meta-llama/llama-3.1-8b-instruct,P3_strict_interchangeability,X_cloud_development,npm,Engineers utilize npm in their workflow.,True
llama8b__X_cloud_development__18,llama8b,openrouter,meta-llama/llama-3.1-8b-instruct,P3_strict_interchangeability,X_cloud_development,AWS,Engineers utilize AWS in their workflow.,True
llama8b__X_cloud_development__18,llama8b,openrouter,meta-llama/llama-3.1-8b-instruct,P3_strict_interchangeability,X_cloud_development,Pip,Engineers utilize Pip in their workflow.,True
llama8b__X_cloud_development__18,llama8b,openrouter,meta-llama/llama-3.1-8b-instruct,P3_strict_interchangeability,X_cloud_development,Kubernetes,Engineers utilize Kubernetes in their workflow.,True
llama8b__X_cloud_development__19,llama8b,openrouter,meta-llama/llama-3.1-8b-instruct,P3_strict_interchangeability,X_cloud_development,Docker,The project includes Docker.,False
llama8b__X_cloud_development__19,llama8b,openrouter,meta-llama/llama-3.1-8b-instruct,P3_strict_interchangeability,X_cloud_development,npm,The project includes npm.,False
llama8b__X_cloud_development__19,llama8b,openrouter,meta-llama/llama-3.1-8b-instruct,P3_strict_interchangeability,X_cloud_development,AWS,The project includes AWS.,False
llama8b__X_cloud_development__19,llama8b,openrouter,meta-llama/llama-3.1-8b-instruct,P3_strict_interchangeability,X_cloud_development,Pip,The project includes Pip.,False
llama8b__X_cloud_development__19,llama8b,openrouter,meta-llama/llama-3.1-8b-instruct,P3_strict_interchangeability,X_cloud_development,Kubernetes,The project includes Kubernetes.,False
llama8b__X_cloud_development__20,llama8b,openrouter,meta-llama/llama-3.1-8b-instruct,P3_strict_interchangeability,X_cloud_development,Docker,The development team employs Docker.,True
llama8b__X_cloud_development__20,llama8b,openrouter,meta-llama/llama-3.1-8b-instruct,P3_strict_interchangeability,X_cloud_development,npm,The development team employs npm.,True
llama8b__X_cloud_development__20,llama8b,openrouter,meta-llama/llama-3.1-8b-instruct,P3_strict_interchangeability,X_cloud_development,AWS,The development team employs AWS.,True
llama8b__X_cloud_development__20,llama8b,openrouter,meta-llama/llama-3.1-8b-instruct,P3_strict_interchangeability,X_cloud_development,Pip,The development team employs Pip.,True
llama8b__X_cloud_development__20,llama8b,openrouter,meta-llama/llama-3.1-8b-instruct,P3_strict_interchangeability,X_cloud_development,Kubernetes,The development team employs Kubernetes.,True
llama8b__X_cloud_development__21,llama8b,openrouter,meta-llama/llama-3.1-8b-instruct,P3_strict_interchangeability,X_cloud_development,Docker,The project workflow includes Docker as a step.,True
llama8b__X_cloud_development__21,llama8b,openrouter,meta-llama/llama-3.1-8b-instruct,P3_strict_interchangeability,X_cloud_development,npm,The project workflow includes npm as a step.,True
llama8b__X_cloud_development__21,llama8b,openrouter,meta-llama/llama-3.1-8b-instruct,P3_strict_interchangeability,X_cloud_development,AWS,The project workflow includes AWS as a step.,True
llama8b__X_cloud_development__21,llama8b,openrouter,meta-llama/llama-3.1-8b-instruct,P3_strict_interchangeability,X_cloud_development,Pip,The project workflow includes Pip as a step.,True
llama8b__X_cloud_development__21,llama8b,openrouter,meta-llama/llama-3.1-8b-instruct,P3_strict_interchangeability,X_cloud_development,Kubernetes,The project workflow includes Kubernetes as a step.,True
llama8b__X_cloud_development__22,llama8b,openrouter,meta-llama/llama-3.1-8b-instruct,P3_strict_interchangeability,X_cloud_development,Docker,The development team uses Docker.,True
llama8b__X_cloud_development__22,llama8b,openrouter,meta-llama/llama-3.1-8b-instruct,P3_strict_interchangeability,X_cloud_development,npm,The development team uses npm.,True
llama8b__X_cloud_development__22,llama8b,openrouter,meta-llama/llama-3.1-8b-instruct,P3_strict_interchangeability,X_cloud_development,AWS,The development team uses AWS.,True
llama8b__X_cloud_development__22,llama8b,openrouter,meta-llama/llama-3.1-8b-instruct,P3_strict_interchangeability,X_cloud_development,Pip,The development team uses Pip.,True
llama8b__X_cloud_development__22,llama8b,openrouter,meta-llama/llama-3.1-8b-instruct,P3_strict_interchangeability,X_cloud_development,Kubernetes,The development team uses Kubernetes.,True
llama8b__X_cloud_development__23,llama8b,openrouter,meta-llama/llama-3.1-8b-instruct,P3_strict_interchangeability,X_cloud_development,Docker,The development process involves Docker and other tools.,True
llama8b__X_cloud_development__23,llama8b,openrouter,meta-llama/llama-3.1-8b-instruct,P3_strict_interchangeability,X_cloud_development,npm,The development process involves npm and other tools.,True
llama8b__X_cloud_development__23,llama8b,openrouter,meta-llama/llama-3.1-8b-instruct,P3_strict_interchangeability,X_cloud_development,AWS,The development process involves AWS and other tools.,True
llama8b__X_cloud_development__23,llama8b,openrouter,meta-llama/llama-3.1-8b-instruct,P3_strict_interchangeability,X_cloud_development,Pip,The development process involves Pip and other tools.,True
llama8b__X_cloud_development__23,llama8b,openrouter,meta-llama/llama-3.1-8b-instruct,P3_strict_interchangeability,X_cloud_development,Kubernetes,The development process involves Kubernetes and other tools.,True
llama8b__X_cloud_development__24,llama8b,openrouter,meta-llama/llama-3.1-8b-instruct,P3_strict_interchangeability,X_cloud_development,Docker,Engineers work with Docker.,False
llama8b__X_cloud_development__24,llama8b,openrouter,meta-llama/llama-3.1-8b-instruct,P3_strict_interchangeability,X_cloud_development,npm,Engineers work with npm.,False
llama8b__X_cloud_development__24,llama8b,openrouter,meta-llama/llama-3.1-8b-instruct,P3_strict_interchangeability,X_cloud_development,AWS,Engineers work with AWS.,False
llama8b__X_cloud_development__24,llama8b,openrouter,meta-llama/llama-3.1-8b-instruct,P3_strict_interchangeability,X_cloud_development,Pip,Engineers work with Pip.,False
llama8b__X_cloud_development__24,llama8b,openrouter,meta-llama/llama-3.1-8b-instruct,P3_strict_interchangeability,X_cloud_development,Kubernetes,Engineers work with Kubernetes.,False
llama8b__X_cloud_development__25,llama8b,openrouter,meta-llama/llama-3.1-8b-instruct,P3_strict_interchangeability,X_cloud_development,Docker,The project uses Docker.,False
llama8b__X_cloud_development__25,llama8b,openrouter,meta-llama/llama-3.1-8b-instruct,P3_strict_interchangeability,X_cloud_development,npm,The project uses npm.,False
llama8b__X_cloud_development__25,llama8b,openrouter,meta-llama/llama-3.1-8b-instruct,P3_strict_interchangeability,X_cloud_development,AWS,The project uses AWS.,False
llama8b__X_cloud_development__25,llama8b,openrouter,meta-llama/llama-3.1-8b-instruct,P3_strict_interchangeability,X_cloud_development,Pip,The project uses Pip.,False
llama8b__X_cloud_development__25,llama8b,openrouter,meta-llama/llama-3.1-8b-instruct,P3_strict_interchangeability,X_cloud_development,Kubernetes,The project uses Kubernetes.,False
llama8b__X_web_technology__1,llama8b,openrouter,meta-llama/llama-3.1-8b-instruct,P3_strict_interchangeability,X_web_technology,Node.js,The development team develops the web application with Node.js.,True
llama8b__X_web_technology__1,llama8b,openrouter,meta-llama/llama-3.1-8b-instruct,P3_strict_interchangeability,X_web_technology,React,The development team develops the web application with React.,True
llama8b__X_web_technology__1,llama8b,openrouter,meta-llama/llama-3.1-8b-instruct,P3_strict_interchangeability,X_web_technology,jQuery,The development team develops the web application with jQuery.,True
llama8b__X_web_technology__1,llama8b,openrouter,meta-llama/llama-3.1-8b-instruct,P3_strict_interchangeability,X_web_technology,Next.js,The development team develops the web application with Next.js.,True
llama8b__X_web_technology__1,llama8b,openrouter,meta-llama/llama-3.1-8b-instruct,P3_strict_interchangeability,X_web_technology,Express,The development team develops the web application with Express.,True
llama8b__X_web_technology__2,llama8b,openrouter,meta-llama/llama-3.1-8b-instruct,P3_strict_interchangeability,X_web_technology,Node.js,The web project uses Node.js for web development.,True
llama8b__X_web_technology__2,llama8b,openrouter,meta-llama/llama-3.1-8b-instruct,P3_strict_interchangeability,X_web_technology,React,The web project uses React for web development.,True
llama8b__X_web_technology__2,llama8b,openrouter,meta-llama/llama-3.1-8b-instruct,P3_strict_interchangeability,X_web_technology,jQuery,The web project uses jQuery for web development.,True
llama8b__X_web_technology__2,llama8b,openrouter,meta-llama/llama-3.1-8b-instruct,P3_strict_interchangeability,X_web_technology,Next.js,The web project uses Next.js for web development.,True
llama8b__X_web_technology__2,llama8b,openrouter,meta-llama/llama-3.1-8b-instruct,P3_strict_interchangeability,X_web_technology,Express,The web project uses Express for web development.,True
llama8b__X_web_technology__3,llama8b,openrouter,meta-llama/llama-3.1-8b-instruct,P3_strict_interchangeability,X_web_technology,Node.js,Developers employ Node.js in the web development process.,True
llama8b__X_web_technology__3,llama8b,openrouter,meta-llama/llama-3.1-8b-instruct,P3_strict_interchangeability,X_web_technology,React,Developers employ React in the web development process.,True
llama8b__X_web_technology__3,llama8b,openrouter,meta-llama/llama-3.1-8b-instruct,P3_strict_interchangeability,X_web_technology,jQuery,Developers employ jQuery in the web development process.,True
llama8b__X_web_technology__3,llama8b,openrouter,meta-llama/llama-3.1-8b-instruct,P3_strict_interchangeability,X_web_technology,Next.js,Developers employ Next.js in the web development process.,True
llama8b__X_web_technology__3,llama8b,openrouter,meta-llama/llama-3.1-8b-instruct,P3_strict_interchangeability,X_web_technology,Express,Developers employ Express in the web development process.,True
llama8b__X_web_technology__4,llama8b,openrouter,meta-llama/llama-3.1-8b-instruct,P3_strict_interchangeability,X_web_technology,Node.js,The web application is developed with Node.js technology.,True
llama8b__X_web_technology__4,llama8b,openrouter,meta-llama/llama-3.1-8b-instruct,P3_strict_interchangeability,X_web_technology,React,The web application is developed with React technology.,True
llama8b__X_web_technology__4,llama8b,openrouter,meta-llama/llama-3.1-8b-instruct,P3_strict_interchangeability,X_web_technology,jQuery,The web application is developed with jQuery technology.,True
llama8b__X_web_technology__4,llama8b,openrouter,meta-llama/llama-3.1-8b-instruct,P3_strict_interchangeability,X_web_technology,Next.js,The web application is developed with Next.js technology.,True
llama8b__X_web_technology__4,llama8b,openrouter,meta-llama/llama-3.1-8b-instruct,P3_strict_interchangeability,X_web_technology,Express,The web application is developed with Express technology.,True
llama8b__X_web_technology__5,llama8b,openrouter,meta-llama/llama-3.1-8b-instruct,P3_strict_interchangeability,X_web_technology,Node.js,The project team utilizes Node.js for web application development.,True
llama8b__X_web_technology__5,llama8b,openrouter,meta-llama/llama-3.1-8b-instruct,P3_strict_interchangeability,X_web_technology,React,The project team utilizes React for web application development.,True
llama8b__X_web_technology__5,llama8b,openrouter,meta-llama/llama-3.1-8b-instruct,P3_strict_interchangeability,X_web_technology,jQuery,The project team utilizes jQuery for web application development.,True
llama8b__X_web_technology__5,llama8b,openrouter,meta-llama/llama-3.1-8b-instruct,P3_strict_interchangeability,X_web_technology,Next.js,The project team utilizes Next.js for web application development.,True
llama8b__X_web_technology__5,llama8b,openrouter,meta-llama/llama-3.1-8b-instruct,P3_strict_interchangeability,X_web_technology,Express,The project team utilizes Express for web application development.,True
llama8b__X_web_technology__6,llama8b,openrouter,meta-llama/llama-3.1-8b-instruct,P3_strict_interchangeability,X_web_technology,Node.js,The web development team uses Node.js for their projects.,True
llama8b__X_web_technology__6,llama8b,openrouter,meta-llama/llama-3.1-8b-instruct,P3_strict_interchangeability,X_web_technology,React,The web development team uses React for their projects.,True
llama8b__X_web_technology__6,llama8b,openrouter,meta-llama/llama-3.1-8b-instruct,P3_strict_interchangeability,X_web_technology,jQuery,The web development team uses jQuery for their projects.,True
llama8b__X_web_technology__6,llama8b,openrouter,meta-llama/llama-3.1-8b-instruct,P3_strict_interchangeability,X_web_technology,Next.js,The web development team uses Next.js for their projects.,True
llama8b__X_web_technology__6,llama8b,openrouter,meta-llama/llama-3.1-8b-instruct,P3_strict_interchangeability,X_web_technology,Express,The web development team uses Express for their projects.,True
llama8b__X_web_technology__7,llama8b,openrouter,meta-llama/llama-3.1-8b-instruct,P3_strict_interchangeability,X_web_technology,Node.js,The web application is built with Node.js technology.,True
llama8b__X_web_technology__7,llama8b,openrouter,meta-llama/llama-3.1-8b-instruct,P3_strict_interchangeability,X_web_technology,React,The web application is built with React technology.,True
llama8b__X_web_technology__7,llama8b,openrouter,meta-llama/llama-3.1-8b-instruct,P3_strict_interchangeability,X_web_technology,jQuery,The web application is built with jQuery technology.,True
llama8b__X_web_technology__7,llama8b,openrouter,meta-llama/llama-3.1-8b-instruct,P3_strict_interchangeability,X_web_technology,Next.js,The web application is built with Next.js technology.,True
llama8b__X_web_technology__7,llama8b,openrouter,meta-llama/llama-3.1-8b-instruct,P3_strict_interchangeability,X_web_technology,Express,The web application is built with Express technology.,True
llama8b__X_web_technology__8,llama8b,openrouter,meta-llama/llama-3.1-8b-instruct,P3_strict_interchangeability,X_web_technology,Node.js,The development team uses Node.js for their web projects.,True
llama8b__X_web_technology__8,llama8b,openrouter,meta-llama/llama-3.1-8b-instruct,P3_strict_interchangeability,X_web_technology,React,The development team uses React for their web projects.,True
llama8b__X_web_technology__8,llama8b,openrouter,meta-llama/llama-3.1-8b-instruct,P3_strict_interchangeability,X_web_technology,jQuery,The development team uses jQuery for their web projects.,True
llama8b__X_web_technology__8,llama8b,openrouter,meta-llama/llama-3.1-8b-instruct,P3_strict_interchangeability,X_web_technology,Next.js,The development team uses Next.js for their web projects.,True
llama8b__X_web_technology__8,llama8b,openrouter,meta-llama/llama-3.1-8b-instruct,P3_strict_interchangeability,X_web_technology,Express,The development team uses Express for their web projects.,True
llama8b__X_web_technology__9,llama8b,openrouter,meta-llama/llama-3.1-8b-instruct,P3_strict_interchangeability,X_web_technology,Node.js,The web development process involves using Node.js.,True
llama8b__X_web_technology__9,llama8b,openrouter,meta-llama/llama-3.1-8b-instruct,P3_strict_interchangeability,X_web_technology,React,The web development process involves using React.,True
llama8b__X_web_technology__9,llama8b,openrouter,meta-llama/llama-3.1-8b-instruct,P3_strict_interchangeability,X_web_technology,jQuery,The web development process involves using jQuery.,True
llama8b__X_web_technology__9,llama8b,openrouter,meta-llama/llama-3.1-8b-instruct,P3_strict_interchangeability,X_web_technology,Next.js,The web development process involves using Next.js.,True
llama8b__X_web_technology__9,llama8b,openrouter,meta-llama/llama-3.1-8b-instruct,P3_strict_interchangeability,X_web_technology,Express,The web development process involves using Express.,True
llama8b__X_web_technology__10,llama8b,openrouter,meta-llama/llama-3.1-8b-instruct,P3_strict_interchangeability,X_web_technology,Node.js,The web project is managed with Node.js technology.,True
llama8b__X_web_technology__10,llama8b,openrouter,meta-llama/llama-3.1-8b-instruct,P3_strict_interchangeability,X_web_technology,React,The web project is managed with React technology.,True
llama8b__X_web_technology__10,llama8b,openrouter,meta-llama/llama-3.1-8b-instruct,P3_strict_interchangeability,X_web_technology,jQuery,The web project is managed with jQuery technology.,True
llama8b__X_web_technology__10,llama8b,openrouter,meta-llama/llama-3.1-8b-instruct,P3_strict_interchangeability,X_web_technology,Next.js,The web project is managed with Next.js technology.,True
llama8b__X_web_technology__10,llama8b,openrouter,meta-llama/llama-3.1-8b-instruct,P3_strict_interchangeability,X_web_technology,Express,The web project is managed with Express technology.,True
llama8b__X_web_technology__11,llama8b,openrouter,meta-llama/llama-3.1-8b-instruct,P3_strict_interchangeability,X_web_technology,Node.js,Developers integrate Node.js into their web projects.,True
llama8b__X_web_technology__11,llama8b,openrouter,meta-llama/llama-3.1-8b-instruct,P3_strict_interchangeability,X_web_technology,React,Developers integrate React into their web projects.,True
llama8b__X_web_technology__11,llama8b,openrouter,meta-llama/llama-3.1-8b-instruct,P3_strict_interchangeability,X_web_technology,jQuery,Developers integrate jQuery into their web projects.,True
llama8b__X_web_technology__11,llama8b,openrouter,meta-llama/llama-3.1-8b-instruct,P3_strict_interchangeability,X_web_technology,Next.js,Developers integrate Next.js into their web projects.,True
llama8b__X_web_technology__11,llama8b,openrouter,meta-llama/llama-3.1-8b-instruct,P3_strict_interchangeability,X_web_technology,Express,Developers integrate Express into their web projects.,True
llama8b__X_web_technology__12,llama8b,openrouter,meta-llama/llama-3.1-8b-instruct,P3_strict_interchangeability,X_web_technology,Node.js,The web application development team uses Node.js.,True
llama8b__X_web_technology__12,llama8b,openrouter,meta-llama/llama-3.1-8b-instruct,P3_strict_interchangeability,X_web_technology,React,The web application development team uses React.,True
llama8b__X_web_technology__12,llama8b,openrouter,meta-llama/llama-3.1-8b-instruct,P3_strict_interchangeability,X_web_technology,jQuery,The web application development team uses jQuery.,True
llama8b__X_web_technology__12,llama8b,openrouter,meta-llama/llama-3.1-8b-instruct,P3_strict_interchangeability,X_web_technology,Next.js,The web application development team uses Next.js.,True
llama8b__X_web_technology__12,llama8b,openrouter,meta-llama/llama-3.1-8b-instruct,P3_strict_interchangeability,X_web_technology,Express,The web application development team uses Express.,True
llama8b__X_web_technology__13,llama8b,openrouter,meta-llama/llama-3.1-8b-instruct,P3_strict_interchangeability,X_web_technology,Node.js,The project employs Node.js for web application development.,True
llama8b__X_web_technology__13,llama8b,openrouter,meta-llama/llama-3.1-8b-instruct,P3_strict_interchangeability,X_web_technology,React,The project employs React for web application development.,True
llama8b__X_web_technology__13,llama8b,openrouter,meta-llama/llama-3.1-8b-instruct,P3_strict_interchangeability,X_web_technology,jQuery,The project employs jQuery for web application development.,True
llama8b__X_web_technology__13,llama8b,openrouter,meta-llama/llama-3.1-8b-instruct,P3_strict_interchangeability,X_web_technology,Next.js,The project employs Next.js for web application development.,True
llama8b__X_web_technology__13,llama8b,openrouter,meta-llama/llama-3.1-8b-instruct,P3_strict_interchangeability,X_web_technology,Express,The project employs Express for web application development.,True
llama8b__X_web_technology__14,llama8b,openrouter,meta-llama/llama-3.1-8b-instruct,P3_strict_interchangeability,X_web_technology,Node.js,The web development team works with Node.js technology.,True
llama8b__X_web_technology__14,llama8b,openrouter,meta-llama/llama-3.1-8b-instruct,P3_strict_interchangeability,X_web_technology,React,The web development team works with React technology.,True
llama8b__X_web_technology__14,llama8b,openrouter,meta-llama/llama-3.1-8b-instruct,P3_strict_interchangeability,X_web_technology,jQuery,The web development team works with jQuery technology.,True
llama8b__X_web_technology__14,llama8b,openrouter,meta-llama/llama-3.1-8b-instruct,P3_strict_interchangeability,X_web_technology,Next.js,The web development team works with Next.js technology.,True
llama8b__X_web_technology__14,llama8b,openrouter,meta-llama/llama-3.1-8b-instruct,P3_strict_interchangeability,X_web_technology,Express,The web development team works with Express technology.,True
llama8b__X_web_technology__15,llama8b,openrouter,meta-llama/llama-3.1-8b-instruct,P3_strict_interchangeability,X_web_technology,Node.js,The team develops the web application using Node.js.,True
llama8b__X_web_technology__15,llama8b,openrouter,meta-llama/llama-3.1-8b-instruct,P3_strict_interchangeability,X_web_technology,React,The team develops the web application using React.,True
llama8b__X_web_technology__15,llama8b,openrouter,meta-llama/llama-3.1-8b-instruct,P3_strict_interchangeability,X_web_technology,jQuery,The team develops the web application using jQuery.,True
llama8b__X_web_technology__15,llama8b,openrouter,meta-llama/llama-3.1-8b-instruct,P3_strict_interchangeability,X_web_technology,Next.js,The team develops the web application using Next.js.,True
llama8b__X_web_technology__15,llama8b,openrouter,meta-llama/llama-3.1-8b-instruct,P3_strict_interchangeability,X_web_technology,Express,The team develops the web application using Express.,True
llama8b__X_web_technology__16,llama8b,openrouter,meta-llama/llama-3.1-8b-instruct,P3_strict_interchangeability,X_web_technology,Node.js,The web project is developed with Node.js.,True
llama8b__X_web_technology__16,llama8b,openrouter,meta-llama/llama-3.1-8b-instruct,P3_strict_interchangeability,X_web_technology,React,The web project is developed with React.,True
llama8b__X_web_technology__16,llama8b,openrouter,meta-llama/llama-3.1-8b-instruct,P3_strict_interchangeability,X_web_technology,jQuery,The web project is developed with jQuery.,True
llama8b__X_web_technology__16,llama8b,openrouter,meta-llama/llama-3.1-8b-instruct,P3_strict_interchangeability,X_web_technology,Next.js,The web project is developed with Next.js.,True
llama8b__X_web_technology__16,llama8b,openrouter,meta-llama/llama-3.1-8b-instruct,P3_strict_interchangeability,X_web_technology,Express,The web project is developed with Express.,True
llama8b__X_web_technology__17,llama8b,openrouter,meta-llama/llama-3.1-8b-instruct,P3_strict_interchangeability,X_web_technology,Node.js,Developers use Node.js for web application development.,True
llama8b__X_web_technology__17,llama8b,openrouter,meta-llama/llama-3.1-8b-instruct,P3_strict_interchangeability,X_web_technology,React,Developers use React for web application development.,True
llama8b__X_web_technology__17,llama8b,openrouter,meta-llama/llama-3.1-8b-instruct,P3_strict_interchangeability,X_web_technology,jQuery,Developers use jQuery for web application development.,True
llama8b__X_web_technology__17,llama8b,openrouter,meta-llama/llama-3.1-8b-instruct,P3_strict_interchangeability,X_web_technology,Next.js,Developers use Next.js for web application development.,True
llama8b__X_web_technology__17,llama8b,openrouter,meta-llama/llama-3.1-8b-instruct,P3_strict_interchangeability,X_web_technology,Express,Developers use Express for web application development.,True
llama8b__X_web_technology__18,llama8b,openrouter,meta-llama/llama-3.1-8b-instruct,P3_strict_interchangeability,X_web_technology,Node.js,The web application is built using Node.js technology.,True
llama8b__X_web_technology__18,llama8b,openrouter,meta-llama/llama-3.1-8b-instruct,P3_strict_interchangeability,X_web_technology,React,The web application is built using React technology.,True
llama8b__X_web_technology__18,llama8b,openrouter,meta-llama/llama-3.1-8b-instruct,P3_strict_interchangeability,X_web_technology,jQuery,The web application is built using jQuery technology.,True
llama8b__X_web_technology__18,llama8b,openrouter,meta-llama/llama-3.1-8b-instruct,P3_strict_interchangeability,X_web_technology,Next.js,The web application is built using Next.js technology.,True
llama8b__X_web_technology__18,llama8b,openrouter,meta-llama/llama-3.1-8b-instruct,P3_strict_interchangeability,X_web_technology,Express,The web application is built using Express technology.,True
llama8b__X_web_technology__19,llama8b,openrouter,meta-llama/llama-3.1-8b-instruct,P3_strict_interchangeability,X_web_technology,Node.js,The development team works with Node.js for web projects.,True
llama8b__X_web_technology__19,llama8b,openrouter,meta-llama/llama-3.1-8b-instruct,P3_strict_interchangeability,X_web_technology,React,The development team works with React for web projects.,True
llama8b__X_web_technology__19,llama8b,openrouter,meta-llama/llama-3.1-8b-instruct,P3_strict_interchangeability,X_web_technology,jQuery,The development team works with jQuery for web projects.,True
llama8b__X_web_technology__19,llama8b,openrouter,meta-llama/llama-3.1-8b-instruct,P3_strict_interchangeability,X_web_technology,Next.js,The development team works with Next.js for web projects.,True
llama8b__X_web_technology__19,llama8b,openrouter,meta-llama/llama-3.1-8b-instruct,P3_strict_interchangeability,X_web_technology,Express,The development team works with Express for web projects.,True
llama8b__X_web_technology__20,llama8b,openrouter,meta-llama/llama-3.1-8b-instruct,P3_strict_interchangeability,X_web_technology,Node.js,The web project is managed by the team using Node.js.,True
llama8b__X_web_technology__20,llama8b,openrouter,meta-llama/llama-3.1-8b-instruct,P3_strict_interchangeability,X_web_technology,React,The web project is managed by the team using React.,True
llama8b__X_web_technology__20,llama8b,openrouter,meta-llama/llama-3.1-8b-instruct,P3_strict_interchangeability,X_web_technology,jQuery,The web project is managed by the team using jQuery.,True
llama8b__X_web_technology__20,llama8b,openrouter,meta-llama/llama-3.1-8b-instruct,P3_strict_interchangeability,X_web_technology,Next.js,The web project is managed by the team using Next.js.,True
llama8b__X_web_technology__20,llama8b,openrouter,meta-llama/llama-3.1-8b-instruct,P3_strict_interchangeability,X_web_technology,Express,The web project is managed by the team using Express.,True
llama8b__X_web_technology__21,llama8b,openrouter,meta-llama/llama-3.1-8b-instruct,P3_strict_interchangeability,X_web_technology,Node.js,Developers integrate Node.js into web application development.,True
llama8b__X_web_technology__21,llama8b,openrouter,meta-llama/llama-3.1-8b-instruct,P3_strict_interchangeability,X_web_technology,React,Developers integrate React into web application development.,True
llama8b__X_web_technology__21,llama8b,openrouter,meta-llama/llama-3.1-8b-instruct,P3_strict_interchangeability,X_web_technology,jQuery,Developers integrate jQuery into web application development.,True
llama8b__X_web_technology__21,llama8b,openrouter,meta-llama/llama-3.1-8b-instruct,P3_strict_interchangeability,X_web_technology,Next.js,Developers integrate Next.js into web application development.,True
llama8b__X_web_technology__21,llama8b,openrouter,meta-llama/llama-3.1-8b-instruct,P3_strict_interchangeability,X_web_technology,Express,Developers integrate Express into web application development.,True
llama8b__X_web_technology__22,llama8b,openrouter,meta-llama/llama-3.1-8b-instruct,P3_strict_interchangeability,X_web_technology,Node.js,The web development team uses Node.js for web projects.,True
llama8b__X_web_technology__22,llama8b,openrouter,meta-llama/llama-3.1-8b-instruct,P3_strict_interchangeability,X_web_technology,React,The web development team uses React for web projects.,True
llama8b__X_web_technology__22,llama8b,openrouter,meta-llama/llama-3.1-8b-instruct,P3_strict_interchangeability,X_web_technology,jQuery,The web development team uses jQuery for web projects.,True
llama8b__X_web_technology__22,llama8b,openrouter,meta-llama/llama-3.1-8b-instruct,P3_strict_interchangeability,X_web_technology,Next.js,The web development team uses Next.js for web projects.,True
llama8b__X_web_technology__22,llama8b,openrouter,meta-llama/llama-3.1-8b-instruct,P3_strict_interchangeability,X_web_technology,Express,The web development team uses Express for web projects.,True
llama8b__X_web_technology__23,llama8b,openrouter,meta-llama/llama-3.1-8b-instruct,P3_strict_interchangeability,X_web_technology,Node.js,The web application is developed with Node.js technology.,True
llama8b__X_web_technology__23,llama8b,openrouter,meta-llama/llama-3.1-8b-instruct,P3_strict_interchangeability,X_web_technology,React,The web application is developed with React technology.,True
llama8b__X_web_technology__23,llama8b,openrouter,meta-llama/llama-3.1-8b-instruct,P3_strict_interchangeability,X_web_technology,jQuery,The web application is developed with jQuery technology.,True
llama8b__X_web_technology__23,llama8b,openrouter,meta-llama/llama-3.1-8b-instruct,P3_strict_interchangeability,X_web_technology,Next.js,The web application is developed with Next.js technology.,True
llama8b__X_web_technology__23,llama8b,openrouter,meta-llama/llama-3.1-8b-instruct,P3_strict_interchangeability,X_web_technology,Express,The web application is developed with Express technology.,True
llama8b__X_web_technology__24,llama8b,openrouter,meta-llama/llama-3.1-8b-instruct,P3_strict_interchangeability,X_web_technology,Node.js,The project team uses Node.js for web application development.,True
llama8b__X_web_technology__24,llama8b,openrouter,meta-llama/llama-3.1-8b-instruct,P3_strict_interchangeability,X_web_technology,React,The project team uses React for web application development.,True
llama8b__X_web_technology__24,llama8b,openrouter,meta-llama/llama-3.1-8b-instruct,P3_strict_interchangeability,X_web_technology,jQuery,The project team uses jQuery for web application development.,True
llama8b__X_web_technology__24,llama8b,openrouter,meta-llama/llama-3.1-8b-instruct,P3_strict_interchangeability,X_web_technology,Next.js,The project team uses Next.js for web application development.,True
llama8b__X_web_technology__24,llama8b,openrouter,meta-llama/llama-3.1-8b-instruct,P3_strict_interchangeability,X_web_technology,Express,The project team uses Express for web application development.,True
llama8b__X_web_technology__25,llama8b,openrouter,meta-llama/llama-3.1-8b-instruct,P3_strict_interchangeability,X_web_technology,Node.js,The web project employs Node.js technology.,True
llama8b__X_web_technology__25,llama8b,openrouter,meta-llama/llama-3.1-8b-instruct,P3_strict_interchangeability,X_web_technology,React,The web project employs React technology.,True
llama8b__X_web_technology__25,llama8b,openrouter,meta-llama/llama-3.1-8b-instruct,P3_strict_interchangeability,X_web_technology,jQuery,The web project employs jQuery technology.,True
llama8b__X_web_technology__25,llama8b,openrouter,meta-llama/llama-3.1-8b-instruct,P3_strict_interchangeability,X_web_technology,Next.js,The web project employs Next.js technology.,True
llama8b__X_web_technology__25,llama8b,openrouter,meta-llama/llama-3.1-8b-instruct,P3_strict_interchangeability,X_web_technology,Express,The web project employs Express technology.,True
llama8b__X_ide__1,llama8b,openrouter,meta-llama/llama-3.1-8b-instruct,P3_strict_interchangeability,X_ide,Visual Studio Code,The team uses Visual Studio Code for the project.,True
llama8b__X_ide__1,llama8b,openrouter,meta-llama/llama-3.1-8b-instruct,P3_strict_interchangeability,X_ide,Visual Studio,The team uses Visual Studio for the project.,True
llama8b__X_ide__1,llama8b,openrouter,meta-llama/llama-3.1-8b-instruct,P3_strict_interchangeability,X_ide,Notepad++,The team uses Notepad++ for the project.,True
llama8b__X_ide__1,llama8b,openrouter,meta-llama/llama-3.1-8b-instruct,P3_strict_interchangeability,X_ide,IntelliJ IDEA,The team uses IntelliJ IDEA for the project.,True
llama8b__X_ide__1,llama8b,openrouter,meta-llama/llama-3.1-8b-instruct,P3_strict_interchangeability,X_ide,Vim,The team uses Vim for the project.,True
llama8b__X_ide__2,llama8b,openrouter,meta-llama/llama-3.1-8b-instruct,P3_strict_interchangeability,X_ide,Visual Studio Code,Developers work in Visual Studio Code while developing software.,True
llama8b__X_ide__2,llama8b,openrouter,meta-llama/llama-3.1-8b-instruct,P3_strict_interchangeability,X_ide,Visual Studio,Developers work in Visual Studio while developing software.,True
llama8b__X_ide__2,llama8b,openrouter,meta-llama/llama-3.1-8b-instruct,P3_strict_interchangeability,X_ide,Notepad++,Developers work in Notepad++ while developing software.,True
llama8b__X_ide__2,llama8b,openrouter,meta-llama/llama-3.1-8b-instruct,P3_strict_interchangeability,X_ide,IntelliJ IDEA,Developers work in IntelliJ IDEA while developing software.,True
llama8b__X_ide__2,llama8b,openrouter,meta-llama/llama-3.1-8b-instruct,P3_strict_interchangeability,X_ide,Vim,Developers work in Vim while developing software.,True
llama8b__X_ide__3,llama8b,openrouter,meta-llama/llama-3.1-8b-instruct,P3_strict_interchangeability,X_ide,Visual Studio Code,The engineer uses Visual Studio Code to edit project code.,True
llama8b__X_ide__3,llama8b,openrouter,meta-llama/llama-3.1-8b-instruct,P3_strict_interchangeability,X_ide,Visual Studio,The engineer uses Visual Studio to edit project code.,True
llama8b__X_ide__3,llama8b,openrouter,meta-llama/llama-3.1-8b-instruct,P3_strict_interchangeability,X_ide,Notepad++,The engineer uses Notepad++ to edit project code.,True
llama8b__X_ide__3,llama8b,openrouter,meta-llama/llama-3.1-8b-instruct,P3_strict_interchangeability,X_ide,IntelliJ IDEA,The engineer uses IntelliJ IDEA to edit project code.,True
llama8b__X_ide__3,llama8b,openrouter,meta-llama/llama-3.1-8b-instruct,P3_strict_interchangeability,X_ide,Vim,The engineer uses Vim to edit project code.,True
llama8b__X_ide__4,llama8b,openrouter,meta-llama/llama-3.1-8b-instruct,P3_strict_interchangeability,X_ide,Visual Studio Code,The developers use Visual Studio Code for development.,True
llama8b__X_ide__4,llama8b,openrouter,meta-llama/llama-3.1-8b-instruct,P3_strict_interchangeability,X_ide,Visual Studio,The developers use Visual Studio for development.,True
llama8b__X_ide__4,llama8b,openrouter,meta-llama/llama-3.1-8b-instruct,P3_strict_interchangeability,X_ide,Notepad++,The developers use Notepad++ for development.,True
llama8b__X_ide__4,llama8b,openrouter,meta-llama/llama-3.1-8b-instruct,P3_strict_interchangeability,X_ide,IntelliJ IDEA,The developers use IntelliJ IDEA for development.,True
llama8b__X_ide__4,llama8b,openrouter,meta-llama/llama-3.1-8b-instruct,P3_strict_interchangeability,X_ide,Vim,The developers use Vim for development.,True
llama8b__X_ide__5,llama8b,openrouter,meta-llama/llama-3.1-8b-instruct,P3_strict_interchangeability,X_ide,Visual Studio Code,The team works with Visual Studio Code for software development.,True
llama8b__X_ide__5,llama8b,openrouter,meta-llama/llama-3.1-8b-instruct,P3_strict_interchangeability,X_ide,Visual Studio,The team works with Visual Studio for software development.,True
llama8b__X_ide__5,llama8b,openrouter,meta-llama/llama-3.1-8b-instruct,P3_strict_interchangeability,X_ide,Notepad++,The team works with Notepad++ for software development.,True
llama8b__X_ide__5,llama8b,openrouter,meta-llama/llama-3.1-8b-instruct,P3_strict_interchangeability,X_ide,IntelliJ IDEA,The team works with IntelliJ IDEA for software development.,True
llama8b__X_ide__5,llama8b,openrouter,meta-llama/llama-3.1-8b-instruct,P3_strict_interchangeability,X_ide,Vim,The team works with Vim for software development.,True
llama8b__X_ide__6,llama8b,openrouter,meta-llama/llama-3.1-8b-instruct,P3_strict_interchangeability,X_ide,Visual Studio Code,The engineer works in Visual Studio Code while developing software.,True
llama8b__X_ide__6,llama8b,openrouter,meta-llama/llama-3.1-8b-instruct,P3_strict_interchangeability,X_ide,Visual Studio,The engineer works in Visual Studio while developing software.,True
llama8b__X_ide__6,llama8b,openrouter,meta-llama/llama-3.1-8b-instruct,P3_strict_interchangeability,X_ide,Notepad++,The engineer works in Notepad++ while developing software.,True
llama8b__X_ide__6,llama8b,openrouter,meta-llama/llama-3.1-8b-instruct,P3_strict_interchangeability,X_ide,IntelliJ IDEA,The engineer works in IntelliJ IDEA while developing software.,True
llama8b__X_ide__6,llama8b,openrouter,meta-llama/llama-3.1-8b-instruct,P3_strict_interchangeability,X_ide,Vim,The engineer works in Vim while developing software.,True
llama8b__X_ide__7,llama8b,openrouter,meta-llama/llama-3.1-8b-instruct,P3_strict_interchangeability,X_ide,Visual Studio Code,Developers use Visual Studio Code to edit project code.,True
llama8b__X_ide__7,llama8b,openrouter,meta-llama/llama-3.1-8b-instruct,P3_strict_interchangeability,X_ide,Visual Studio,Developers use Visual Studio to edit project code.,True
llama8b__X_ide__7,llama8b,openrouter,meta-llama/llama-3.1-8b-instruct,P3_strict_interchangeability,X_ide,Notepad++,Developers use Notepad++ to edit project code.,True
llama8b__X_ide__7,llama8b,openrouter,meta-llama/llama-3.1-8b-instruct,P3_strict_interchangeability,X_ide,IntelliJ IDEA,Developers use IntelliJ IDEA to edit project code.,True
llama8b__X_ide__7,llama8b,openrouter,meta-llama/llama-3.1-8b-instruct,P3_strict_interchangeability,X_ide,Vim,Developers use Vim to edit project code.,True
llama8b__X_ide__8,llama8b,openrouter,meta-llama/llama-3.1-8b-instruct,P3_strict_interchangeability,X_ide,Visual Studio Code,The engineer uses Visual Studio Code for development.,True
llama8b__X_ide__8,llama8b,openrouter,meta-llama/llama-3.1-8b-instruct,P3_strict_interchangeability,X_ide,Visual Studio,The engineer uses Visual Studio for development.,True
llama8b__X_ide__8,llama8b,openrouter,meta-llama/llama-3.1-8b-instruct,P3_strict_interchangeability,X_ide,Notepad++,The engineer uses Notepad++ for development.,True
llama8b__X_ide__8,llama8b,openrouter,meta-llama/llama-3.1-8b-instruct,P3_strict_interchangeability,X_ide,IntelliJ IDEA,The engineer uses IntelliJ IDEA for development.,True
llama8b__X_ide__8,llama8b,openrouter,meta-llama/llama-3.1-8b-instruct,P3_strict_interchangeability,X_ide,Vim,The engineer uses Vim for development.,True
llama8b__X_ide__9,llama8b,openrouter,meta-llama/llama-3.1-8b-instruct,P3_strict_interchangeability,X_ide,Visual Studio Code,The team uses Visual Studio Code to edit project code.,True
llama8b__X_ide__9,llama8b,openrouter,meta-llama/llama-3.1-8b-instruct,P3_strict_interchangeability,X_ide,Visual Studio,The team uses Visual Studio to edit project code.,True
llama8b__X_ide__9,llama8b,openrouter,meta-llama/llama-3.1-8b-instruct,P3_strict_interchangeability,X_ide,Notepad++,The team uses Notepad++ to edit project code.,True
llama8b__X_ide__9,llama8b,openrouter,meta-llama/llama-3.1-8b-instruct,P3_strict_interchangeability,X_ide,IntelliJ IDEA,The team uses IntelliJ IDEA to edit project code.,True
llama8b__X_ide__9,llama8b,openrouter,meta-llama/llama-3.1-8b-instruct,P3_strict_interchangeability,X_ide,Vim,The team uses Vim to edit project code.,True
llama8b__X_ide__10,llama8b,openrouter,meta-llama/llama-3.1-8b-instruct,P3_strict_interchangeability,X_ide,Visual Studio Code,Engineers work in Visual Studio Code while developing software.,True
llama8b__X_ide__10,llama8b,openrouter,meta-llama/llama-3.1-8b-instruct,P3_strict_interchangeability,X_ide,Visual Studio,Engineers work in Visual Studio while developing software.,True
llama8b__X_ide__10,llama8b,openrouter,meta-llama/llama-3.1-8b-instruct,P3_strict_interchangeability,X_ide,Notepad++,Engineers work in Notepad++ while developing software.,True
llama8b__X_ide__10,llama8b,openrouter,meta-llama/llama-3.1-8b-instruct,P3_strict_interchangeability,X_ide,IntelliJ IDEA,Engineers work in IntelliJ IDEA while developing software.,True
llama8b__X_ide__10,llama8b,openrouter,meta-llama/llama-3.1-8b-instruct,P3_strict_interchangeability,X_ide,Vim,Engineers work in Vim while developing software.,True
llama8b__X_ide__11,llama8b,openrouter,meta-llama/llama-3.1-8b-instruct,P3_strict_interchangeability,X_ide,Visual Studio Code,The team uses Visual Studio Code while developing software.,True
llama8b__X_ide__11,llama8b,openrouter,meta-llama/llama-3.1-8b-instruct,P3_strict_interchangeability,X_ide,Visual Studio,The team uses Visual Studio while developing software.,True
llama8b__X_ide__11,llama8b,openrouter,meta-llama/llama-3.1-8b-instruct,P3_strict_interchangeability,X_ide,Notepad++,The team uses Notepad++ while developing software.,True
llama8b__X_ide__11,llama8b,openrouter,meta-llama/llama-3.1-8b-instruct,P3_strict_interchangeability,X_ide,IntelliJ IDEA,The team uses IntelliJ IDEA while developing software.,True
llama8b__X_ide__11,llama8b,openrouter,meta-llama/llama-3.1-8b-instruct,P3_strict_interchangeability,X_ide,Vim,The team uses Vim while developing software.,True
llama8b__X_ide__12,llama8b,openrouter,meta-llama/llama-3.1-8b-instruct,P3_strict_interchangeability,X_ide,Visual Studio Code,Developers work with Visual Studio Code for development.,True
llama8b__X_ide__12,llama8b,openrouter,meta-llama/llama-3.1-8b-instruct,P3_strict_interchangeability,X_ide,Visual Studio,Developers work with Visual Studio for development.,True
llama8b__X_ide__12,llama8b,openrouter,meta-llama/llama-3.1-8b-instruct,P3_strict_interchangeability,X_ide,Notepad++,Developers work with Notepad++ for development.,True
llama8b__X_ide__12,llama8b,openrouter,meta-llama/llama-3.1-8b-instruct,P3_strict_interchangeability,X_ide,IntelliJ IDEA,Developers work with IntelliJ IDEA for development.,True
llama8b__X_ide__12,llama8b,openrouter,meta-llama/llama-3.1-8b-instruct,P3_strict_interchangeability,X_ide,Vim,Developers work with Vim for development.,True
llama8b__X_ide__13,llama8b,openrouter,meta-llama/llama-3.1-8b-instruct,P3_strict_interchangeability,X_ide,Visual Studio Code,The engineer uses Visual Studio Code for the project.,True
llama8b__X_ide__13,llama8b,openrouter,meta-llama/llama-3.1-8b-instruct,P3_strict_interchangeability,X_ide,Visual Studio,The engineer uses Visual Studio for the project.,True
llama8b__X_ide__13,llama8b,openrouter,meta-llama/llama-3.1-8b-instruct,P3_strict_interchangeability,X_ide,Notepad++,The engineer uses Notepad++ for the project.,True
llama8b__X_ide__13,llama8b,openrouter,meta-llama/llama-3.1-8b-instruct,P3_strict_interchangeability,X_ide,IntelliJ IDEA,The engineer uses IntelliJ IDEA for the project.,True
llama8b__X_ide__13,llama8b,openrouter,meta-llama/llama-3.1-8b-instruct,P3_strict_interchangeability,X_ide,Vim,The engineer uses Vim for the project.,True
llama8b__X_ide__14,llama8b,openrouter,meta-llama/llama-3.1-8b-instruct,P3_strict_interchangeability,X_ide,Visual Studio Code,The team works in Visual Studio Code for development.,True
llama8b__X_ide__14,llama8b,openrouter,meta-llama/llama-3.1-8b-instruct,P3_strict_interchangeability,X_ide,Visual Studio,The team works in Visual Studio for development.,True
llama8b__X_ide__14,llama8b,openrouter,meta-llama/llama-3.1-8b-instruct,P3_strict_interchangeability,X_ide,Notepad++,The team works in Notepad++ for development.,True
llama8b__X_ide__14,llama8b,openrouter,meta-llama/llama-3.1-8b-instruct,P3_strict_interchangeability,X_ide,IntelliJ IDEA,The team works in IntelliJ IDEA for development.,True
llama8b__X_ide__14,llama8b,openrouter,meta-llama/llama-3.1-8b-instruct,P3_strict_interchangeability,X_ide,Vim,The team works in Vim for development.,True
llama8b__X_ide__15,llama8b,openrouter,meta-llama/llama-3.1-8b-instruct,P3_strict_interchangeability,X_ide,Visual Studio Code,The developer uses Visual Studio Code to edit project code.,True
llama8b__X_ide__15,llama8b,openrouter,meta-llama/llama-3.1-8b-instruct,P3_strict_interchangeability,X_ide,Visual Studio,The developer uses Visual Studio to edit project code.,True
llama8b__X_ide__15,llama8b,openrouter,meta-llama/llama-3.1-8b-instruct,P3_strict_interchangeability,X_ide,Notepad++,The developer uses Notepad++ to edit project code.,True
llama8b__X_ide__15,llama8b,openrouter,meta-llama/llama-3.1-8b-instruct,P3_strict_interchangeability,X_ide,IntelliJ IDEA,The developer uses IntelliJ IDEA to edit project code.,True
llama8b__X_ide__15,llama8b,openrouter,meta-llama/llama-3.1-8b-instruct,P3_strict_interchangeability,X_ide,Vim,The developer uses Vim to edit project code.,True
llama8b__X_ide__16,llama8b,openrouter,meta-llama/llama-3.1-8b-instruct,P3_strict_interchangeability,X_ide,Visual Studio Code,Developers work in Visual Studio Code for development.,True
llama8b__X_ide__16,llama8b,openrouter,meta-llama/llama-3.1-8b-instruct,P3_strict_interchangeability,X_ide,Visual Studio,Developers work in Visual Studio for development.,True
llama8b__X_ide__16,llama8b,openrouter,meta-llama/llama-3.1-8b-instruct,P3_strict_interchangeability,X_ide,Notepad++,Developers work in Notepad++ for development.,True
llama8b__X_ide__16,llama8b,openrouter,meta-llama/llama-3.1-8b-instruct,P3_strict_interchangeability,X_ide,IntelliJ IDEA,Developers work in IntelliJ IDEA for development.,True
llama8b__X_ide__16,llama8b,openrouter,meta-llama/llama-3.1-8b-instruct,P3_strict_interchangeability,X_ide,Vim,Developers work in Vim for development.,True
llama8b__X_ide__17,llama8b,openrouter,meta-llama/llama-3.1-8b-instruct,P3_strict_interchangeability,X_ide,Visual Studio Code,The engineer uses Visual Studio Code to develop software.,True
llama8b__X_ide__17,llama8b,openrouter,meta-llama/llama-3.1-8b-instruct,P3_strict_interchangeability,X_ide,Visual Studio,The engineer uses Visual Studio to develop software.,True
llama8b__X_ide__17,llama8b,openrouter,meta-llama/llama-3.1-8b-instruct,P3_strict_interchangeability,X_ide,Notepad++,The engineer uses Notepad++ to develop software.,True
llama8b__X_ide__17,llama8b,openrouter,meta-llama/llama-3.1-8b-instruct,P3_strict_interchangeability,X_ide,IntelliJ IDEA,The engineer uses IntelliJ IDEA to develop software.,True
llama8b__X_ide__17,llama8b,openrouter,meta-llama/llama-3.1-8b-instruct,P3_strict_interchangeability,X_ide,Vim,The engineer uses Vim to develop software.,True
llama8b__X_ide__18,llama8b,openrouter,meta-llama/llama-3.1-8b-instruct,P3_strict_interchangeability,X_ide,Visual Studio Code,The team uses Visual Studio Code for software development.,True
llama8b__X_ide__18,llama8b,openrouter,meta-llama/llama-3.1-8b-instruct,P3_strict_interchangeability,X_ide,Visual Studio,The team uses Visual Studio for software development.,True
llama8b__X_ide__18,llama8b,openrouter,meta-llama/llama-3.1-8b-instruct,P3_strict_interchangeability,X_ide,Notepad++,The team uses Notepad++ for software development.,True
llama8b__X_ide__18,llama8b,openrouter,meta-llama/llama-3.1-8b-instruct,P3_strict_interchangeability,X_ide,IntelliJ IDEA,The team uses IntelliJ IDEA for software development.,True
llama8b__X_ide__18,llama8b,openrouter,meta-llama/llama-3.1-8b-instruct,P3_strict_interchangeability,X_ide,Vim,The team uses Vim for software development.,True
llama8b__X_ide__19,llama8b,openrouter,meta-llama/llama-3.1-8b-instruct,P3_strict_interchangeability,X_ide,Visual Studio Code,Engineers work with Visual Studio Code for development.,True
llama8b__X_ide__19,llama8b,openrouter,meta-llama/llama-3.1-8b-instruct,P3_strict_interchangeability,X_ide,Visual Studio,Engineers work with Visual Studio for development.,True
llama8b__X_ide__19,llama8b,openrouter,meta-llama/llama-3.1-8b-instruct,P3_strict_interchangeability,X_ide,Notepad++,Engineers work with Notepad++ for development.,True
llama8b__X_ide__19,llama8b,openrouter,meta-llama/llama-3.1-8b-instruct,P3_strict_interchangeability,X_ide,IntelliJ IDEA,Engineers work with IntelliJ IDEA for development.,True
llama8b__X_ide__19,llama8b,openrouter,meta-llama/llama-3.1-8b-instruct,P3_strict_interchangeability,X_ide,Vim,Engineers work with Vim for development.,True
llama8b__X_ide__20,llama8b,openrouter,meta-llama/llama-3.1-8b-instruct,P3_strict_interchangeability,X_ide,Visual Studio Code,The team uses Visual Studio Code to develop software.,True
llama8b__X_ide__20,llama8b,openrouter,meta-llama/llama-3.1-8b-instruct,P3_strict_interchangeability,X_ide,Visual Studio,The team uses Visual Studio to develop software.,True
llama8b__X_ide__20,llama8b,openrouter,meta-llama/llama-3.1-8b-instruct,P3_strict_interchangeability,X_ide,Notepad++,The team uses Notepad++ to develop software.,True
llama8b__X_ide__20,llama8b,openrouter,meta-llama/llama-3.1-8b-instruct,P3_strict_interchangeability,X_ide,IntelliJ IDEA,The team uses IntelliJ IDEA to develop software.,True
llama8b__X_ide__20,llama8b,openrouter,meta-llama/llama-3.1-8b-instruct,P3_strict_interchangeability,X_ide,Vim,The team uses Vim to develop software.,True
llama8b__X_ide__21,llama8b,openrouter,meta-llama/llama-3.1-8b-instruct,P3_strict_interchangeability,X_ide,Visual Studio Code,Developers work with Visual Studio Code while developing software.,True
llama8b__X_ide__21,llama8b,openrouter,meta-llama/llama-3.1-8b-instruct,P3_strict_interchangeability,X_ide,Visual Studio,Developers work with Visual Studio while developing software.,True
llama8b__X_ide__21,llama8b,openrouter,meta-llama/llama-3.1-8b-instruct,P3_strict_interchangeability,X_ide,Notepad++,Developers work with Notepad++ while developing software.,True
llama8b__X_ide__21,llama8b,openrouter,meta-llama/llama-3.1-8b-instruct,P3_strict_interchangeability,X_ide,IntelliJ IDEA,Developers work with IntelliJ IDEA while developing software.,True
llama8b__X_ide__21,llama8b,openrouter,meta-llama/llama-3.1-8b-instruct,P3_strict_interchangeability,X_ide,Vim,Developers work with Vim while developing software.,True
llama8b__X_ide__22,llama8b,openrouter,meta-llama/llama-3.1-8b-instruct,P3_strict_interchangeability,X_ide,Visual Studio Code,The engineer works with Visual Studio Code for development.,True
llama8b__X_ide__22,llama8b,openrouter,meta-llama/llama-3.1-8b-instruct,P3_strict_interchangeability,X_ide,Visual Studio,The engineer works with Visual Studio for development.,True
llama8b__X_ide__22,llama8b,openrouter,meta-llama/llama-3.1-8b-instruct,P3_strict_interchangeability,X_ide,Notepad++,The engineer works with Notepad++ for development.,True
llama8b__X_ide__22,llama8b,openrouter,meta-llama/llama-3.1-8b-instruct,P3_strict_interchangeability,X_ide,IntelliJ IDEA,The engineer works with IntelliJ IDEA for development.,True
llama8b__X_ide__22,llama8b,openrouter,meta-llama/llama-3.1-8b-instruct,P3_strict_interchangeability,X_ide,Vim,The engineer works with Vim for development.,True
llama8b__X_ide__23,llama8b,openrouter,meta-llama/llama-3.1-8b-instruct,P3_strict_interchangeability,X_ide,Visual Studio Code,The team works with Visual Studio Code to edit project code.,True
llama8b__X_ide__23,llama8b,openrouter,meta-llama/llama-3.1-8b-instruct,P3_strict_interchangeability,X_ide,Visual Studio,The team works with Visual Studio to edit project code.,True
llama8b__X_ide__23,llama8b,openrouter,meta-llama/llama-3.1-8b-instruct,P3_strict_interchangeability,X_ide,Notepad++,The team works with Notepad++ to edit project code.,True
llama8b__X_ide__23,llama8b,openrouter,meta-llama/llama-3.1-8b-instruct,P3_strict_interchangeability,X_ide,IntelliJ IDEA,The team works with IntelliJ IDEA to edit project code.,True
llama8b__X_ide__23,llama8b,openrouter,meta-llama/llama-3.1-8b-instruct,P3_strict_interchangeability,X_ide,Vim,The team works with Vim to edit project code.,True
llama8b__X_ide__24,llama8b,openrouter,meta-llama/llama-3.1-8b-instruct,P3_strict_interchangeability,X_ide,Visual Studio Code,The developer uses Visual Studio Code while developing software.,True
llama8b__X_ide__24,llama8b,openrouter,meta-llama/llama-3.1-8b-instruct,P3_strict_interchangeability,X_ide,Visual Studio,The developer uses Visual Studio while developing software.,True
llama8b__X_ide__24,llama8b,openrouter,meta-llama/llama-3.1-8b-instruct,P3_strict_interchangeability,X_ide,Notepad++,The developer uses Notepad++ while developing software.,True
llama8b__X_ide__24,llama8b,openrouter,meta-llama/llama-3.1-8b-instruct,P3_strict_interchangeability,X_ide,IntelliJ IDEA,The developer uses IntelliJ IDEA while developing software.,True
llama8b__X_ide__24,llama8b,openrouter,meta-llama/llama-3.1-8b-instruct,P3_strict_interchangeability,X_ide,Vim,The developer uses Vim while developing software.,True
llama8b__X_ide__25,llama8b,openrouter,meta-llama/llama-3.1-8b-instruct,P3_strict_interchangeability,X_ide,Visual Studio Code,Engineers use Visual Studio Code for the project.,True
llama8b__X_ide__25,llama8b,openrouter,meta-llama/llama-3.1-8b-instruct,P3_strict_interchangeability,X_ide,Visual Studio,Engineers use Visual Studio for the project.,True
llama8b__X_ide__25,llama8b,openrouter,meta-llama/llama-3.1-8b-instruct,P3_strict_interchangeability,X_ide,Notepad++,Engineers use Notepad++ for the project.,True
llama8b__X_ide__25,llama8b,openrouter,meta-llama/llama-3.1-8b-instruct,P3_strict_interchangeability,X_ide,IntelliJ IDEA,Engineers use IntelliJ IDEA for the project.,True
llama8b__X_ide__25,llama8b,openrouter,meta-llama/llama-3.1-8b-instruct,P3_strict_interchangeability,X_ide,Vim,Engineers use Vim for the project.,True