frame_id,model_alias,provider,model,prompt_id,category,technology,sentence,auto_accept
llama70b__L1_physical__1,llama70b,openrouter,meta-llama/llama-3.3-70b-instruct,P3_strict_interchangeability,L1_physical,USB,Devices connect using USB.,False
llama70b__L1_physical__1,llama70b,openrouter,meta-llama/llama-3.3-70b-instruct,P3_strict_interchangeability,L1_physical,Ethernet,Devices connect using Ethernet.,False
llama70b__L1_physical__1,llama70b,openrouter,meta-llama/llama-3.3-70b-instruct,P3_strict_interchangeability,L1_physical,Bluetooth,Devices connect using Bluetooth.,False
llama70b__L1_physical__1,llama70b,openrouter,meta-llama/llama-3.3-70b-instruct,P3_strict_interchangeability,L1_physical,NPC,Devices connect using NPC.,False
llama70b__L1_physical__2,llama70b,openrouter,meta-llama/llama-3.3-70b-instruct,P3_strict_interchangeability,L1_physical,USB,Machines communicate through USB.,False
llama70b__L1_physical__2,llama70b,openrouter,meta-llama/llama-3.3-70b-instruct,P3_strict_interchangeability,L1_physical,Ethernet,Machines communicate through Ethernet.,False
llama70b__L1_physical__2,llama70b,openrouter,meta-llama/llama-3.3-70b-instruct,P3_strict_interchangeability,L1_physical,Bluetooth,Machines communicate through Bluetooth.,False
llama70b__L1_physical__2,llama70b,openrouter,meta-llama/llama-3.3-70b-instruct,P3_strict_interchangeability,L1_physical,NPC,Machines communicate through NPC.,False
llama70b__L1_physical__3,llama70b,openrouter,meta-llama/llama-3.3-70b-instruct,P3_strict_interchangeability,L1_physical,USB,Equipment uses USB for connectivity.,True
llama70b__L1_physical__3,llama70b,openrouter,meta-llama/llama-3.3-70b-instruct,P3_strict_interchangeability,L1_physical,Ethernet,Equipment uses Ethernet for connectivity.,True
llama70b__L1_physical__3,llama70b,openrouter,meta-llama/llama-3.3-70b-instruct,P3_strict_interchangeability,L1_physical,Bluetooth,Equipment uses Bluetooth for connectivity.,True
llama70b__L1_physical__3,llama70b,openrouter,meta-llama/llama-3.3-70b-instruct,P3_strict_interchangeability,L1_physical,NPC,Equipment uses NPC for connectivity.,True
llama70b__L1_physical__4,llama70b,openrouter,meta-llama/llama-3.3-70b-instruct,P3_strict_interchangeability,L1_physical,USB,Systems transmit data via USB.,True
llama70b__L1_physical__4,llama70b,openrouter,meta-llama/llama-3.3-70b-instruct,P3_strict_interchangeability,L1_physical,Ethernet,Systems transmit data via Ethernet.,True
llama70b__L1_physical__4,llama70b,openrouter,meta-llama/llama-3.3-70b-instruct,P3_strict_interchangeability,L1_physical,Bluetooth,Systems transmit data via Bluetooth.,True
llama70b__L1_physical__4,llama70b,openrouter,meta-llama/llama-3.3-70b-instruct,P3_strict_interchangeability,L1_physical,NPC,Systems transmit data via NPC.,True
llama70b__L1_physical__5,llama70b,openrouter,meta-llama/llama-3.3-70b-instruct,P3_strict_interchangeability,L1_physical,USB,Hardware connects with USB.,False
llama70b__L1_physical__5,llama70b,openrouter,meta-llama/llama-3.3-70b-instruct,P3_strict_interchangeability,L1_physical,Ethernet,Hardware connects with Ethernet.,False
llama70b__L1_physical__5,llama70b,openrouter,meta-llama/llama-3.3-70b-instruct,P3_strict_interchangeability,L1_physical,Bluetooth,Hardware connects with Bluetooth.,False
llama70b__L1_physical__5,llama70b,openrouter,meta-llama/llama-3.3-70b-instruct,P3_strict_interchangeability,L1_physical,NPC,Hardware connects with NPC.,False
llama70b__L1_physical__6,llama70b,openrouter,meta-llama/llama-3.3-70b-instruct,P3_strict_interchangeability,L1_physical,USB,The device uses USB for transmission.,True
llama70b__L1_physical__6,llama70b,openrouter,meta-llama/llama-3.3-70b-instruct,P3_strict_interchangeability,L1_physical,Ethernet,The device uses Ethernet for transmission.,True
llama70b__L1_physical__6,llama70b,openrouter,meta-llama/llama-3.3-70b-instruct,P3_strict_interchangeability,L1_physical,Bluetooth,The device uses Bluetooth for transmission.,True
llama70b__L1_physical__6,llama70b,openrouter,meta-llama/llama-3.3-70b-instruct,P3_strict_interchangeability,L1_physical,NPC,The device uses NPC for transmission.,True
llama70b__L1_physical__7,llama70b,openrouter,meta-llama/llama-3.3-70b-instruct,P3_strict_interchangeability,L1_physical,USB,Network hardware utilizes USB.,False
llama70b__L1_physical__7,llama70b,openrouter,meta-llama/llama-3.3-70b-instruct,P3_strict_interchangeability,L1_physical,Ethernet,Network hardware utilizes Ethernet.,False
llama70b__L1_physical__7,llama70b,openrouter,meta-llama/llama-3.3-70b-instruct,P3_strict_interchangeability,L1_physical,Bluetooth,Network hardware utilizes Bluetooth.,False
llama70b__L1_physical__7,llama70b,openrouter,meta-llama/llama-3.3-70b-instruct,P3_strict_interchangeability,L1_physical,NPC,Network hardware utilizes NPC.,False
llama70b__L1_physical__8,llama70b,openrouter,meta-llama/llama-3.3-70b-instruct,P3_strict_interchangeability,L1_physical,USB,Computers exchange data through USB.,True
llama70b__L1_physical__8,llama70b,openrouter,meta-llama/llama-3.3-70b-instruct,P3_strict_interchangeability,L1_physical,Ethernet,Computers exchange data through Ethernet.,True
llama70b__L1_physical__8,llama70b,openrouter,meta-llama/llama-3.3-70b-instruct,P3_strict_interchangeability,L1_physical,Bluetooth,Computers exchange data through Bluetooth.,True
llama70b__L1_physical__8,llama70b,openrouter,meta-llama/llama-3.3-70b-instruct,P3_strict_interchangeability,L1_physical,NPC,Computers exchange data through NPC.,True
llama70b__L1_physical__9,llama70b,openrouter,meta-llama/llama-3.3-70b-instruct,P3_strict_interchangeability,L1_physical,USB,The system communicates using USB.,True
llama70b__L1_physical__9,llama70b,openrouter,meta-llama/llama-3.3-70b-instruct,P3_strict_interchangeability,L1_physical,Ethernet,The system communicates using Ethernet.,True
llama70b__L1_physical__9,llama70b,openrouter,meta-llama/llama-3.3-70b-instruct,P3_strict_interchangeability,L1_physical,Bluetooth,The system communicates using Bluetooth.,True
llama70b__L1_physical__9,llama70b,openrouter,meta-llama/llama-3.3-70b-instruct,P3_strict_interchangeability,L1_physical,NPC,The system communicates using NPC.,True
llama70b__L1_physical__10,llama70b,openrouter,meta-llama/llama-3.3-70b-instruct,P3_strict_interchangeability,L1_physical,USB,Devices exchange signals via USB.,True
llama70b__L1_physical__10,llama70b,openrouter,meta-llama/llama-3.3-70b-instruct,P3_strict_interchangeability,L1_physical,Ethernet,Devices exchange signals via Ethernet.,True
llama70b__L1_physical__10,llama70b,openrouter,meta-llama/llama-3.3-70b-instruct,P3_strict_interchangeability,L1_physical,Bluetooth,Devices exchange signals via Bluetooth.,True
llama70b__L1_physical__10,llama70b,openrouter,meta-llama/llama-3.3-70b-instruct,P3_strict_interchangeability,L1_physical,NPC,Devices exchange signals via NPC.,True
llama70b__L1_physical__11,llama70b,openrouter,meta-llama/llama-3.3-70b-instruct,P3_strict_interchangeability,L1_physical,USB,Machines transmit through USB.,False
llama70b__L1_physical__11,llama70b,openrouter,meta-llama/llama-3.3-70b-instruct,P3_strict_interchangeability,L1_physical,Ethernet,Machines transmit through Ethernet.,False
llama70b__L1_physical__11,llama70b,openrouter,meta-llama/llama-3.3-70b-instruct,P3_strict_interchangeability,L1_physical,Bluetooth,Machines transmit through Bluetooth.,False
llama70b__L1_physical__11,llama70b,openrouter,meta-llama/llama-3.3-70b-instruct,P3_strict_interchangeability,L1_physical,NPC,Machines transmit through NPC.,False
llama70b__L1_physical__12,llama70b,openrouter,meta-llama/llama-3.3-70b-instruct,P3_strict_interchangeability,L1_physical,USB,The equipment connects with USB.,True
llama70b__L1_physical__12,llama70b,openrouter,meta-llama/llama-3.3-70b-instruct,P3_strict_interchangeability,L1_physical,Ethernet,The equipment connects with Ethernet.,True
llama70b__L1_physical__12,llama70b,openrouter,meta-llama/llama-3.3-70b-instruct,P3_strict_interchangeability,L1_physical,Bluetooth,The equipment connects with Bluetooth.,True
llama70b__L1_physical__12,llama70b,openrouter,meta-llama/llama-3.3-70b-instruct,P3_strict_interchangeability,L1_physical,NPC,The equipment connects with NPC.,True
llama70b__L1_physical__13,llama70b,openrouter,meta-llama/llama-3.3-70b-instruct,P3_strict_interchangeability,L1_physical,USB,Hardware devices use USB.,False
llama70b__L1_physical__13,llama70b,openrouter,meta-llama/llama-3.3-70b-instruct,P3_strict_interchangeability,L1_physical,Ethernet,Hardware devices use Ethernet.,False
llama70b__L1_physical__13,llama70b,openrouter,meta-llama/llama-3.3-70b-instruct,P3_strict_interchangeability,L1_physical,Bluetooth,Hardware devices use Bluetooth.,False
llama70b__L1_physical__13,llama70b,openrouter,meta-llama/llama-3.3-70b-instruct,P3_strict_interchangeability,L1_physical,NPC,Hardware devices use NPC.,False
llama70b__L1_physical__14,llama70b,openrouter,meta-llama/llama-3.3-70b-instruct,P3_strict_interchangeability,L1_physical,USB,Systems connect via USB.,False
llama70b__L1_physical__14,llama70b,openrouter,meta-llama/llama-3.3-70b-instruct,P3_strict_interchangeability,L1_physical,Ethernet,Systems connect via Ethernet.,False
llama70b__L1_physical__14,llama70b,openrouter,meta-llama/llama-3.3-70b-instruct,P3_strict_interchangeability,L1_physical,Bluetooth,Systems connect via Bluetooth.,False
llama70b__L1_physical__14,llama70b,openrouter,meta-llama/llama-3.3-70b-instruct,P3_strict_interchangeability,L1_physical,NPC,Systems connect via NPC.,False
llama70b__L1_physical__15,llama70b,openrouter,meta-llama/llama-3.3-70b-instruct,P3_strict_interchangeability,L1_physical,USB,The hardware uses USB for connectivity.,True
llama70b__L1_physical__15,llama70b,openrouter,meta-llama/llama-3.3-70b-instruct,P3_strict_interchangeability,L1_physical,Ethernet,The hardware uses Ethernet for connectivity.,True
llama70b__L1_physical__15,llama70b,openrouter,meta-llama/llama-3.3-70b-instruct,P3_strict_interchangeability,L1_physical,Bluetooth,The hardware uses Bluetooth for connectivity.,True
llama70b__L1_physical__15,llama70b,openrouter,meta-llama/llama-3.3-70b-instruct,P3_strict_interchangeability,L1_physical,NPC,The hardware uses NPC for connectivity.,True
llama70b__L1_physical__16,llama70b,openrouter,meta-llama/llama-3.3-70b-instruct,P3_strict_interchangeability,L1_physical,USB,Devices communicate through USB.,False
llama70b__L1_physical__16,llama70b,openrouter,meta-llama/llama-3.3-70b-instruct,P3_strict_interchangeability,L1_physical,Ethernet,Devices communicate through Ethernet.,False
llama70b__L1_physical__16,llama70b,openrouter,meta-llama/llama-3.3-70b-instruct,P3_strict_interchangeability,L1_physical,Bluetooth,Devices communicate through Bluetooth.,False
llama70b__L1_physical__16,llama70b,openrouter,meta-llama/llama-3.3-70b-instruct,P3_strict_interchangeability,L1_physical,NPC,Devices communicate through NPC.,False
llama70b__L1_physical__17,llama70b,openrouter,meta-llama/llama-3.3-70b-instruct,P3_strict_interchangeability,L1_physical,USB,Network devices utilize USB.,False
llama70b__L1_physical__17,llama70b,openrouter,meta-llama/llama-3.3-70b-instruct,P3_strict_interchangeability,L1_physical,Ethernet,Network devices utilize Ethernet.,False
llama70b__L1_physical__17,llama70b,openrouter,meta-llama/llama-3.3-70b-instruct,P3_strict_interchangeability,L1_physical,Bluetooth,Network devices utilize Bluetooth.,False
llama70b__L1_physical__17,llama70b,openrouter,meta-llama/llama-3.3-70b-instruct,P3_strict_interchangeability,L1_physical,NPC,Network devices utilize NPC.,False
llama70b__L1_physical__18,llama70b,openrouter,meta-llama/llama-3.3-70b-instruct,P3_strict_interchangeability,L1_physical,USB,The computer uses USB for transmission.,True
llama70b__L1_physical__18,llama70b,openrouter,meta-llama/llama-3.3-70b-instruct,P3_strict_interchangeability,L1_physical,Ethernet,The computer uses Ethernet for transmission.,True
llama70b__L1_physical__18,llama70b,openrouter,meta-llama/llama-3.3-70b-instruct,P3_strict_interchangeability,L1_physical,Bluetooth,The computer uses Bluetooth for transmission.,True
llama70b__L1_physical__18,llama70b,openrouter,meta-llama/llama-3.3-70b-instruct,P3_strict_interchangeability,L1_physical,NPC,The computer uses NPC for transmission.,True
llama70b__L1_physical__19,llama70b,openrouter,meta-llama/llama-3.3-70b-instruct,P3_strict_interchangeability,L1_physical,USB,Equipment communicates using USB.,False
llama70b__L1_physical__19,llama70b,openrouter,meta-llama/llama-3.3-70b-instruct,P3_strict_interchangeability,L1_physical,Ethernet,Equipment communicates using Ethernet.,False
llama70b__L1_physical__19,llama70b,openrouter,meta-llama/llama-3.3-70b-instruct,P3_strict_interchangeability,L1_physical,Bluetooth,Equipment communicates using Bluetooth.,False
llama70b__L1_physical__19,llama70b,openrouter,meta-llama/llama-3.3-70b-instruct,P3_strict_interchangeability,L1_physical,NPC,Equipment communicates using NPC.,False
llama70b__L1_physical__20,llama70b,openrouter,meta-llama/llama-3.3-70b-instruct,P3_strict_interchangeability,L1_physical,USB,The machine connects with USB.,True
llama70b__L1_physical__20,llama70b,openrouter,meta-llama/llama-3.3-70b-instruct,P3_strict_interchangeability,L1_physical,Ethernet,The machine connects with Ethernet.,True
llama70b__L1_physical__20,llama70b,openrouter,meta-llama/llama-3.3-70b-instruct,P3_strict_interchangeability,L1_physical,Bluetooth,The machine connects with Bluetooth.,True
llama70b__L1_physical__20,llama70b,openrouter,meta-llama/llama-3.3-70b-instruct,P3_strict_interchangeability,L1_physical,NPC,The machine connects with NPC.,True
llama70b__L1_physical__21,llama70b,openrouter,meta-llama/llama-3.3-70b-instruct,P3_strict_interchangeability,L1_physical,USB,Devices connect via USB.,False
llama70b__L1_physical__21,llama70b,openrouter,meta-llama/llama-3.3-70b-instruct,P3_strict_interchangeability,L1_physical,Ethernet,Devices connect via Ethernet.,False
llama70b__L1_physical__21,llama70b,openrouter,meta-llama/llama-3.3-70b-instruct,P3_strict_interchangeability,L1_physical,Bluetooth,Devices connect via Bluetooth.,False
llama70b__L1_physical__21,llama70b,openrouter,meta-llama/llama-3.3-70b-instruct,P3_strict_interchangeability,L1_physical,NPC,Devices connect via NPC.,False
llama70b__L1_physical__22,llama70b,openrouter,meta-llama/llama-3.3-70b-instruct,P3_strict_interchangeability,L1_physical,USB,Systems use USB for communication.,True
llama70b__L1_physical__22,llama70b,openrouter,meta-llama/llama-3.3-70b-instruct,P3_strict_interchangeability,L1_physical,Ethernet,Systems use Ethernet for communication.,True
llama70b__L1_physical__22,llama70b,openrouter,meta-llama/llama-3.3-70b-instruct,P3_strict_interchangeability,L1_physical,Bluetooth,Systems use Bluetooth for communication.,True
llama70b__L1_physical__22,llama70b,openrouter,meta-llama/llama-3.3-70b-instruct,P3_strict_interchangeability,L1_physical,NPC,Systems use NPC for communication.,True
llama70b__L1_physical__23,llama70b,openrouter,meta-llama/llama-3.3-70b-instruct,P3_strict_interchangeability,L1_physical,USB,Hardware connects using USB.,False
llama70b__L1_physical__23,llama70b,openrouter,meta-llama/llama-3.3-70b-instruct,P3_strict_interchangeability,L1_physical,Ethernet,Hardware connects using Ethernet.,False
llama70b__L1_physical__23,llama70b,openrouter,meta-llama/llama-3.3-70b-instruct,P3_strict_interchangeability,L1_physical,Bluetooth,Hardware connects using Bluetooth.,False
llama70b__L1_physical__23,llama70b,openrouter,meta-llama/llama-3.3-70b-instruct,P3_strict_interchangeability,L1_physical,NPC,Hardware connects using NPC.,False
llama70b__L1_physical__24,llama70b,openrouter,meta-llama/llama-3.3-70b-instruct,P3_strict_interchangeability,L1_physical,USB,The device communicates through USB.,True
llama70b__L1_physical__24,llama70b,openrouter,meta-llama/llama-3.3-70b-instruct,P3_strict_interchangeability,L1_physical,Ethernet,The device communicates through Ethernet.,True
llama70b__L1_physical__24,llama70b,openrouter,meta-llama/llama-3.3-70b-instruct,P3_strict_interchangeability,L1_physical,Bluetooth,The device communicates through Bluetooth.,True
llama70b__L1_physical__24,llama70b,openrouter,meta-llama/llama-3.3-70b-instruct,P3_strict_interchangeability,L1_physical,NPC,The device communicates through NPC.,True
llama70b__L1_physical__25,llama70b,openrouter,meta-llama/llama-3.3-70b-instruct,P3_strict_interchangeability,L1_physical,USB,Machines use USB for data exchange.,True
llama70b__L1_physical__25,llama70b,openrouter,meta-llama/llama-3.3-70b-instruct,P3_strict_interchangeability,L1_physical,Ethernet,Machines use Ethernet for data exchange.,True
llama70b__L1_physical__25,llama70b,openrouter,meta-llama/llama-3.3-70b-instruct,P3_strict_interchangeability,L1_physical,Bluetooth,Machines use Bluetooth for data exchange.,True
llama70b__L1_physical__25,llama70b,openrouter,meta-llama/llama-3.3-70b-instruct,P3_strict_interchangeability,L1_physical,NPC,Machines use NPC for data exchange.,True
llama70b__L2_data_link__1,llama70b,openrouter,meta-llama/llama-3.3-70b-instruct,P3_strict_interchangeability,L2_data_link,HDLC,Devices connect using HDLC.,False
llama70b__L2_data_link__1,llama70b,openrouter,meta-llama/llama-3.3-70b-instruct,P3_strict_interchangeability,L2_data_link,Ethernet,Devices connect using Ethernet.,False
llama70b__L2_data_link__1,llama70b,openrouter,meta-llama/llama-3.3-70b-instruct,P3_strict_interchangeability,L2_data_link,Wi-Fi,Devices connect using Wi-Fi.,False
llama70b__L2_data_link__1,llama70b,openrouter,meta-llama/llama-3.3-70b-instruct,P3_strict_interchangeability,L2_data_link,PPP,Devices connect using PPP.,False
llama70b__L2_data_link__2,llama70b,openrouter,meta-llama/llama-3.3-70b-instruct,P3_strict_interchangeability,L2_data_link,HDLC,Nodes communicate over HDLC.,False
llama70b__L2_data_link__2,llama70b,openrouter,meta-llama/llama-3.3-70b-instruct,P3_strict_interchangeability,L2_data_link,Ethernet,Nodes communicate over Ethernet.,False
llama70b__L2_data_link__2,llama70b,openrouter,meta-llama/llama-3.3-70b-instruct,P3_strict_interchangeability,L2_data_link,Wi-Fi,Nodes communicate over Wi-Fi.,False
llama70b__L2_data_link__2,llama70b,openrouter,meta-llama/llama-3.3-70b-instruct,P3_strict_interchangeability,L2_data_link,PPP,Nodes communicate over PPP.,False
llama70b__L2_data_link__3,llama70b,openrouter,meta-llama/llama-3.3-70b-instruct,P3_strict_interchangeability,L2_data_link,HDLC,Hosts use HDLC for local communication.,True
llama70b__L2_data_link__3,llama70b,openrouter,meta-llama/llama-3.3-70b-instruct,P3_strict_interchangeability,L2_data_link,Ethernet,Hosts use Ethernet for local communication.,True
llama70b__L2_data_link__3,llama70b,openrouter,meta-llama/llama-3.3-70b-instruct,P3_strict_interchangeability,L2_data_link,Wi-Fi,Hosts use Wi-Fi for local communication.,True
llama70b__L2_data_link__3,llama70b,openrouter,meta-llama/llama-3.3-70b-instruct,P3_strict_interchangeability,L2_data_link,PPP,Hosts use PPP for local communication.,True
llama70b__L2_data_link__4,llama70b,openrouter,meta-llama/llama-3.3-70b-instruct,P3_strict_interchangeability,L2_data_link,HDLC,Systems communicate via HDLC.,False
llama70b__L2_data_link__4,llama70b,openrouter,meta-llama/llama-3.3-70b-instruct,P3_strict_interchangeability,L2_data_link,Ethernet,Systems communicate via Ethernet.,False
llama70b__L2_data_link__4,llama70b,openrouter,meta-llama/llama-3.3-70b-instruct,P3_strict_interchangeability,L2_data_link,Wi-Fi,Systems communicate via Wi-Fi.,False
llama70b__L2_data_link__4,llama70b,openrouter,meta-llama/llama-3.3-70b-instruct,P3_strict_interchangeability,L2_data_link,PPP,Systems communicate via PPP.,False
llama70b__L2_data_link__5,llama70b,openrouter,meta-llama/llama-3.3-70b-instruct,P3_strict_interchangeability,L2_data_link,HDLC,Networks connect with HDLC.,False
llama70b__L2_data_link__5,llama70b,openrouter,meta-llama/llama-3.3-70b-instruct,P3_strict_interchangeability,L2_data_link,Ethernet,Networks connect with Ethernet.,False
llama70b__L2_data_link__5,llama70b,openrouter,meta-llama/llama-3.3-70b-instruct,P3_strict_interchangeability,L2_data_link,Wi-Fi,Networks connect with Wi-Fi.,False
llama70b__L2_data_link__5,llama70b,openrouter,meta-llama/llama-3.3-70b-instruct,P3_strict_interchangeability,L2_data_link,PPP,Networks connect with PPP.,False
llama70b__L2_data_link__6,llama70b,openrouter,meta-llama/llama-3.3-70b-instruct,P3_strict_interchangeability,L2_data_link,HDLC,Devices communicate using HDLC.,False
llama70b__L2_data_link__6,llama70b,openrouter,meta-llama/llama-3.3-70b-instruct,P3_strict_interchangeability,L2_data_link,Ethernet,Devices communicate using Ethernet.,False
llama70b__L2_data_link__6,llama70b,openrouter,meta-llama/llama-3.3-70b-instruct,P3_strict_interchangeability,L2_data_link,Wi-Fi,Devices communicate using Wi-Fi.,False
llama70b__L2_data_link__6,llama70b,openrouter,meta-llama/llama-3.3-70b-instruct,P3_strict_interchangeability,L2_data_link,PPP,Devices communicate using PPP.,False
llama70b__L2_data_link__7,llama70b,openrouter,meta-llama/llama-3.3-70b-instruct,P3_strict_interchangeability,L2_data_link,HDLC,Nodes use HDLC for communication.,True
llama70b__L2_data_link__7,llama70b,openrouter,meta-llama/llama-3.3-70b-instruct,P3_strict_interchangeability,L2_data_link,Ethernet,Nodes use Ethernet for communication.,True
llama70b__L2_data_link__7,llama70b,openrouter,meta-llama/llama-3.3-70b-instruct,P3_strict_interchangeability,L2_data_link,Wi-Fi,Nodes use Wi-Fi for communication.,True
llama70b__L2_data_link__7,llama70b,openrouter,meta-llama/llama-3.3-70b-instruct,P3_strict_interchangeability,L2_data_link,PPP,Nodes use PPP for communication.,True
llama70b__L2_data_link__8,llama70b,openrouter,meta-llama/llama-3.3-70b-instruct,P3_strict_interchangeability,L2_data_link,HDLC,Hosts connect over HDLC.,False
llama70b__L2_data_link__8,llama70b,openrouter,meta-llama/llama-3.3-70b-instruct,P3_strict_interchangeability,L2_data_link,Ethernet,Hosts connect over Ethernet.,False
llama70b__L2_data_link__8,llama70b,openrouter,meta-llama/llama-3.3-70b-instruct,P3_strict_interchangeability,L2_data_link,Wi-Fi,Hosts connect over Wi-Fi.,False
llama70b__L2_data_link__8,llama70b,openrouter,meta-llama/llama-3.3-70b-instruct,P3_strict_interchangeability,L2_data_link,PPP,Hosts connect over PPP.,False
llama70b__L2_data_link__9,llama70b,openrouter,meta-llama/llama-3.3-70b-instruct,P3_strict_interchangeability,L2_data_link,HDLC,Systems use HDLC for networking.,True
llama70b__L2_data_link__9,llama70b,openrouter,meta-llama/llama-3.3-70b-instruct,P3_strict_interchangeability,L2_data_link,Ethernet,Systems use Ethernet for networking.,True
llama70b__L2_data_link__9,llama70b,openrouter,meta-llama/llama-3.3-70b-instruct,P3_strict_interchangeability,L2_data_link,Wi-Fi,Systems use Wi-Fi for networking.,True
llama70b__L2_data_link__9,llama70b,openrouter,meta-llama/llama-3.3-70b-instruct,P3_strict_interchangeability,L2_data_link,PPP,Systems use PPP for networking.,True
llama70b__L2_data_link__10,llama70b,openrouter,meta-llama/llama-3.3-70b-instruct,P3_strict_interchangeability,L2_data_link,HDLC,Network devices use HDLC.,False
llama70b__L2_data_link__10,llama70b,openrouter,meta-llama/llama-3.3-70b-instruct,P3_strict_interchangeability,L2_data_link,Ethernet,Network devices use Ethernet.,False
llama70b__L2_data_link__10,llama70b,openrouter,meta-llama/llama-3.3-70b-instruct,P3_strict_interchangeability,L2_data_link,Wi-Fi,Network devices use Wi-Fi.,False
llama70b__L2_data_link__10,llama70b,openrouter,meta-llama/llama-3.3-70b-instruct,P3_strict_interchangeability,L2_data_link,PPP,Network devices use PPP.,False
llama70b__L2_data_link__11,llama70b,openrouter,meta-llama/llama-3.3-70b-instruct,P3_strict_interchangeability,L2_data_link,HDLC,Local nodes communicate over HDLC.,True
llama70b__L2_data_link__11,llama70b,openrouter,meta-llama/llama-3.3-70b-instruct,P3_strict_interchangeability,L2_data_link,Ethernet,Local nodes communicate over Ethernet.,True
llama70b__L2_data_link__11,llama70b,openrouter,meta-llama/llama-3.3-70b-instruct,P3_strict_interchangeability,L2_data_link,Wi-Fi,Local nodes communicate over Wi-Fi.,True
llama70b__L2_data_link__11,llama70b,openrouter,meta-llama/llama-3.3-70b-instruct,P3_strict_interchangeability,L2_data_link,PPP,Local nodes communicate over PPP.,True
llama70b__L2_data_link__12,llama70b,openrouter,meta-llama/llama-3.3-70b-instruct,P3_strict_interchangeability,L2_data_link,HDLC,Host systems use HDLC for links.,True
llama70b__L2_data_link__12,llama70b,openrouter,meta-llama/llama-3.3-70b-instruct,P3_strict_interchangeability,L2_data_link,Ethernet,Host systems use Ethernet for links.,True
llama70b__L2_data_link__12,llama70b,openrouter,meta-llama/llama-3.3-70b-instruct,P3_strict_interchangeability,L2_data_link,Wi-Fi,Host systems use Wi-Fi for links.,True
llama70b__L2_data_link__12,llama70b,openrouter,meta-llama/llama-3.3-70b-instruct,P3_strict_interchangeability,L2_data_link,PPP,Host systems use PPP for links.,True
llama70b__L2_data_link__13,llama70b,openrouter,meta-llama/llama-3.3-70b-instruct,P3_strict_interchangeability,L2_data_link,HDLC,Network hosts communicate via HDLC.,True
llama70b__L2_data_link__13,llama70b,openrouter,meta-llama/llama-3.3-70b-instruct,P3_strict_interchangeability,L2_data_link,Ethernet,Network hosts communicate via Ethernet.,True
llama70b__L2_data_link__13,llama70b,openrouter,meta-llama/llama-3.3-70b-instruct,P3_strict_interchangeability,L2_data_link,Wi-Fi,Network hosts communicate via Wi-Fi.,True
llama70b__L2_data_link__13,llama70b,openrouter,meta-llama/llama-3.3-70b-instruct,P3_strict_interchangeability,L2_data_link,PPP,Network hosts communicate via PPP.,True
llama70b__L2_data_link__14,llama70b,openrouter,meta-llama/llama-3.3-70b-instruct,P3_strict_interchangeability,L2_data_link,HDLC,Devices on network use HDLC.,True
llama70b__L2_data_link__14,llama70b,openrouter,meta-llama/llama-3.3-70b-instruct,P3_strict_interchangeability,L2_data_link,Ethernet,Devices on network use Ethernet.,True
llama70b__L2_data_link__14,llama70b,openrouter,meta-llama/llama-3.3-70b-instruct,P3_strict_interchangeability,L2_data_link,Wi-Fi,Devices on network use Wi-Fi.,True
llama70b__L2_data_link__14,llama70b,openrouter,meta-llama/llama-3.3-70b-instruct,P3_strict_interchangeability,L2_data_link,PPP,Devices on network use PPP.,True
llama70b__L2_data_link__15,llama70b,openrouter,meta-llama/llama-3.3-70b-instruct,P3_strict_interchangeability,L2_data_link,HDLC,Nodes in system communicate using HDLC.,True
llama70b__L2_data_link__15,llama70b,openrouter,meta-llama/llama-3.3-70b-instruct,P3_strict_interchangeability,L2_data_link,Ethernet,Nodes in system communicate using Ethernet.,True
llama70b__L2_data_link__15,llama70b,openrouter,meta-llama/llama-3.3-70b-instruct,P3_strict_interchangeability,L2_data_link,Wi-Fi,Nodes in system communicate using Wi-Fi.,True
llama70b__L2_data_link__15,llama70b,openrouter,meta-llama/llama-3.3-70b-instruct,P3_strict_interchangeability,L2_data_link,PPP,Nodes in system communicate using PPP.,True
llama70b__L2_data_link__16,llama70b,openrouter,meta-llama/llama-3.3-70b-instruct,P3_strict_interchangeability,L2_data_link,HDLC,Local network uses HDLC for communication.,True
llama70b__L2_data_link__16,llama70b,openrouter,meta-llama/llama-3.3-70b-instruct,P3_strict_interchangeability,L2_data_link,Ethernet,Local network uses Ethernet for communication.,True
llama70b__L2_data_link__16,llama70b,openrouter,meta-llama/llama-3.3-70b-instruct,P3_strict_interchangeability,L2_data_link,Wi-Fi,Local network uses Wi-Fi for communication.,True
llama70b__L2_data_link__16,llama70b,openrouter,meta-llama/llama-3.3-70b-instruct,P3_strict_interchangeability,L2_data_link,PPP,Local network uses PPP for communication.,True
llama70b__L2_data_link__17,llama70b,openrouter,meta-llama/llama-3.3-70b-instruct,P3_strict_interchangeability,L2_data_link,HDLC,Hosts in network connect with HDLC.,True
llama70b__L2_data_link__17,llama70b,openrouter,meta-llama/llama-3.3-70b-instruct,P3_strict_interchangeability,L2_data_link,Ethernet,Hosts in network connect with Ethernet.,True
llama70b__L2_data_link__17,llama70b,openrouter,meta-llama/llama-3.3-70b-instruct,P3_strict_interchangeability,L2_data_link,Wi-Fi,Hosts in network connect with Wi-Fi.,True
llama70b__L2_data_link__17,llama70b,openrouter,meta-llama/llama-3.3-70b-instruct,P3_strict_interchangeability,L2_data_link,PPP,Hosts in network connect with PPP.,True
llama70b__L2_data_link__18,llama70b,openrouter,meta-llama/llama-3.3-70b-instruct,P3_strict_interchangeability,L2_data_link,HDLC,Systems communicate over local HDLC.,True
llama70b__L2_data_link__18,llama70b,openrouter,meta-llama/llama-3.3-70b-instruct,P3_strict_interchangeability,L2_data_link,Ethernet,Systems communicate over local Ethernet.,True
llama70b__L2_data_link__18,llama70b,openrouter,meta-llama/llama-3.3-70b-instruct,P3_strict_interchangeability,L2_data_link,Wi-Fi,Systems communicate over local Wi-Fi.,True
llama70b__L2_data_link__18,llama70b,openrouter,meta-llama/llama-3.3-70b-instruct,P3_strict_interchangeability,L2_data_link,PPP,Systems communicate over local PPP.,True
llama70b__L2_data_link__19,llama70b,openrouter,meta-llama/llama-3.3-70b-instruct,P3_strict_interchangeability,L2_data_link,HDLC,Network nodes use HDLC for connection.,True
llama70b__L2_data_link__19,llama70b,openrouter,meta-llama/llama-3.3-70b-instruct,P3_strict_interchangeability,L2_data_link,Ethernet,Network nodes use Ethernet for connection.,True
llama70b__L2_data_link__19,llama70b,openrouter,meta-llama/llama-3.3-70b-instruct,P3_strict_interchangeability,L2_data_link,Wi-Fi,Network nodes use Wi-Fi for connection.,True
llama70b__L2_data_link__19,llama70b,openrouter,meta-llama/llama-3.3-70b-instruct,P3_strict_interchangeability,L2_data_link,PPP,Network nodes use PPP for connection.,True
llama70b__L2_data_link__20,llama70b,openrouter,meta-llama/llama-3.3-70b-instruct,P3_strict_interchangeability,L2_data_link,HDLC,Devices communicate over HDLC network.,True
llama70b__L2_data_link__20,llama70b,openrouter,meta-llama/llama-3.3-70b-instruct,P3_strict_interchangeability,L2_data_link,Ethernet,Devices communicate over Ethernet network.,True
llama70b__L2_data_link__20,llama70b,openrouter,meta-llama/llama-3.3-70b-instruct,P3_strict_interchangeability,L2_data_link,Wi-Fi,Devices communicate over Wi-Fi network.,True
llama70b__L2_data_link__20,llama70b,openrouter,meta-llama/llama-3.3-70b-instruct,P3_strict_interchangeability,L2_data_link,PPP,Devices communicate over PPP network.,True
llama70b__L2_data_link__21,llama70b,openrouter,meta-llama/llama-3.3-70b-instruct,P3_strict_interchangeability,L2_data_link,HDLC,Local hosts use HDLC for communication.,True
llama70b__L2_data_link__21,llama70b,openrouter,meta-llama/llama-3.3-70b-instruct,P3_strict_interchangeability,L2_data_link,Ethernet,Local hosts use Ethernet for communication.,True
llama70b__L2_data_link__21,llama70b,openrouter,meta-llama/llama-3.3-70b-instruct,P3_strict_interchangeability,L2_data_link,Wi-Fi,Local hosts use Wi-Fi for communication.,True
llama70b__L2_data_link__21,llama70b,openrouter,meta-llama/llama-3.3-70b-instruct,P3_strict_interchangeability,L2_data_link,PPP,Local hosts use PPP for communication.,True
llama70b__L2_data_link__22,llama70b,openrouter,meta-llama/llama-3.3-70b-instruct,P3_strict_interchangeability,L2_data_link,HDLC,Network systems connect using HDLC.,True
llama70b__L2_data_link__22,llama70b,openrouter,meta-llama/llama-3.3-70b-instruct,P3_strict_interchangeability,L2_data_link,Ethernet,Network systems connect using Ethernet.,True
llama70b__L2_data_link__22,llama70b,openrouter,meta-llama/llama-3.3-70b-instruct,P3_strict_interchangeability,L2_data_link,Wi-Fi,Network systems connect using Wi-Fi.,True
llama70b__L2_data_link__22,llama70b,openrouter,meta-llama/llama-3.3-70b-instruct,P3_strict_interchangeability,L2_data_link,PPP,Network systems connect using PPP.,True
llama70b__L2_data_link__23,llama70b,openrouter,meta-llama/llama-3.3-70b-instruct,P3_strict_interchangeability,L2_data_link,HDLC,Nodes communicate via local HDLC.,True
llama70b__L2_data_link__23,llama70b,openrouter,meta-llama/llama-3.3-70b-instruct,P3_strict_interchangeability,L2_data_link,Ethernet,Nodes communicate via local Ethernet.,True
llama70b__L2_data_link__23,llama70b,openrouter,meta-llama/llama-3.3-70b-instruct,P3_strict_interchangeability,L2_data_link,Wi-Fi,Nodes communicate via local Wi-Fi.,True
llama70b__L2_data_link__23,llama70b,openrouter,meta-llama/llama-3.3-70b-instruct,P3_strict_interchangeability,L2_data_link,PPP,Nodes communicate via local PPP.,True
llama70b__L2_data_link__24,llama70b,openrouter,meta-llama/llama-3.3-70b-instruct,P3_strict_interchangeability,L2_data_link,HDLC,Host devices use HDLC for links.,True
llama70b__L2_data_link__24,llama70b,openrouter,meta-llama/llama-3.3-70b-instruct,P3_strict_interchangeability,L2_data_link,Ethernet,Host devices use Ethernet for links.,True
llama70b__L2_data_link__24,llama70b,openrouter,meta-llama/llama-3.3-70b-instruct,P3_strict_interchangeability,L2_data_link,Wi-Fi,Host devices use Wi-Fi for links.,True
llama70b__L2_data_link__24,llama70b,openrouter,meta-llama/llama-3.3-70b-instruct,P3_strict_interchangeability,L2_data_link,PPP,Host devices use PPP for links.,True
llama70b__L2_data_link__25,llama70b,openrouter,meta-llama/llama-3.3-70b-instruct,P3_strict_interchangeability,L2_data_link,HDLC,Local network nodes communicate using HDLC.,True
llama70b__L2_data_link__25,llama70b,openrouter,meta-llama/llama-3.3-70b-instruct,P3_strict_interchangeability,L2_data_link,Ethernet,Local network nodes communicate using Ethernet.,True
llama70b__L2_data_link__25,llama70b,openrouter,meta-llama/llama-3.3-70b-instruct,P3_strict_interchangeability,L2_data_link,Wi-Fi,Local network nodes communicate using Wi-Fi.,True
llama70b__L2_data_link__25,llama70b,openrouter,meta-llama/llama-3.3-70b-instruct,P3_strict_interchangeability,L2_data_link,PPP,Local network nodes communicate using PPP.,True
llama70b__L3_network__1,llama70b,openrouter,meta-llama/llama-3.3-70b-instruct,P3_strict_interchangeability,L3_network,IP,Network devices communicate using IP.,True
llama70b__L3_network__1,llama70b,openrouter,meta-llama/llama-3.3-70b-instruct,P3_strict_interchangeability,L3_network,ICMP,Network devices communicate using ICMP.,True
llama70b__L3_network__1,llama70b,openrouter,meta-llama/llama-3.3-70b-instruct,P3_strict_interchangeability,L3_network,IGMP,Network devices communicate using IGMP.,True
llama70b__L3_network__1,llama70b,openrouter,meta-llama/llama-3.3-70b-instruct,P3_strict_interchangeability,L3_network,IPsec,Network devices communicate using IPsec.,True
llama70b__L3_network__2,llama70b,openrouter,meta-llama/llama-3.3-70b-instruct,P3_strict_interchangeability,L3_network,IP,System nodes rely on IP for communication.,True
llama70b__L3_network__2,llama70b,openrouter,meta-llama/llama-3.3-70b-instruct,P3_strict_interchangeability,L3_network,ICMP,System nodes rely on ICMP for communication.,True
llama70b__L3_network__2,llama70b,openrouter,meta-llama/llama-3.3-70b-instruct,P3_strict_interchangeability,L3_network,IGMP,System nodes rely on IGMP for communication.,True
llama70b__L3_network__2,llama70b,openrouter,meta-llama/llama-3.3-70b-instruct,P3_strict_interchangeability,L3_network,IPsec,System nodes rely on IPsec for communication.,True
llama70b__L3_network__3,llama70b,openrouter,meta-llama/llama-3.3-70b-instruct,P3_strict_interchangeability,L3_network,IP,Hosts use IP for network-layer communication.,True
llama70b__L3_network__3,llama70b,openrouter,meta-llama/llama-3.3-70b-instruct,P3_strict_interchangeability,L3_network,ICMP,Hosts use ICMP for network-layer communication.,True
llama70b__L3_network__3,llama70b,openrouter,meta-llama/llama-3.3-70b-instruct,P3_strict_interchangeability,L3_network,IGMP,Hosts use IGMP for network-layer communication.,True
llama70b__L3_network__3,llama70b,openrouter,meta-llama/llama-3.3-70b-instruct,P3_strict_interchangeability,L3_network,IPsec,Hosts use IPsec for network-layer communication.,True
llama70b__L3_network__4,llama70b,openrouter,meta-llama/llama-3.3-70b-instruct,P3_strict_interchangeability,L3_network,IP,Devices communicate with each other using IP.,True
llama70b__L3_network__4,llama70b,openrouter,meta-llama/llama-3.3-70b-instruct,P3_strict_interchangeability,L3_network,ICMP,Devices communicate with each other using ICMP.,True
llama70b__L3_network__4,llama70b,openrouter,meta-llama/llama-3.3-70b-instruct,P3_strict_interchangeability,L3_network,IGMP,Devices communicate with each other using IGMP.,True
llama70b__L3_network__4,llama70b,openrouter,meta-llama/llama-3.3-70b-instruct,P3_strict_interchangeability,L3_network,IPsec,Devices communicate with each other using IPsec.,True
llama70b__L3_network__5,llama70b,openrouter,meta-llama/llama-3.3-70b-instruct,P3_strict_interchangeability,L3_network,IP,The system uses IP for network communication.,True
llama70b__L3_network__5,llama70b,openrouter,meta-llama/llama-3.3-70b-instruct,P3_strict_interchangeability,L3_network,ICMP,The system uses ICMP for network communication.,True
llama70b__L3_network__5,llama70b,openrouter,meta-llama/llama-3.3-70b-instruct,P3_strict_interchangeability,L3_network,IGMP,The system uses IGMP for network communication.,True
llama70b__L3_network__5,llama70b,openrouter,meta-llama/llama-3.3-70b-instruct,P3_strict_interchangeability,L3_network,IPsec,The system uses IPsec for network communication.,True
llama70b__L3_network__6,llama70b,openrouter,meta-llama/llama-3.3-70b-instruct,P3_strict_interchangeability,L3_network,IP,Nodes communicate over IP.,False
llama70b__L3_network__6,llama70b,openrouter,meta-llama/llama-3.3-70b-instruct,P3_strict_interchangeability,L3_network,ICMP,Nodes communicate over ICMP.,False
llama70b__L3_network__6,llama70b,openrouter,meta-llama/llama-3.3-70b-instruct,P3_strict_interchangeability,L3_network,IGMP,Nodes communicate over IGMP.,False
llama70b__L3_network__6,llama70b,openrouter,meta-llama/llama-3.3-70b-instruct,P3_strict_interchangeability,L3_network,IPsec,Nodes communicate over IPsec.,False
llama70b__L3_network__7,llama70b,openrouter,meta-llama/llama-3.3-70b-instruct,P3_strict_interchangeability,L3_network,IP,Network hosts rely on IP.,True
llama70b__L3_network__7,llama70b,openrouter,meta-llama/llama-3.3-70b-instruct,P3_strict_interchangeability,L3_network,ICMP,Network hosts rely on ICMP.,True
llama70b__L3_network__7,llama70b,openrouter,meta-llama/llama-3.3-70b-instruct,P3_strict_interchangeability,L3_network,IGMP,Network hosts rely on IGMP.,True
llama70b__L3_network__7,llama70b,openrouter,meta-llama/llama-3.3-70b-instruct,P3_strict_interchangeability,L3_network,IPsec,Network hosts rely on IPsec.,True
llama70b__L3_network__8,llama70b,openrouter,meta-llama/llama-3.3-70b-instruct,P3_strict_interchangeability,L3_network,IP,System devices use IP for communication.,True
llama70b__L3_network__8,llama70b,openrouter,meta-llama/llama-3.3-70b-instruct,P3_strict_interchangeability,L3_network,ICMP,System devices use ICMP for communication.,True
llama70b__L3_network__8,llama70b,openrouter,meta-llama/llama-3.3-70b-instruct,P3_strict_interchangeability,L3_network,IGMP,System devices use IGMP for communication.,True
llama70b__L3_network__8,llama70b,openrouter,meta-llama/llama-3.3-70b-instruct,P3_strict_interchangeability,L3_network,IPsec,System devices use IPsec for communication.,True
llama70b__L3_network__9,llama70b,openrouter,meta-llama/llama-3.3-70b-instruct,P3_strict_interchangeability,L3_network,IP,Network nodes communicate using IP.,True
llama70b__L3_network__9,llama70b,openrouter,meta-llama/llama-3.3-70b-instruct,P3_strict_interchangeability,L3_network,ICMP,Network nodes communicate using ICMP.,True
llama70b__L3_network__9,llama70b,openrouter,meta-llama/llama-3.3-70b-instruct,P3_strict_interchangeability,L3_network,IGMP,Network nodes communicate using IGMP.,True
llama70b__L3_network__9,llama70b,openrouter,meta-llama/llama-3.3-70b-instruct,P3_strict_interchangeability,L3_network,IPsec,Network nodes communicate using IPsec.,True
llama70b__L3_network__10,llama70b,openrouter,meta-llama/llama-3.3-70b-instruct,P3_strict_interchangeability,L3_network,IP,Devices use IP for network communication.,True
llama70b__L3_network__10,llama70b,openrouter,meta-llama/llama-3.3-70b-instruct,P3_strict_interchangeability,L3_network,ICMP,Devices use ICMP for network communication.,True
llama70b__L3_network__10,llama70b,openrouter,meta-llama/llama-3.3-70b-instruct,P3_strict_interchangeability,L3_network,IGMP,Devices use IGMP for network communication.,True
llama70b__L3_network__10,llama70b,openrouter,meta-llama/llama-3.3-70b-instruct,P3_strict_interchangeability,L3_network,IPsec,Devices use IPsec for network communication.,True
llama70b__L3_network__11,llama70b,openrouter,meta-llama/llama-3.3-70b-instruct,P3_strict_interchangeability,L3_network,IP,The network relies on IP for communication.,True
llama70b__L3_network__11,llama70b,openrouter,meta-llama/llama-3.3-70b-instruct,P3_strict_interchangeability,L3_network,ICMP,The network relies on ICMP for communication.,True
llama70b__L3_network__11,llama70b,openrouter,meta-llama/llama-3.3-70b-instruct,P3_strict_interchangeability,L3_network,IGMP,The network relies on IGMP for communication.,True
llama70b__L3_network__11,llama70b,openrouter,meta-llama/llama-3.3-70b-instruct,P3_strict_interchangeability,L3_network,IPsec,The network relies on IPsec for communication.,True
llama70b__L3_network__12,llama70b,openrouter,meta-llama/llama-3.3-70b-instruct,P3_strict_interchangeability,L3_network,IP,Hosts communicate with IP.,False
llama70b__L3_network__12,llama70b,openrouter,meta-llama/llama-3.3-70b-instruct,P3_strict_interchangeability,L3_network,ICMP,Hosts communicate with ICMP.,False
llama70b__L3_network__12,llama70b,openrouter,meta-llama/llama-3.3-70b-instruct,P3_strict_interchangeability,L3_network,IGMP,Hosts communicate with IGMP.,False
llama70b__L3_network__12,llama70b,openrouter,meta-llama/llama-3.3-70b-instruct,P3_strict_interchangeability,L3_network,IPsec,Hosts communicate with IPsec.,False
llama70b__L3_network__13,llama70b,openrouter,meta-llama/llama-3.3-70b-instruct,P3_strict_interchangeability,L3_network,IP,System communication uses IP.,False
llama70b__L3_network__13,llama70b,openrouter,meta-llama/llama-3.3-70b-instruct,P3_strict_interchangeability,L3_network,ICMP,System communication uses ICMP.,False
llama70b__L3_network__13,llama70b,openrouter,meta-llama/llama-3.3-70b-instruct,P3_strict_interchangeability,L3_network,IGMP,System communication uses IGMP.,False
llama70b__L3_network__13,llama70b,openrouter,meta-llama/llama-3.3-70b-instruct,P3_strict_interchangeability,L3_network,IPsec,System communication uses IPsec.,False
llama70b__L3_network__14,llama70b,openrouter,meta-llama/llama-3.3-70b-instruct,P3_strict_interchangeability,L3_network,IP,Network communication relies on IP.,True
llama70b__L3_network__14,llama70b,openrouter,meta-llama/llama-3.3-70b-instruct,P3_strict_interchangeability,L3_network,ICMP,Network communication relies on ICMP.,True
llama70b__L3_network__14,llama70b,openrouter,meta-llama/llama-3.3-70b-instruct,P3_strict_interchangeability,L3_network,IGMP,Network communication relies on IGMP.,True
llama70b__L3_network__14,llama70b,openrouter,meta-llama/llama-3.3-70b-instruct,P3_strict_interchangeability,L3_network,IPsec,Network communication relies on IPsec.,True
llama70b__L3_network__15,llama70b,openrouter,meta-llama/llama-3.3-70b-instruct,P3_strict_interchangeability,L3_network,IP,Nodes use IP for communication.,True
llama70b__L3_network__15,llama70b,openrouter,meta-llama/llama-3.3-70b-instruct,P3_strict_interchangeability,L3_network,ICMP,Nodes use ICMP for communication.,True
llama70b__L3_network__15,llama70b,openrouter,meta-llama/llama-3.3-70b-instruct,P3_strict_interchangeability,L3_network,IGMP,Nodes use IGMP for communication.,True
llama70b__L3_network__15,llama70b,openrouter,meta-llama/llama-3.3-70b-instruct,P3_strict_interchangeability,L3_network,IPsec,Nodes use IPsec for communication.,True
llama70b__L3_network__16,llama70b,openrouter,meta-llama/llama-3.3-70b-instruct,P3_strict_interchangeability,L3_network,IP,Devices communicate using IP.,False
llama70b__L3_network__16,llama70b,openrouter,meta-llama/llama-3.3-70b-instruct,P3_strict_interchangeability,L3_network,ICMP,Devices communicate using ICMP.,False
llama70b__L3_network__16,llama70b,openrouter,meta-llama/llama-3.3-70b-instruct,P3_strict_interchangeability,L3_network,IGMP,Devices communicate using IGMP.,False
llama70b__L3_network__16,llama70b,openrouter,meta-llama/llama-3.3-70b-instruct,P3_strict_interchangeability,L3_network,IPsec,Devices communicate using IPsec.,False
llama70b__L3_network__17,llama70b,openrouter,meta-llama/llama-3.3-70b-instruct,P3_strict_interchangeability,L3_network,IP,The system communicates over IP.,True
llama70b__L3_network__17,llama70b,openrouter,meta-llama/llama-3.3-70b-instruct,P3_strict_interchangeability,L3_network,ICMP,The system communicates over ICMP.,True
llama70b__L3_network__17,llama70b,openrouter,meta-llama/llama-3.3-70b-instruct,P3_strict_interchangeability,L3_network,IGMP,The system communicates over IGMP.,True
llama70b__L3_network__17,llama70b,openrouter,meta-llama/llama-3.3-70b-instruct,P3_strict_interchangeability,L3_network,IPsec,The system communicates over IPsec.,True
llama70b__L3_network__18,llama70b,openrouter,meta-llama/llama-3.3-70b-instruct,P3_strict_interchangeability,L3_network,IP,Network devices use IP.,False
llama70b__L3_network__18,llama70b,openrouter,meta-llama/llama-3.3-70b-instruct,P3_strict_interchangeability,L3_network,ICMP,Network devices use ICMP.,False
llama70b__L3_network__18,llama70b,openrouter,meta-llama/llama-3.3-70b-instruct,P3_strict_interchangeability,L3_network,IGMP,Network devices use IGMP.,False
llama70b__L3_network__18,llama70b,openrouter,meta-llama/llama-3.3-70b-instruct,P3_strict_interchangeability,L3_network,IPsec,Network devices use IPsec.,False
llama70b__L3_network__19,llama70b,openrouter,meta-llama/llama-3.3-70b-instruct,P3_strict_interchangeability,L3_network,IP,Hosts rely on IP for network communication.,True
llama70b__L3_network__19,llama70b,openrouter,meta-llama/llama-3.3-70b-instruct,P3_strict_interchangeability,L3_network,ICMP,Hosts rely on ICMP for network communication.,True
llama70b__L3_network__19,llama70b,openrouter,meta-llama/llama-3.3-70b-instruct,P3_strict_interchangeability,L3_network,IGMP,Hosts rely on IGMP for network communication.,True
llama70b__L3_network__19,llama70b,openrouter,meta-llama/llama-3.3-70b-instruct,P3_strict_interchangeability,L3_network,IPsec,Hosts rely on IPsec for network communication.,True
llama70b__L3_network__20,llama70b,openrouter,meta-llama/llama-3.3-70b-instruct,P3_strict_interchangeability,L3_network,IP,System hosts communicate using IP.,True
llama70b__L3_network__20,llama70b,openrouter,meta-llama/llama-3.3-70b-instruct,P3_strict_interchangeability,L3_network,ICMP,System hosts communicate using ICMP.,True
llama70b__L3_network__20,llama70b,openrouter,meta-llama/llama-3.3-70b-instruct,P3_strict_interchangeability,L3_network,IGMP,System hosts communicate using IGMP.,True
llama70b__L3_network__20,llama70b,openrouter,meta-llama/llama-3.3-70b-instruct,P3_strict_interchangeability,L3_network,IPsec,System hosts communicate using IPsec.,True
llama70b__L3_network__21,llama70b,openrouter,meta-llama/llama-3.3-70b-instruct,P3_strict_interchangeability,L3_network,IP,Network nodes use IP for communication.,True
llama70b__L3_network__21,llama70b,openrouter,meta-llama/llama-3.3-70b-instruct,P3_strict_interchangeability,L3_network,ICMP,Network nodes use ICMP for communication.,True
llama70b__L3_network__21,llama70b,openrouter,meta-llama/llama-3.3-70b-instruct,P3_strict_interchangeability,L3_network,IGMP,Network nodes use IGMP for communication.,True
llama70b__L3_network__21,llama70b,openrouter,meta-llama/llama-3.3-70b-instruct,P3_strict_interchangeability,L3_network,IPsec,Network nodes use IPsec for communication.,True
llama70b__L3_network__22,llama70b,openrouter,meta-llama/llama-3.3-70b-instruct,P3_strict_interchangeability,L3_network,IP,Devices rely on IP for network communication.,True
llama70b__L3_network__22,llama70b,openrouter,meta-llama/llama-3.3-70b-instruct,P3_strict_interchangeability,L3_network,ICMP,Devices rely on ICMP for network communication.,True
llama70b__L3_network__22,llama70b,openrouter,meta-llama/llama-3.3-70b-instruct,P3_strict_interchangeability,L3_network,IGMP,Devices rely on IGMP for network communication.,True
llama70b__L3_network__22,llama70b,openrouter,meta-llama/llama-3.3-70b-instruct,P3_strict_interchangeability,L3_network,IPsec,Devices rely on IPsec for network communication.,True
llama70b__L3_network__23,llama70b,openrouter,meta-llama/llama-3.3-70b-instruct,P3_strict_interchangeability,L3_network,IP,The network uses IP for communication.,True
llama70b__L3_network__23,llama70b,openrouter,meta-llama/llama-3.3-70b-instruct,P3_strict_interchangeability,L3_network,ICMP,The network uses ICMP for communication.,True
llama70b__L3_network__23,llama70b,openrouter,meta-llama/llama-3.3-70b-instruct,P3_strict_interchangeability,L3_network,IGMP,The network uses IGMP for communication.,True
llama70b__L3_network__23,llama70b,openrouter,meta-llama/llama-3.3-70b-instruct,P3_strict_interchangeability,L3_network,IPsec,The network uses IPsec for communication.,True
llama70b__L3_network__24,llama70b,openrouter,meta-llama/llama-3.3-70b-instruct,P3_strict_interchangeability,L3_network,IP,System devices communicate using IP.,True
llama70b__L3_network__24,llama70b,openrouter,meta-llama/llama-3.3-70b-instruct,P3_strict_interchangeability,L3_network,ICMP,System devices communicate using ICMP.,True
llama70b__L3_network__24,llama70b,openrouter,meta-llama/llama-3.3-70b-instruct,P3_strict_interchangeability,L3_network,IGMP,System devices communicate using IGMP.,True
llama70b__L3_network__24,llama70b,openrouter,meta-llama/llama-3.3-70b-instruct,P3_strict_interchangeability,L3_network,IPsec,System devices communicate using IPsec.,True
llama70b__L3_network__25,llama70b,openrouter,meta-llama/llama-3.3-70b-instruct,P3_strict_interchangeability,L3_network,IP,Hosts communicate using IP for network communication.,True
llama70b__L3_network__25,llama70b,openrouter,meta-llama/llama-3.3-70b-instruct,P3_strict_interchangeability,L3_network,ICMP,Hosts communicate using ICMP for network communication.,True
llama70b__L3_network__25,llama70b,openrouter,meta-llama/llama-3.3-70b-instruct,P3_strict_interchangeability,L3_network,IGMP,Hosts communicate using IGMP for network communication.,True
llama70b__L3_network__25,llama70b,openrouter,meta-llama/llama-3.3-70b-instruct,P3_strict_interchangeability,L3_network,IPsec,Hosts communicate using IPsec for network communication.,True
llama70b__L4_transport__1,llama70b,openrouter,meta-llama/llama-3.3-70b-instruct,P3_strict_interchangeability,L4_transport,TCP,Services communicate using TCP.,False
llama70b__L4_transport__1,llama70b,openrouter,meta-llama/llama-3.3-70b-instruct,P3_strict_interchangeability,L4_transport,UDP,Services communicate using UDP.,False
llama70b__L4_transport__1,llama70b,openrouter,meta-llama/llama-3.3-70b-instruct,P3_strict_interchangeability,L4_transport,SCTP,Services communicate using SCTP.,False
llama70b__L4_transport__1,llama70b,openrouter,meta-llama/llama-3.3-70b-instruct,P3_strict_interchangeability,L4_transport,QUIC,Services communicate using QUIC.,False
llama70b__L4_transport__2,llama70b,openrouter,meta-llama/llama-3.3-70b-instruct,P3_strict_interchangeability,L4_transport,TCP,Components exchange data using TCP.,True
llama70b__L4_transport__2,llama70b,openrouter,meta-llama/llama-3.3-70b-instruct,P3_strict_interchangeability,L4_transport,UDP,Components exchange data using UDP.,True
llama70b__L4_transport__2,llama70b,openrouter,meta-llama/llama-3.3-70b-instruct,P3_strict_interchangeability,L4_transport,SCTP,Components exchange data using SCTP.,True
llama70b__L4_transport__2,llama70b,openrouter,meta-llama/llama-3.3-70b-instruct,P3_strict_interchangeability,L4_transport,QUIC,Components exchange data using QUIC.,True
llama70b__L4_transport__3,llama70b,openrouter,meta-llama/llama-3.3-70b-instruct,P3_strict_interchangeability,L4_transport,TCP,The system uses TCP for communication.,True
llama70b__L4_transport__3,llama70b,openrouter,meta-llama/llama-3.3-70b-instruct,P3_strict_interchangeability,L4_transport,UDP,The system uses UDP for communication.,True
llama70b__L4_transport__3,llama70b,openrouter,meta-llama/llama-3.3-70b-instruct,P3_strict_interchangeability,L4_transport,SCTP,The system uses SCTP for communication.,True
llama70b__L4_transport__3,llama70b,openrouter,meta-llama/llama-3.3-70b-instruct,P3_strict_interchangeability,L4_transport,QUIC,The system uses QUIC for communication.,True
llama70b__L4_transport__4,llama70b,openrouter,meta-llama/llama-3.3-70b-instruct,P3_strict_interchangeability,L4_transport,TCP,Nodes communicate using TCP.,False
llama70b__L4_transport__4,llama70b,openrouter,meta-llama/llama-3.3-70b-instruct,P3_strict_interchangeability,L4_transport,UDP,Nodes communicate using UDP.,False
llama70b__L4_transport__4,llama70b,openrouter,meta-llama/llama-3.3-70b-instruct,P3_strict_interchangeability,L4_transport,SCTP,Nodes communicate using SCTP.,False
llama70b__L4_transport__4,llama70b,openrouter,meta-llama/llama-3.3-70b-instruct,P3_strict_interchangeability,L4_transport,QUIC,Nodes communicate using QUIC.,False
llama70b__L4_transport__5,llama70b,openrouter,meta-llama/llama-3.3-70b-instruct,P3_strict_interchangeability,L4_transport,TCP,Applications use TCP for data exchange.,True
llama70b__L4_transport__5,llama70b,openrouter,meta-llama/llama-3.3-70b-instruct,P3_strict_interchangeability,L4_transport,UDP,Applications use UDP for data exchange.,True
llama70b__L4_transport__5,llama70b,openrouter,meta-llama/llama-3.3-70b-instruct,P3_strict_interchangeability,L4_transport,SCTP,Applications use SCTP for data exchange.,True
llama70b__L4_transport__5,llama70b,openrouter,meta-llama/llama-3.3-70b-instruct,P3_strict_interchangeability,L4_transport,QUIC,Applications use QUIC for data exchange.,True
llama70b__L4_transport__6,llama70b,openrouter,meta-llama/llama-3.3-70b-instruct,P3_strict_interchangeability,L4_transport,TCP,Backend services use TCP for messaging.,True
llama70b__L4_transport__6,llama70b,openrouter,meta-llama/llama-3.3-70b-instruct,P3_strict_interchangeability,L4_transport,UDP,Backend services use UDP for messaging.,True
llama70b__L4_transport__6,llama70b,openrouter,meta-llama/llama-3.3-70b-instruct,P3_strict_interchangeability,L4_transport,SCTP,Backend services use SCTP for messaging.,True
llama70b__L4_transport__6,llama70b,openrouter,meta-llama/llama-3.3-70b-instruct,P3_strict_interchangeability,L4_transport,QUIC,Backend services use QUIC for messaging.,True
llama70b__L4_transport__7,llama70b,openrouter,meta-llama/llama-3.3-70b-instruct,P3_strict_interchangeability,L4_transport,TCP,The application communicates using TCP.,True
llama70b__L4_transport__7,llama70b,openrouter,meta-llama/llama-3.3-70b-instruct,P3_strict_interchangeability,L4_transport,UDP,The application communicates using UDP.,True
llama70b__L4_transport__7,llama70b,openrouter,meta-llama/llama-3.3-70b-instruct,P3_strict_interchangeability,L4_transport,SCTP,The application communicates using SCTP.,True
llama70b__L4_transport__7,llama70b,openrouter,meta-llama/llama-3.3-70b-instruct,P3_strict_interchangeability,L4_transport,QUIC,The application communicates using QUIC.,True
llama70b__L4_transport__8,llama70b,openrouter,meta-llama/llama-3.3-70b-instruct,P3_strict_interchangeability,L4_transport,TCP,Components use TCP for inter-service communication.,True
llama70b__L4_transport__8,llama70b,openrouter,meta-llama/llama-3.3-70b-instruct,P3_strict_interchangeability,L4_transport,UDP,Components use UDP for inter-service communication.,True
llama70b__L4_transport__8,llama70b,openrouter,meta-llama/llama-3.3-70b-instruct,P3_strict_interchangeability,L4_transport,SCTP,Components use SCTP for inter-service communication.,True
llama70b__L4_transport__8,llama70b,openrouter,meta-llama/llama-3.3-70b-instruct,P3_strict_interchangeability,L4_transport,QUIC,Components use QUIC for inter-service communication.,True
llama70b__L4_transport__9,llama70b,openrouter,meta-llama/llama-3.3-70b-instruct,P3_strict_interchangeability,L4_transport,TCP,Services exchange messages using TCP.,True
llama70b__L4_transport__9,llama70b,openrouter,meta-llama/llama-3.3-70b-instruct,P3_strict_interchangeability,L4_transport,UDP,Services exchange messages using UDP.,True
llama70b__L4_transport__9,llama70b,openrouter,meta-llama/llama-3.3-70b-instruct,P3_strict_interchangeability,L4_transport,SCTP,Services exchange messages using SCTP.,True
llama70b__L4_transport__9,llama70b,openrouter,meta-llama/llama-3.3-70b-instruct,P3_strict_interchangeability,L4_transport,QUIC,Services exchange messages using QUIC.,True
llama70b__L4_transport__10,llama70b,openrouter,meta-llama/llama-3.3-70b-instruct,P3_strict_interchangeability,L4_transport,TCP,The networked system uses TCP for transport.,True
llama70b__L4_transport__10,llama70b,openrouter,meta-llama/llama-3.3-70b-instruct,P3_strict_interchangeability,L4_transport,UDP,The networked system uses UDP for transport.,True
llama70b__L4_transport__10,llama70b,openrouter,meta-llama/llama-3.3-70b-instruct,P3_strict_interchangeability,L4_transport,SCTP,The networked system uses SCTP for transport.,True
llama70b__L4_transport__10,llama70b,openrouter,meta-llama/llama-3.3-70b-instruct,P3_strict_interchangeability,L4_transport,QUIC,The networked system uses QUIC for transport.,True
llama70b__L4_transport__11,llama70b,openrouter,meta-llama/llama-3.3-70b-instruct,P3_strict_interchangeability,L4_transport,TCP,System components communicate using TCP.,True
llama70b__L4_transport__11,llama70b,openrouter,meta-llama/llama-3.3-70b-instruct,P3_strict_interchangeability,L4_transport,UDP,System components communicate using UDP.,True
llama70b__L4_transport__11,llama70b,openrouter,meta-llama/llama-3.3-70b-instruct,P3_strict_interchangeability,L4_transport,SCTP,System components communicate using SCTP.,True
llama70b__L4_transport__11,llama70b,openrouter,meta-llama/llama-3.3-70b-instruct,P3_strict_interchangeability,L4_transport,QUIC,System components communicate using QUIC.,True
llama70b__L4_transport__12,llama70b,openrouter,meta-llama/llama-3.3-70b-instruct,P3_strict_interchangeability,L4_transport,TCP,Nodes use TCP for data communication.,True
llama70b__L4_transport__12,llama70b,openrouter,meta-llama/llama-3.3-70b-instruct,P3_strict_interchangeability,L4_transport,UDP,Nodes use UDP for data communication.,True
llama70b__L4_transport__12,llama70b,openrouter,meta-llama/llama-3.3-70b-instruct,P3_strict_interchangeability,L4_transport,SCTP,Nodes use SCTP for data communication.,True
llama70b__L4_transport__12,llama70b,openrouter,meta-llama/llama-3.3-70b-instruct,P3_strict_interchangeability,L4_transport,QUIC,Nodes use QUIC for data communication.,True
llama70b__L4_transport__13,llama70b,openrouter,meta-llama/llama-3.3-70b-instruct,P3_strict_interchangeability,L4_transport,TCP,The service uses TCP for transport-layer communication.,True
llama70b__L4_transport__13,llama70b,openrouter,meta-llama/llama-3.3-70b-instruct,P3_strict_interchangeability,L4_transport,UDP,The service uses UDP for transport-layer communication.,True
llama70b__L4_transport__13,llama70b,openrouter,meta-llama/llama-3.3-70b-instruct,P3_strict_interchangeability,L4_transport,SCTP,The service uses SCTP for transport-layer communication.,True
llama70b__L4_transport__13,llama70b,openrouter,meta-llama/llama-3.3-70b-instruct,P3_strict_interchangeability,L4_transport,QUIC,The service uses QUIC for transport-layer communication.,True
llama70b__L4_transport__14,llama70b,openrouter,meta-llama/llama-3.3-70b-instruct,P3_strict_interchangeability,L4_transport,TCP,Components communicate using TCP protocols.,True
llama70b__L4_transport__14,llama70b,openrouter,meta-llama/llama-3.3-70b-instruct,P3_strict_interchangeability,L4_transport,UDP,Components communicate using UDP protocols.,True
llama70b__L4_transport__14,llama70b,openrouter,meta-llama/llama-3.3-70b-instruct,P3_strict_interchangeability,L4_transport,SCTP,Components communicate using SCTP protocols.,True
llama70b__L4_transport__14,llama70b,openrouter,meta-llama/llama-3.3-70b-instruct,P3_strict_interchangeability,L4_transport,QUIC,Components communicate using QUIC protocols.,True
llama70b__L4_transport__15,llama70b,openrouter,meta-llama/llama-3.3-70b-instruct,P3_strict_interchangeability,L4_transport,TCP,Applications communicate using TCP.,False
llama70b__L4_transport__15,llama70b,openrouter,meta-llama/llama-3.3-70b-instruct,P3_strict_interchangeability,L4_transport,UDP,Applications communicate using UDP.,False
llama70b__L4_transport__15,llama70b,openrouter,meta-llama/llama-3.3-70b-instruct,P3_strict_interchangeability,L4_transport,SCTP,Applications communicate using SCTP.,False
llama70b__L4_transport__15,llama70b,openrouter,meta-llama/llama-3.3-70b-instruct,P3_strict_interchangeability,L4_transport,QUIC,Applications communicate using QUIC.,False
llama70b__L4_transport__16,llama70b,openrouter,meta-llama/llama-3.3-70b-instruct,P3_strict_interchangeability,L4_transport,TCP,The backend system uses TCP for communication.,True
llama70b__L4_transport__16,llama70b,openrouter,meta-llama/llama-3.3-70b-instruct,P3_strict_interchangeability,L4_transport,UDP,The backend system uses UDP for communication.,True
llama70b__L4_transport__16,llama70b,openrouter,meta-llama/llama-3.3-70b-instruct,P3_strict_interchangeability,L4_transport,SCTP,The backend system uses SCTP for communication.,True
llama70b__L4_transport__16,llama70b,openrouter,meta-llama/llama-3.3-70b-instruct,P3_strict_interchangeability,L4_transport,QUIC,The backend system uses QUIC for communication.,True
llama70b__L4_transport__17,llama70b,openrouter,meta-llama/llama-3.3-70b-instruct,P3_strict_interchangeability,L4_transport,TCP,Services use TCP for communication between nodes.,True
llama70b__L4_transport__17,llama70b,openrouter,meta-llama/llama-3.3-70b-instruct,P3_strict_interchangeability,L4_transport,UDP,Services use UDP for communication between nodes.,True
llama70b__L4_transport__17,llama70b,openrouter,meta-llama/llama-3.3-70b-instruct,P3_strict_interchangeability,L4_transport,SCTP,Services use SCTP for communication between nodes.,True
llama70b__L4_transport__17,llama70b,openrouter,meta-llama/llama-3.3-70b-instruct,P3_strict_interchangeability,L4_transport,QUIC,Services use QUIC for communication between nodes.,True
llama70b__L4_transport__18,llama70b,openrouter,meta-llama/llama-3.3-70b-instruct,P3_strict_interchangeability,L4_transport,TCP,System services communicate using TCP.,True
llama70b__L4_transport__18,llama70b,openrouter,meta-llama/llama-3.3-70b-instruct,P3_strict_interchangeability,L4_transport,UDP,System services communicate using UDP.,True
llama70b__L4_transport__18,llama70b,openrouter,meta-llama/llama-3.3-70b-instruct,P3_strict_interchangeability,L4_transport,SCTP,System services communicate using SCTP.,True
llama70b__L4_transport__18,llama70b,openrouter,meta-llama/llama-3.3-70b-instruct,P3_strict_interchangeability,L4_transport,QUIC,System services communicate using QUIC.,True
llama70b__L4_transport__19,llama70b,openrouter,meta-llama/llama-3.3-70b-instruct,P3_strict_interchangeability,L4_transport,TCP,Components exchange messages using TCP.,True
llama70b__L4_transport__19,llama70b,openrouter,meta-llama/llama-3.3-70b-instruct,P3_strict_interchangeability,L4_transport,UDP,Components exchange messages using UDP.,True
llama70b__L4_transport__19,llama70b,openrouter,meta-llama/llama-3.3-70b-instruct,P3_strict_interchangeability,L4_transport,SCTP,Components exchange messages using SCTP.,True
llama70b__L4_transport__19,llama70b,openrouter,meta-llama/llama-3.3-70b-instruct,P3_strict_interchangeability,L4_transport,QUIC,Components exchange messages using QUIC.,True
llama70b__L4_transport__20,llama70b,openrouter,meta-llama/llama-3.3-70b-instruct,P3_strict_interchangeability,L4_transport,TCP,The application uses TCP for service communication.,True
llama70b__L4_transport__20,llama70b,openrouter,meta-llama/llama-3.3-70b-instruct,P3_strict_interchangeability,L4_transport,UDP,The application uses UDP for service communication.,True
llama70b__L4_transport__20,llama70b,openrouter,meta-llama/llama-3.3-70b-instruct,P3_strict_interchangeability,L4_transport,SCTP,The application uses SCTP for service communication.,True
llama70b__L4_transport__20,llama70b,openrouter,meta-llama/llama-3.3-70b-instruct,P3_strict_interchangeability,L4_transport,QUIC,The application uses QUIC for service communication.,True
llama70b__L4_transport__21,llama70b,openrouter,meta-llama/llama-3.3-70b-instruct,P3_strict_interchangeability,L4_transport,TCP,Nodes communicate using TCP protocols.,True
llama70b__L4_transport__21,llama70b,openrouter,meta-llama/llama-3.3-70b-instruct,P3_strict_interchangeability,L4_transport,UDP,Nodes communicate using UDP protocols.,True
llama70b__L4_transport__21,llama70b,openrouter,meta-llama/llama-3.3-70b-instruct,P3_strict_interchangeability,L4_transport,SCTP,Nodes communicate using SCTP protocols.,True
llama70b__L4_transport__21,llama70b,openrouter,meta-llama/llama-3.3-70b-instruct,P3_strict_interchangeability,L4_transport,QUIC,Nodes communicate using QUIC protocols.,True
llama70b__L4_transport__22,llama70b,openrouter,meta-llama/llama-3.3-70b-instruct,P3_strict_interchangeability,L4_transport,TCP,The system communicates using TCP.,True
llama70b__L4_transport__22,llama70b,openrouter,meta-llama/llama-3.3-70b-instruct,P3_strict_interchangeability,L4_transport,UDP,The system communicates using UDP.,True
llama70b__L4_transport__22,llama70b,openrouter,meta-llama/llama-3.3-70b-instruct,P3_strict_interchangeability,L4_transport,SCTP,The system communicates using SCTP.,True
llama70b__L4_transport__22,llama70b,openrouter,meta-llama/llama-3.3-70b-instruct,P3_strict_interchangeability,L4_transport,QUIC,The system communicates using QUIC.,True
llama70b__L4_transport__23,llama70b,openrouter,meta-llama/llama-3.3-70b-instruct,P3_strict_interchangeability,L4_transport,TCP,Services use TCP for data transport.,True
llama70b__L4_transport__23,llama70b,openrouter,meta-llama/llama-3.3-70b-instruct,P3_strict_interchangeability,L4_transport,UDP,Services use UDP for data transport.,True
llama70b__L4_transport__23,llama70b,openrouter,meta-llama/llama-3.3-70b-instruct,P3_strict_interchangeability,L4_transport,SCTP,Services use SCTP for data transport.,True
llama70b__L4_transport__23,llama70b,openrouter,meta-llama/llama-3.3-70b-instruct,P3_strict_interchangeability,L4_transport,QUIC,Services use QUIC for data transport.,True
llama70b__L4_transport__24,llama70b,openrouter,meta-llama/llama-3.3-70b-instruct,P3_strict_interchangeability,L4_transport,TCP,Components use TCP for communication between services.,True
llama70b__L4_transport__24,llama70b,openrouter,meta-llama/llama-3.3-70b-instruct,P3_strict_interchangeability,L4_transport,UDP,Components use UDP for communication between services.,True
llama70b__L4_transport__24,llama70b,openrouter,meta-llama/llama-3.3-70b-instruct,P3_strict_interchangeability,L4_transport,SCTP,Components use SCTP for communication between services.,True
llama70b__L4_transport__24,llama70b,openrouter,meta-llama/llama-3.3-70b-instruct,P3_strict_interchangeability,L4_transport,QUIC,Components use QUIC for communication between services.,True
llama70b__L4_transport__25,llama70b,openrouter,meta-llama/llama-3.3-70b-instruct,P3_strict_interchangeability,L4_transport,TCP,The networked application uses TCP for messaging.,True
llama70b__L4_transport__25,llama70b,openrouter,meta-llama/llama-3.3-70b-instruct,P3_strict_interchangeability,L4_transport,UDP,The networked application uses UDP for messaging.,True
llama70b__L4_transport__25,llama70b,openrouter,meta-llama/llama-3.3-70b-instruct,P3_strict_interchangeability,L4_transport,SCTP,The networked application uses SCTP for messaging.,True
llama70b__L4_transport__25,llama70b,openrouter,meta-llama/llama-3.3-70b-instruct,P3_strict_interchangeability,L4_transport,QUIC,The networked application uses QUIC for messaging.,True
llama70b__L5_session__1,llama70b,openrouter,meta-llama/llama-3.3-70b-instruct,P3_strict_interchangeability,L5_session,NFS,Machines connect through NFS.,False
llama70b__L5_session__1,llama70b,openrouter,meta-llama/llama-3.3-70b-instruct,P3_strict_interchangeability,L5_session,SMB,Machines connect through SMB.,False
llama70b__L5_session__1,llama70b,openrouter,meta-llama/llama-3.3-70b-instruct,P3_strict_interchangeability,L5_session,NetBios,Machines connect through NetBios.,False
llama70b__L5_session__1,llama70b,openrouter,meta-llama/llama-3.3-70b-instruct,P3_strict_interchangeability,L5_session,RPC,Machines connect through RPC.,False
llama70b__L5_session__2,llama70b,openrouter,meta-llama/llama-3.3-70b-instruct,P3_strict_interchangeability,L5_session,NFS,Services rely on NFS for interaction.,True
llama70b__L5_session__2,llama70b,openrouter,meta-llama/llama-3.3-70b-instruct,P3_strict_interchangeability,L5_session,SMB,Services rely on SMB for interaction.,True
llama70b__L5_session__2,llama70b,openrouter,meta-llama/llama-3.3-70b-instruct,P3_strict_interchangeability,L5_session,NetBios,Services rely on NetBios for interaction.,True
llama70b__L5_session__2,llama70b,openrouter,meta-llama/llama-3.3-70b-instruct,P3_strict_interchangeability,L5_session,RPC,Services rely on RPC for interaction.,True
llama70b__L5_session__3,llama70b,openrouter,meta-llama/llama-3.3-70b-instruct,P3_strict_interchangeability,L5_session,NFS,System components use NFS.,False
llama70b__L5_session__3,llama70b,openrouter,meta-llama/llama-3.3-70b-instruct,P3_strict_interchangeability,L5_session,SMB,System components use SMB.,False
llama70b__L5_session__3,llama70b,openrouter,meta-llama/llama-3.3-70b-instruct,P3_strict_interchangeability,L5_session,NetBios,System components use NetBios.,False
llama70b__L5_session__3,llama70b,openrouter,meta-llama/llama-3.3-70b-instruct,P3_strict_interchangeability,L5_session,RPC,System components use RPC.,False
llama70b__L5_session__4,llama70b,openrouter,meta-llama/llama-3.3-70b-instruct,P3_strict_interchangeability,L5_session,NFS,The application connects through NFS.,True
llama70b__L5_session__4,llama70b,openrouter,meta-llama/llama-3.3-70b-instruct,P3_strict_interchangeability,L5_session,SMB,The application connects through SMB.,True
llama70b__L5_session__4,llama70b,openrouter,meta-llama/llama-3.3-70b-instruct,P3_strict_interchangeability,L5_session,NetBios,The application connects through NetBios.,True
llama70b__L5_session__4,llama70b,openrouter,meta-llama/llama-3.3-70b-instruct,P3_strict_interchangeability,L5_session,RPC,The application connects through RPC.,True
llama70b__L5_session__5,llama70b,openrouter,meta-llama/llama-3.3-70b-instruct,P3_strict_interchangeability,L5_session,NFS,Components interact via NFS.,False
llama70b__L5_session__5,llama70b,openrouter,meta-llama/llama-3.3-70b-instruct,P3_strict_interchangeability,L5_session,SMB,Components interact via SMB.,False
llama70b__L5_session__5,llama70b,openrouter,meta-llama/llama-3.3-70b-instruct,P3_strict_interchangeability,L5_session,NetBios,Components interact via NetBios.,False
llama70b__L5_session__5,llama70b,openrouter,meta-llama/llama-3.3-70b-instruct,P3_strict_interchangeability,L5_session,RPC,Components interact via RPC.,False
llama70b__L5_session__6,llama70b,openrouter,meta-llama/llama-3.3-70b-instruct,P3_strict_interchangeability,L5_session,NFS,Remote services use NFS.,False
llama70b__L5_session__6,llama70b,openrouter,meta-llama/llama-3.3-70b-instruct,P3_strict_interchangeability,L5_session,SMB,Remote services use SMB.,False
llama70b__L5_session__6,llama70b,openrouter,meta-llama/llama-3.3-70b-instruct,P3_strict_interchangeability,L5_session,NetBios,Remote services use NetBios.,False
llama70b__L5_session__6,llama70b,openrouter,meta-llama/llama-3.3-70b-instruct,P3_strict_interchangeability,L5_session,RPC,Remote services use RPC.,False
llama70b__L5_session__7,llama70b,openrouter,meta-llama/llama-3.3-70b-instruct,P3_strict_interchangeability,L5_session,NFS,The system relies on NFS.,True
llama70b__L5_session__7,llama70b,openrouter,meta-llama/llama-3.3-70b-instruct,P3_strict_interchangeability,L5_session,SMB,The system relies on SMB.,True
llama70b__L5_session__7,llama70b,openrouter,meta-llama/llama-3.3-70b-instruct,P3_strict_interchangeability,L5_session,NetBios,The system relies on NetBios.,True
llama70b__L5_session__7,llama70b,openrouter,meta-llama/llama-3.3-70b-instruct,P3_strict_interchangeability,L5_session,RPC,The system relies on RPC.,True
llama70b__L5_session__8,llama70b,openrouter,meta-llama/llama-3.3-70b-instruct,P3_strict_interchangeability,L5_session,NFS,Session services connect through NFS.,True
llama70b__L5_session__8,llama70b,openrouter,meta-llama/llama-3.3-70b-instruct,P3_strict_interchangeability,L5_session,SMB,Session services connect through SMB.,True
llama70b__L5_session__8,llama70b,openrouter,meta-llama/llama-3.3-70b-instruct,P3_strict_interchangeability,L5_session,NetBios,Session services connect through NetBios.,True
llama70b__L5_session__8,llama70b,openrouter,meta-llama/llama-3.3-70b-instruct,P3_strict_interchangeability,L5_session,RPC,Session services connect through RPC.,True
llama70b__L5_session__9,llama70b,openrouter,meta-llama/llama-3.3-70b-instruct,P3_strict_interchangeability,L5_session,NFS,Application machines use NFS.,False
llama70b__L5_session__9,llama70b,openrouter,meta-llama/llama-3.3-70b-instruct,P3_strict_interchangeability,L5_session,SMB,Application machines use SMB.,False
llama70b__L5_session__9,llama70b,openrouter,meta-llama/llama-3.3-70b-instruct,P3_strict_interchangeability,L5_session,NetBios,Application machines use NetBios.,False
llama70b__L5_session__9,llama70b,openrouter,meta-llama/llama-3.3-70b-instruct,P3_strict_interchangeability,L5_session,RPC,Application machines use RPC.,False
llama70b__L5_session__10,llama70b,openrouter,meta-llama/llama-3.3-70b-instruct,P3_strict_interchangeability,L5_session,NFS,Services use NFS for sessions.,True
llama70b__L5_session__10,llama70b,openrouter,meta-llama/llama-3.3-70b-instruct,P3_strict_interchangeability,L5_session,SMB,Services use SMB for sessions.,True
llama70b__L5_session__10,llama70b,openrouter,meta-llama/llama-3.3-70b-instruct,P3_strict_interchangeability,L5_session,NetBios,Services use NetBios for sessions.,True
llama70b__L5_session__10,llama70b,openrouter,meta-llama/llama-3.3-70b-instruct,P3_strict_interchangeability,L5_session,RPC,Services use RPC for sessions.,True
llama70b__L5_session__11,llama70b,openrouter,meta-llama/llama-3.3-70b-instruct,P3_strict_interchangeability,L5_session,NFS,System services connect via NFS.,True
llama70b__L5_session__11,llama70b,openrouter,meta-llama/llama-3.3-70b-instruct,P3_strict_interchangeability,L5_session,SMB,System services connect via SMB.,True
llama70b__L5_session__11,llama70b,openrouter,meta-llama/llama-3.3-70b-instruct,P3_strict_interchangeability,L5_session,NetBios,System services connect via NetBios.,True
llama70b__L5_session__11,llama70b,openrouter,meta-llama/llama-3.3-70b-instruct,P3_strict_interchangeability,L5_session,RPC,System services connect via RPC.,True
llama70b__L5_session__12,llama70b,openrouter,meta-llama/llama-3.3-70b-instruct,P3_strict_interchangeability,L5_session,NFS,Remote machines rely on NFS.,True
llama70b__L5_session__12,llama70b,openrouter,meta-llama/llama-3.3-70b-instruct,P3_strict_interchangeability,L5_session,SMB,Remote machines rely on SMB.,True
llama70b__L5_session__12,llama70b,openrouter,meta-llama/llama-3.3-70b-instruct,P3_strict_interchangeability,L5_session,NetBios,Remote machines rely on NetBios.,True
llama70b__L5_session__12,llama70b,openrouter,meta-llama/llama-3.3-70b-instruct,P3_strict_interchangeability,L5_session,RPC,Remote machines rely on RPC.,True
llama70b__L5_session__13,llama70b,openrouter,meta-llama/llama-3.3-70b-instruct,P3_strict_interchangeability,L5_session,NFS,The service uses NFS for interaction.,True
llama70b__L5_session__13,llama70b,openrouter,meta-llama/llama-3.3-70b-instruct,P3_strict_interchangeability,L5_session,SMB,The service uses SMB for interaction.,True
llama70b__L5_session__13,llama70b,openrouter,meta-llama/llama-3.3-70b-instruct,P3_strict_interchangeability,L5_session,NetBios,The service uses NetBios for interaction.,True
llama70b__L5_session__13,llama70b,openrouter,meta-llama/llama-3.3-70b-instruct,P3_strict_interchangeability,L5_session,RPC,The service uses RPC for interaction.,True
llama70b__L5_session__14,llama70b,openrouter,meta-llama/llama-3.3-70b-instruct,P3_strict_interchangeability,L5_session,NFS,Session components connect through NFS.,True
llama70b__L5_session__14,llama70b,openrouter,meta-llama/llama-3.3-70b-instruct,P3_strict_interchangeability,L5_session,SMB,Session components connect through SMB.,True
llama70b__L5_session__14,llama70b,openrouter,meta-llama/llama-3.3-70b-instruct,P3_strict_interchangeability,L5_session,NetBios,Session components connect through NetBios.,True
llama70b__L5_session__14,llama70b,openrouter,meta-llama/llama-3.3-70b-instruct,P3_strict_interchangeability,L5_session,RPC,Session components connect through RPC.,True
llama70b__L5_session__15,llama70b,openrouter,meta-llama/llama-3.3-70b-instruct,P3_strict_interchangeability,L5_session,NFS,Machines rely on NFS for sessions.,True
llama70b__L5_session__15,llama70b,openrouter,meta-llama/llama-3.3-70b-instruct,P3_strict_interchangeability,L5_session,SMB,Machines rely on SMB for sessions.,True
llama70b__L5_session__15,llama70b,openrouter,meta-llama/llama-3.3-70b-instruct,P3_strict_interchangeability,L5_session,NetBios,Machines rely on NetBios for sessions.,True
llama70b__L5_session__15,llama70b,openrouter,meta-llama/llama-3.3-70b-instruct,P3_strict_interchangeability,L5_session,RPC,Machines rely on RPC for sessions.,True
llama70b__L5_session__16,llama70b,openrouter,meta-llama/llama-3.3-70b-instruct,P3_strict_interchangeability,L5_session,NFS,Application services use NFS.,False
llama70b__L5_session__16,llama70b,openrouter,meta-llama/llama-3.3-70b-instruct,P3_strict_interchangeability,L5_session,SMB,Application services use SMB.,False
llama70b__L5_session__16,llama70b,openrouter,meta-llama/llama-3.3-70b-instruct,P3_strict_interchangeability,L5_session,NetBios,Application services use NetBios.,False
llama70b__L5_session__16,llama70b,openrouter,meta-llama/llama-3.3-70b-instruct,P3_strict_interchangeability,L5_session,RPC,Application services use RPC.,False
llama70b__L5_session__17,llama70b,openrouter,meta-llama/llama-3.3-70b-instruct,P3_strict_interchangeability,L5_session,NFS,Components rely on NFS.,False
llama70b__L5_session__17,llama70b,openrouter,meta-llama/llama-3.3-70b-instruct,P3_strict_interchangeability,L5_session,SMB,Components rely on SMB.,False
llama70b__L5_session__17,llama70b,openrouter,meta-llama/llama-3.3-70b-instruct,P3_strict_interchangeability,L5_session,NetBios,Components rely on NetBios.,False
llama70b__L5_session__17,llama70b,openrouter,meta-llama/llama-3.3-70b-instruct,P3_strict_interchangeability,L5_session,RPC,Components rely on RPC.,False
llama70b__L5_session__18,llama70b,openrouter,meta-llama/llama-3.3-70b-instruct,P3_strict_interchangeability,L5_session,NFS,System applications connect through NFS.,True
llama70b__L5_session__18,llama70b,openrouter,meta-llama/llama-3.3-70b-instruct,P3_strict_interchangeability,L5_session,SMB,System applications connect through SMB.,True
llama70b__L5_session__18,llama70b,openrouter,meta-llama/llama-3.3-70b-instruct,P3_strict_interchangeability,L5_session,NetBios,System applications connect through NetBios.,True
llama70b__L5_session__18,llama70b,openrouter,meta-llama/llama-3.3-70b-instruct,P3_strict_interchangeability,L5_session,RPC,System applications connect through RPC.,True
llama70b__L5_session__19,llama70b,openrouter,meta-llama/llama-3.3-70b-instruct,P3_strict_interchangeability,L5_session,NFS,Remote services rely on NFS.,True
llama70b__L5_session__19,llama70b,openrouter,meta-llama/llama-3.3-70b-instruct,P3_strict_interchangeability,L5_session,SMB,Remote services rely on SMB.,True
llama70b__L5_session__19,llama70b,openrouter,meta-llama/llama-3.3-70b-instruct,P3_strict_interchangeability,L5_session,NetBios,Remote services rely on NetBios.,True
llama70b__L5_session__19,llama70b,openrouter,meta-llama/llama-3.3-70b-instruct,P3_strict_interchangeability,L5_session,RPC,Remote services rely on RPC.,True
llama70b__L5_session__20,llama70b,openrouter,meta-llama/llama-3.3-70b-instruct,P3_strict_interchangeability,L5_session,NFS,The application relies on NFS.,True
llama70b__L5_session__20,llama70b,openrouter,meta-llama/llama-3.3-70b-instruct,P3_strict_interchangeability,L5_session,SMB,The application relies on SMB.,True
llama70b__L5_session__20,llama70b,openrouter,meta-llama/llama-3.3-70b-instruct,P3_strict_interchangeability,L5_session,NetBios,The application relies on NetBios.,True
llama70b__L5_session__20,llama70b,openrouter,meta-llama/llama-3.3-70b-instruct,P3_strict_interchangeability,L5_session,RPC,The application relies on RPC.,True
llama70b__L5_session__21,llama70b,openrouter,meta-llama/llama-3.3-70b-instruct,P3_strict_interchangeability,L5_session,NFS,Session machines use NFS.,False
llama70b__L5_session__21,llama70b,openrouter,meta-llama/llama-3.3-70b-instruct,P3_strict_interchangeability,L5_session,SMB,Session machines use SMB.,False
llama70b__L5_session__21,llama70b,openrouter,meta-llama/llama-3.3-70b-instruct,P3_strict_interchangeability,L5_session,NetBios,Session machines use NetBios.,False
llama70b__L5_session__21,llama70b,openrouter,meta-llama/llama-3.3-70b-instruct,P3_strict_interchangeability,L5_session,RPC,Session machines use RPC.,False
llama70b__L5_session__22,llama70b,openrouter,meta-llama/llama-3.3-70b-instruct,P3_strict_interchangeability,L5_session,NFS,Services connect via NFS.,False
llama70b__L5_session__22,llama70b,openrouter,meta-llama/llama-3.3-70b-instruct,P3_strict_interchangeability,L5_session,SMB,Services connect via SMB.,False
llama70b__L5_session__22,llama70b,openrouter,meta-llama/llama-3.3-70b-instruct,P3_strict_interchangeability,L5_session,NetBios,Services connect via NetBios.,False
llama70b__L5_session__22,llama70b,openrouter,meta-llama/llama-3.3-70b-instruct,P3_strict_interchangeability,L5_session,RPC,Services connect via RPC.,False
llama70b__L5_session__23,llama70b,openrouter,meta-llama/llama-3.3-70b-instruct,P3_strict_interchangeability,L5_session,NFS,System components rely on NFS.,True
llama70b__L5_session__23,llama70b,openrouter,meta-llama/llama-3.3-70b-instruct,P3_strict_interchangeability,L5_session,SMB,System components rely on SMB.,True
llama70b__L5_session__23,llama70b,openrouter,meta-llama/llama-3.3-70b-instruct,P3_strict_interchangeability,L5_session,NetBios,System components rely on NetBios.,True
llama70b__L5_session__23,llama70b,openrouter,meta-llama/llama-3.3-70b-instruct,P3_strict_interchangeability,L5_session,RPC,System components rely on RPC.,True
llama70b__L5_session__24,llama70b,openrouter,meta-llama/llama-3.3-70b-instruct,P3_strict_interchangeability,L5_session,NFS,The system uses NFS for sessions.,True
llama70b__L5_session__24,llama70b,openrouter,meta-llama/llama-3.3-70b-instruct,P3_strict_interchangeability,L5_session,SMB,The system uses SMB for sessions.,True
llama70b__L5_session__24,llama70b,openrouter,meta-llama/llama-3.3-70b-instruct,P3_strict_interchangeability,L5_session,NetBios,The system uses NetBios for sessions.,True
llama70b__L5_session__24,llama70b,openrouter,meta-llama/llama-3.3-70b-instruct,P3_strict_interchangeability,L5_session,RPC,The system uses RPC for sessions.,True
llama70b__L5_session__25,llama70b,openrouter,meta-llama/llama-3.3-70b-instruct,P3_strict_interchangeability,L5_session,NFS,Application components connect through NFS.,True
llama70b__L5_session__25,llama70b,openrouter,meta-llama/llama-3.3-70b-instruct,P3_strict_interchangeability,L5_session,SMB,Application components connect through SMB.,True
llama70b__L5_session__25,llama70b,openrouter,meta-llama/llama-3.3-70b-instruct,P3_strict_interchangeability,L5_session,NetBios,Application components connect through NetBios.,True
llama70b__L5_session__25,llama70b,openrouter,meta-llama/llama-3.3-70b-instruct,P3_strict_interchangeability,L5_session,RPC,Application components connect through RPC.,True
llama70b__L6_presentation__1,llama70b,openrouter,meta-llama/llama-3.3-70b-instruct,P3_strict_interchangeability,L6_presentation,SSL/TLS,Data uses SSL/TLS for representation.,True
llama70b__L6_presentation__1,llama70b,openrouter,meta-llama/llama-3.3-70b-instruct,P3_strict_interchangeability,L6_presentation,JPEG,Data uses JPEG for representation.,True
llama70b__L6_presentation__1,llama70b,openrouter,meta-llama/llama-3.3-70b-instruct,P3_strict_interchangeability,L6_presentation,MPEG,Data uses MPEG for representation.,True
llama70b__L6_presentation__1,llama70b,openrouter,meta-llama/llama-3.3-70b-instruct,P3_strict_interchangeability,L6_presentation,ASCII,Data uses ASCII for representation.,True
llama70b__L6_presentation__2,llama70b,openrouter,meta-llama/llama-3.3-70b-instruct,P3_strict_interchangeability,L6_presentation,SSL/TLS,Components handle data using SSL/TLS.,True
llama70b__L6_presentation__2,llama70b,openrouter,meta-llama/llama-3.3-70b-instruct,P3_strict_interchangeability,L6_presentation,JPEG,Components handle data using JPEG.,True
llama70b__L6_presentation__2,llama70b,openrouter,meta-llama/llama-3.3-70b-instruct,P3_strict_interchangeability,L6_presentation,MPEG,Components handle data using MPEG.,True
llama70b__L6_presentation__2,llama70b,openrouter,meta-llama/llama-3.3-70b-instruct,P3_strict_interchangeability,L6_presentation,ASCII,Components handle data using ASCII.,True
llama70b__L6_presentation__3,llama70b,openrouter,meta-llama/llama-3.3-70b-instruct,P3_strict_interchangeability,L6_presentation,SSL/TLS,Content uses SSL/TLS when presenting.,True
llama70b__L6_presentation__3,llama70b,openrouter,meta-llama/llama-3.3-70b-instruct,P3_strict_interchangeability,L6_presentation,JPEG,Content uses JPEG when presenting.,True
llama70b__L6_presentation__3,llama70b,openrouter,meta-llama/llama-3.3-70b-instruct,P3_strict_interchangeability,L6_presentation,MPEG,Content uses MPEG when presenting.,True
llama70b__L6_presentation__3,llama70b,openrouter,meta-llama/llama-3.3-70b-instruct,P3_strict_interchangeability,L6_presentation,ASCII,Content uses ASCII when presenting.,True
llama70b__L6_presentation__4,llama70b,openrouter,meta-llama/llama-3.3-70b-instruct,P3_strict_interchangeability,L6_presentation,SSL/TLS,System uses SSL/TLS for data encoding.,True
llama70b__L6_presentation__4,llama70b,openrouter,meta-llama/llama-3.3-70b-instruct,P3_strict_interchangeability,L6_presentation,JPEG,System uses JPEG for data encoding.,True
llama70b__L6_presentation__4,llama70b,openrouter,meta-llama/llama-3.3-70b-instruct,P3_strict_interchangeability,L6_presentation,MPEG,System uses MPEG for data encoding.,True
llama70b__L6_presentation__4,llama70b,openrouter,meta-llama/llama-3.3-70b-instruct,P3_strict_interchangeability,L6_presentation,ASCII,System uses ASCII for data encoding.,True
llama70b__L6_presentation__5,llama70b,openrouter,meta-llama/llama-3.3-70b-instruct,P3_strict_interchangeability,L6_presentation,SSL/TLS,Application handles data using SSL/TLS.,True
llama70b__L6_presentation__5,llama70b,openrouter,meta-llama/llama-3.3-70b-instruct,P3_strict_interchangeability,L6_presentation,JPEG,Application handles data using JPEG.,True
llama70b__L6_presentation__5,llama70b,openrouter,meta-llama/llama-3.3-70b-instruct,P3_strict_interchangeability,L6_presentation,MPEG,Application handles data using MPEG.,True
llama70b__L6_presentation__5,llama70b,openrouter,meta-llama/llama-3.3-70b-instruct,P3_strict_interchangeability,L6_presentation,ASCII,Application handles data using ASCII.,True
llama70b__L6_presentation__6,llama70b,openrouter,meta-llama/llama-3.3-70b-instruct,P3_strict_interchangeability,L6_presentation,SSL/TLS,Service uses SSL/TLS for formatting data.,True
llama70b__L6_presentation__6,llama70b,openrouter,meta-llama/llama-3.3-70b-instruct,P3_strict_interchangeability,L6_presentation,JPEG,Service uses JPEG for formatting data.,True
llama70b__L6_presentation__6,llama70b,openrouter,meta-llama/llama-3.3-70b-instruct,P3_strict_interchangeability,L6_presentation,MPEG,Service uses MPEG for formatting data.,True
llama70b__L6_presentation__6,llama70b,openrouter,meta-llama/llama-3.3-70b-instruct,P3_strict_interchangeability,L6_presentation,ASCII,Service uses ASCII for formatting data.,True
llama70b__L6_presentation__7,llama70b,openrouter,meta-llama/llama-3.3-70b-instruct,P3_strict_interchangeability,L6_presentation,SSL/TLS,Components use SSL/TLS for data formatting.,True
llama70b__L6_presentation__7,llama70b,openrouter,meta-llama/llama-3.3-70b-instruct,P3_strict_interchangeability,L6_presentation,JPEG,Components use JPEG for data formatting.,True
llama70b__L6_presentation__7,llama70b,openrouter,meta-llama/llama-3.3-70b-instruct,P3_strict_interchangeability,L6_presentation,MPEG,Components use MPEG for data formatting.,True
llama70b__L6_presentation__7,llama70b,openrouter,meta-llama/llama-3.3-70b-instruct,P3_strict_interchangeability,L6_presentation,ASCII,Components use ASCII for data formatting.,True
llama70b__L6_presentation__8,llama70b,openrouter,meta-llama/llama-3.3-70b-instruct,P3_strict_interchangeability,L6_presentation,SSL/TLS,Data uses SSL/TLS for presentation purposes.,True
llama70b__L6_presentation__8,llama70b,openrouter,meta-llama/llama-3.3-70b-instruct,P3_strict_interchangeability,L6_presentation,JPEG,Data uses JPEG for presentation purposes.,True
llama70b__L6_presentation__8,llama70b,openrouter,meta-llama/llama-3.3-70b-instruct,P3_strict_interchangeability,L6_presentation,MPEG,Data uses MPEG for presentation purposes.,True
llama70b__L6_presentation__8,llama70b,openrouter,meta-llama/llama-3.3-70b-instruct,P3_strict_interchangeability,L6_presentation,ASCII,Data uses ASCII for presentation purposes.,True
llama70b__L6_presentation__9,llama70b,openrouter,meta-llama/llama-3.3-70b-instruct,P3_strict_interchangeability,L6_presentation,SSL/TLS,Content uses SSL/TLS to represent data.,True
llama70b__L6_presentation__9,llama70b,openrouter,meta-llama/llama-3.3-70b-instruct,P3_strict_interchangeability,L6_presentation,JPEG,Content uses JPEG to represent data.,True
llama70b__L6_presentation__9,llama70b,openrouter,meta-llama/llama-3.3-70b-instruct,P3_strict_interchangeability,L6_presentation,MPEG,Content uses MPEG to represent data.,True
llama70b__L6_presentation__9,llama70b,openrouter,meta-llama/llama-3.3-70b-instruct,P3_strict_interchangeability,L6_presentation,ASCII,Content uses ASCII to represent data.,True
llama70b__L6_presentation__10,llama70b,openrouter,meta-llama/llama-3.3-70b-instruct,P3_strict_interchangeability,L6_presentation,SSL/TLS,System uses SSL/TLS for data presentation.,True
llama70b__L6_presentation__10,llama70b,openrouter,meta-llama/llama-3.3-70b-instruct,P3_strict_interchangeability,L6_presentation,JPEG,System uses JPEG for data presentation.,True
llama70b__L6_presentation__10,llama70b,openrouter,meta-llama/llama-3.3-70b-instruct,P3_strict_interchangeability,L6_presentation,MPEG,System uses MPEG for data presentation.,True
llama70b__L6_presentation__10,llama70b,openrouter,meta-llama/llama-3.3-70b-instruct,P3_strict_interchangeability,L6_presentation,ASCII,System uses ASCII for data presentation.,True
llama70b__L6_presentation__11,llama70b,openrouter,meta-llama/llama-3.3-70b-instruct,P3_strict_interchangeability,L6_presentation,SSL/TLS,Application uses SSL/TLS for encoding data.,True
llama70b__L6_presentation__11,llama70b,openrouter,meta-llama/llama-3.3-70b-instruct,P3_strict_interchangeability,L6_presentation,JPEG,Application uses JPEG for encoding data.,True
llama70b__L6_presentation__11,llama70b,openrouter,meta-llama/llama-3.3-70b-instruct,P3_strict_interchangeability,L6_presentation,MPEG,Application uses MPEG for encoding data.,True
llama70b__L6_presentation__11,llama70b,openrouter,meta-llama/llama-3.3-70b-instruct,P3_strict_interchangeability,L6_presentation,ASCII,Application uses ASCII for encoding data.,True
llama70b__L6_presentation__12,llama70b,openrouter,meta-llama/llama-3.3-70b-instruct,P3_strict_interchangeability,L6_presentation,SSL/TLS,Service handles data with SSL/TLS.,True
llama70b__L6_presentation__12,llama70b,openrouter,meta-llama/llama-3.3-70b-instruct,P3_strict_interchangeability,L6_presentation,JPEG,Service handles data with JPEG.,True
llama70b__L6_presentation__12,llama70b,openrouter,meta-llama/llama-3.3-70b-instruct,P3_strict_interchangeability,L6_presentation,MPEG,Service handles data with MPEG.,True
llama70b__L6_presentation__12,llama70b,openrouter,meta-llama/llama-3.3-70b-instruct,P3_strict_interchangeability,L6_presentation,ASCII,Service handles data with ASCII.,True
llama70b__L6_presentation__13,llama70b,openrouter,meta-llama/llama-3.3-70b-instruct,P3_strict_interchangeability,L6_presentation,SSL/TLS,Data presentation uses SSL/TLS.,False
llama70b__L6_presentation__13,llama70b,openrouter,meta-llama/llama-3.3-70b-instruct,P3_strict_interchangeability,L6_presentation,JPEG,Data presentation uses JPEG.,False
llama70b__L6_presentation__13,llama70b,openrouter,meta-llama/llama-3.3-70b-instruct,P3_strict_interchangeability,L6_presentation,MPEG,Data presentation uses MPEG.,False
llama70b__L6_presentation__13,llama70b,openrouter,meta-llama/llama-3.3-70b-instruct,P3_strict_interchangeability,L6_presentation,ASCII,Data presentation uses ASCII.,False
llama70b__L6_presentation__14,llama70b,openrouter,meta-llama/llama-3.3-70b-instruct,P3_strict_interchangeability,L6_presentation,SSL/TLS,Components utilize SSL/TLS for data.,True
llama70b__L6_presentation__14,llama70b,openrouter,meta-llama/llama-3.3-70b-instruct,P3_strict_interchangeability,L6_presentation,JPEG,Components utilize JPEG for data.,True
llama70b__L6_presentation__14,llama70b,openrouter,meta-llama/llama-3.3-70b-instruct,P3_strict_interchangeability,L6_presentation,MPEG,Components utilize MPEG for data.,True
llama70b__L6_presentation__14,llama70b,openrouter,meta-llama/llama-3.3-70b-instruct,P3_strict_interchangeability,L6_presentation,ASCII,Components utilize ASCII for data.,True
llama70b__L6_presentation__15,llama70b,openrouter,meta-llama/llama-3.3-70b-instruct,P3_strict_interchangeability,L6_presentation,SSL/TLS,Content presentation uses SSL/TLS.,False
llama70b__L6_presentation__15,llama70b,openrouter,meta-llama/llama-3.3-70b-instruct,P3_strict_interchangeability,L6_presentation,JPEG,Content presentation uses JPEG.,False
llama70b__L6_presentation__15,llama70b,openrouter,meta-llama/llama-3.3-70b-instruct,P3_strict_interchangeability,L6_presentation,MPEG,Content presentation uses MPEG.,False
llama70b__L6_presentation__15,llama70b,openrouter,meta-llama/llama-3.3-70b-instruct,P3_strict_interchangeability,L6_presentation,ASCII,Content presentation uses ASCII.,False
llama70b__L6_presentation__16,llama70b,openrouter,meta-llama/llama-3.3-70b-instruct,P3_strict_interchangeability,L6_presentation,SSL/TLS,System handles data using SSL/TLS.,True
llama70b__L6_presentation__16,llama70b,openrouter,meta-llama/llama-3.3-70b-instruct,P3_strict_interchangeability,L6_presentation,JPEG,System handles data using JPEG.,True
llama70b__L6_presentation__16,llama70b,openrouter,meta-llama/llama-3.3-70b-instruct,P3_strict_interchangeability,L6_presentation,MPEG,System handles data using MPEG.,True
llama70b__L6_presentation__16,llama70b,openrouter,meta-llama/llama-3.3-70b-instruct,P3_strict_interchangeability,L6_presentation,ASCII,System handles data using ASCII.,True
llama70b__L6_presentation__17,llama70b,openrouter,meta-llama/llama-3.3-70b-instruct,P3_strict_interchangeability,L6_presentation,SSL/TLS,Application uses SSL/TLS for data representation.,True
llama70b__L6_presentation__17,llama70b,openrouter,meta-llama/llama-3.3-70b-instruct,P3_strict_interchangeability,L6_presentation,JPEG,Application uses JPEG for data representation.,True
llama70b__L6_presentation__17,llama70b,openrouter,meta-llama/llama-3.3-70b-instruct,P3_strict_interchangeability,L6_presentation,MPEG,Application uses MPEG for data representation.,True
llama70b__L6_presentation__17,llama70b,openrouter,meta-llama/llama-3.3-70b-instruct,P3_strict_interchangeability,L6_presentation,ASCII,Application uses ASCII for data representation.,True
llama70b__L6_presentation__18,llama70b,openrouter,meta-llama/llama-3.3-70b-instruct,P3_strict_interchangeability,L6_presentation,SSL/TLS,Service uses SSL/TLS for data representation.,True
llama70b__L6_presentation__18,llama70b,openrouter,meta-llama/llama-3.3-70b-instruct,P3_strict_interchangeability,L6_presentation,JPEG,Service uses JPEG for data representation.,True
llama70b__L6_presentation__18,llama70b,openrouter,meta-llama/llama-3.3-70b-instruct,P3_strict_interchangeability,L6_presentation,MPEG,Service uses MPEG for data representation.,True
llama70b__L6_presentation__18,llama70b,openrouter,meta-llama/llama-3.3-70b-instruct,P3_strict_interchangeability,L6_presentation,ASCII,Service uses ASCII for data representation.,True
llama70b__L6_presentation__19,llama70b,openrouter,meta-llama/llama-3.3-70b-instruct,P3_strict_interchangeability,L6_presentation,SSL/TLS,Data uses SSL/TLS for formatting.,True
llama70b__L6_presentation__19,llama70b,openrouter,meta-llama/llama-3.3-70b-instruct,P3_strict_interchangeability,L6_presentation,JPEG,Data uses JPEG for formatting.,True
llama70b__L6_presentation__19,llama70b,openrouter,meta-llama/llama-3.3-70b-instruct,P3_strict_interchangeability,L6_presentation,MPEG,Data uses MPEG for formatting.,True
llama70b__L6_presentation__19,llama70b,openrouter,meta-llama/llama-3.3-70b-instruct,P3_strict_interchangeability,L6_presentation,ASCII,Data uses ASCII for formatting.,True
llama70b__L6_presentation__20,llama70b,openrouter,meta-llama/llama-3.3-70b-instruct,P3_strict_interchangeability,L6_presentation,SSL/TLS,Components use SSL/TLS for data representation.,True
llama70b__L6_presentation__20,llama70b,openrouter,meta-llama/llama-3.3-70b-instruct,P3_strict_interchangeability,L6_presentation,JPEG,Components use JPEG for data representation.,True
llama70b__L6_presentation__20,llama70b,openrouter,meta-llama/llama-3.3-70b-instruct,P3_strict_interchangeability,L6_presentation,MPEG,Components use MPEG for data representation.,True
llama70b__L6_presentation__20,llama70b,openrouter,meta-llama/llama-3.3-70b-instruct,P3_strict_interchangeability,L6_presentation,ASCII,Components use ASCII for data representation.,True
llama70b__L6_presentation__21,llama70b,openrouter,meta-llama/llama-3.3-70b-instruct,P3_strict_interchangeability,L6_presentation,SSL/TLS,Content uses SSL/TLS for encoding data.,True
llama70b__L6_presentation__21,llama70b,openrouter,meta-llama/llama-3.3-70b-instruct,P3_strict_interchangeability,L6_presentation,JPEG,Content uses JPEG for encoding data.,True
llama70b__L6_presentation__21,llama70b,openrouter,meta-llama/llama-3.3-70b-instruct,P3_strict_interchangeability,L6_presentation,MPEG,Content uses MPEG for encoding data.,True
llama70b__L6_presentation__21,llama70b,openrouter,meta-llama/llama-3.3-70b-instruct,P3_strict_interchangeability,L6_presentation,ASCII,Content uses ASCII for encoding data.,True
llama70b__L6_presentation__22,llama70b,openrouter,meta-llama/llama-3.3-70b-instruct,P3_strict_interchangeability,L6_presentation,SSL/TLS,System uses SSL/TLS for data formatting.,True
llama70b__L6_presentation__22,llama70b,openrouter,meta-llama/llama-3.3-70b-instruct,P3_strict_interchangeability,L6_presentation,JPEG,System uses JPEG for data formatting.,True
llama70b__L6_presentation__22,llama70b,openrouter,meta-llama/llama-3.3-70b-instruct,P3_strict_interchangeability,L6_presentation,MPEG,System uses MPEG for data formatting.,True
llama70b__L6_presentation__22,llama70b,openrouter,meta-llama/llama-3.3-70b-instruct,P3_strict_interchangeability,L6_presentation,ASCII,System uses ASCII for data formatting.,True
llama70b__L6_presentation__23,llama70b,openrouter,meta-llama/llama-3.3-70b-instruct,P3_strict_interchangeability,L6_presentation,SSL/TLS,Application handles data with SSL/TLS.,True
llama70b__L6_presentation__23,llama70b,openrouter,meta-llama/llama-3.3-70b-instruct,P3_strict_interchangeability,L6_presentation,JPEG,Application handles data with JPEG.,True
llama70b__L6_presentation__23,llama70b,openrouter,meta-llama/llama-3.3-70b-instruct,P3_strict_interchangeability,L6_presentation,MPEG,Application handles data with MPEG.,True
llama70b__L6_presentation__23,llama70b,openrouter,meta-llama/llama-3.3-70b-instruct,P3_strict_interchangeability,L6_presentation,ASCII,Application handles data with ASCII.,True
llama70b__L6_presentation__24,llama70b,openrouter,meta-llama/llama-3.3-70b-instruct,P3_strict_interchangeability,L6_presentation,SSL/TLS,Service uses SSL/TLS for presenting data.,True
llama70b__L6_presentation__24,llama70b,openrouter,meta-llama/llama-3.3-70b-instruct,P3_strict_interchangeability,L6_presentation,JPEG,Service uses JPEG for presenting data.,True
llama70b__L6_presentation__24,llama70b,openrouter,meta-llama/llama-3.3-70b-instruct,P3_strict_interchangeability,L6_presentation,MPEG,Service uses MPEG for presenting data.,True
llama70b__L6_presentation__24,llama70b,openrouter,meta-llama/llama-3.3-70b-instruct,P3_strict_interchangeability,L6_presentation,ASCII,Service uses ASCII for presenting data.,True
llama70b__L6_presentation__25,llama70b,openrouter,meta-llama/llama-3.3-70b-instruct,P3_strict_interchangeability,L6_presentation,SSL/TLS,Data presentation utilizes SSL/TLS.,False
llama70b__L6_presentation__25,llama70b,openrouter,meta-llama/llama-3.3-70b-instruct,P3_strict_interchangeability,L6_presentation,JPEG,Data presentation utilizes JPEG.,False
llama70b__L6_presentation__25,llama70b,openrouter,meta-llama/llama-3.3-70b-instruct,P3_strict_interchangeability,L6_presentation,MPEG,Data presentation utilizes MPEG.,False
llama70b__L6_presentation__25,llama70b,openrouter,meta-llama/llama-3.3-70b-instruct,P3_strict_interchangeability,L6_presentation,ASCII,Data presentation utilizes ASCII.,False
llama70b__L7_application__1,llama70b,openrouter,meta-llama/llama-3.3-70b-instruct,P3_strict_interchangeability,L7_application,HTTP,Application components communicate using HTTP.,True
llama70b__L7_application__1,llama70b,openrouter,meta-llama/llama-3.3-70b-instruct,P3_strict_interchangeability,L7_application,FTP,Application components communicate using FTP.,True
llama70b__L7_application__1,llama70b,openrouter,meta-llama/llama-3.3-70b-instruct,P3_strict_interchangeability,L7_application,DNS,Application components communicate using DNS.,True
llama70b__L7_application__1,llama70b,openrouter,meta-llama/llama-3.3-70b-instruct,P3_strict_interchangeability,L7_application,SMTP,Application components communicate using SMTP.,True
llama70b__L7_application__2,llama70b,openrouter,meta-llama/llama-3.3-70b-instruct,P3_strict_interchangeability,L7_application,HTTP,Client services use HTTP for network communication.,True
llama70b__L7_application__2,llama70b,openrouter,meta-llama/llama-3.3-70b-instruct,P3_strict_interchangeability,L7_application,FTP,Client services use FTP for network communication.,True
llama70b__L7_application__2,llama70b,openrouter,meta-llama/llama-3.3-70b-instruct,P3_strict_interchangeability,L7_application,DNS,Client services use DNS for network communication.,True
llama70b__L7_application__2,llama70b,openrouter,meta-llama/llama-3.3-70b-instruct,P3_strict_interchangeability,L7_application,SMTP,Client services use SMTP for network communication.,True
llama70b__L7_application__3,llama70b,openrouter,meta-llama/llama-3.3-70b-instruct,P3_strict_interchangeability,L7_application,HTTP,Backend systems utilize HTTP for services.,True
llama70b__L7_application__3,llama70b,openrouter,meta-llama/llama-3.3-70b-instruct,P3_strict_interchangeability,L7_application,FTP,Backend systems utilize FTP for services.,True
llama70b__L7_application__3,llama70b,openrouter,meta-llama/llama-3.3-70b-instruct,P3_strict_interchangeability,L7_application,DNS,Backend systems utilize DNS for services.,True
llama70b__L7_application__3,llama70b,openrouter,meta-llama/llama-3.3-70b-instruct,P3_strict_interchangeability,L7_application,SMTP,Backend systems utilize SMTP for services.,True
llama70b__L7_application__4,llama70b,openrouter,meta-llama/llama-3.3-70b-instruct,P3_strict_interchangeability,L7_application,HTTP,The service uses HTTP for application communication.,True
llama70b__L7_application__4,llama70b,openrouter,meta-llama/llama-3.3-70b-instruct,P3_strict_interchangeability,L7_application,FTP,The service uses FTP for application communication.,True
llama70b__L7_application__4,llama70b,openrouter,meta-llama/llama-3.3-70b-instruct,P3_strict_interchangeability,L7_application,DNS,The service uses DNS for application communication.,True
llama70b__L7_application__4,llama70b,openrouter,meta-llama/llama-3.3-70b-instruct,P3_strict_interchangeability,L7_application,SMTP,The service uses SMTP for application communication.,True
llama70b__L7_application__5,llama70b,openrouter,meta-llama/llama-3.3-70b-instruct,P3_strict_interchangeability,L7_application,HTTP,Components rely on HTTP for networking.,True
llama70b__L7_application__5,llama70b,openrouter,meta-llama/llama-3.3-70b-instruct,P3_strict_interchangeability,L7_application,FTP,Components rely on FTP for networking.,True
llama70b__L7_application__5,llama70b,openrouter,meta-llama/llama-3.3-70b-instruct,P3_strict_interchangeability,L7_application,DNS,Components rely on DNS for networking.,True
llama70b__L7_application__5,llama70b,openrouter,meta-llama/llama-3.3-70b-instruct,P3_strict_interchangeability,L7_application,SMTP,Components rely on SMTP for networking.,True
llama70b__L7_application__6,llama70b,openrouter,meta-llama/llama-3.3-70b-instruct,P3_strict_interchangeability,L7_application,HTTP,System services communicate via HTTP.,True
llama70b__L7_application__6,llama70b,openrouter,meta-llama/llama-3.3-70b-instruct,P3_strict_interchangeability,L7_application,FTP,System services communicate via FTP.,True
llama70b__L7_application__6,llama70b,openrouter,meta-llama/llama-3.3-70b-instruct,P3_strict_interchangeability,L7_application,DNS,System services communicate via DNS.,True
llama70b__L7_application__6,llama70b,openrouter,meta-llama/llama-3.3-70b-instruct,P3_strict_interchangeability,L7_application,SMTP,System services communicate via SMTP.,True
llama70b__L7_application__7,llama70b,openrouter,meta-llama/llama-3.3-70b-instruct,P3_strict_interchangeability,L7_application,HTTP,Application layers use HTTP for communication.,True
llama70b__L7_application__7,llama70b,openrouter,meta-llama/llama-3.3-70b-instruct,P3_strict_interchangeability,L7_application,FTP,Application layers use FTP for communication.,True
llama70b__L7_application__7,llama70b,openrouter,meta-llama/llama-3.3-70b-instruct,P3_strict_interchangeability,L7_application,DNS,Application layers use DNS for communication.,True
llama70b__L7_application__7,llama70b,openrouter,meta-llama/llama-3.3-70b-instruct,P3_strict_interchangeability,L7_application,SMTP,Application layers use SMTP for communication.,True
llama70b__L7_application__8,llama70b,openrouter,meta-llama/llama-3.3-70b-instruct,P3_strict_interchangeability,L7_application,HTTP,Services interact using HTTP protocols.,True
llama70b__L7_application__8,llama70b,openrouter,meta-llama/llama-3.3-70b-instruct,P3_strict_interchangeability,L7_application,FTP,Services interact using FTP protocols.,True
llama70b__L7_application__8,llama70b,openrouter,meta-llama/llama-3.3-70b-instruct,P3_strict_interchangeability,L7_application,DNS,Services interact using DNS protocols.,True
llama70b__L7_application__8,llama70b,openrouter,meta-llama/llama-3.3-70b-instruct,P3_strict_interchangeability,L7_application,SMTP,Services interact using SMTP protocols.,True
llama70b__L7_application__9,llama70b,openrouter,meta-llama/llama-3.3-70b-instruct,P3_strict_interchangeability,L7_application,HTTP,The client uses HTTP for backend communication.,True
llama70b__L7_application__9,llama70b,openrouter,meta-llama/llama-3.3-70b-instruct,P3_strict_interchangeability,L7_application,FTP,The client uses FTP for backend communication.,True
llama70b__L7_application__9,llama70b,openrouter,meta-llama/llama-3.3-70b-instruct,P3_strict_interchangeability,L7_application,DNS,The client uses DNS for backend communication.,True
llama70b__L7_application__9,llama70b,openrouter,meta-llama/llama-3.3-70b-instruct,P3_strict_interchangeability,L7_application,SMTP,The client uses SMTP for backend communication.,True
llama70b__L7_application__10,llama70b,openrouter,meta-llama/llama-3.3-70b-instruct,P3_strict_interchangeability,L7_application,HTTP,Network services are provided using HTTP.,True
llama70b__L7_application__10,llama70b,openrouter,meta-llama/llama-3.3-70b-instruct,P3_strict_interchangeability,L7_application,FTP,Network services are provided using FTP.,True
llama70b__L7_application__10,llama70b,openrouter,meta-llama/llama-3.3-70b-instruct,P3_strict_interchangeability,L7_application,DNS,Network services are provided using DNS.,True
llama70b__L7_application__10,llama70b,openrouter,meta-llama/llama-3.3-70b-instruct,P3_strict_interchangeability,L7_application,SMTP,Network services are provided using SMTP.,True
llama70b__L7_application__11,llama70b,openrouter,meta-llama/llama-3.3-70b-instruct,P3_strict_interchangeability,L7_application,HTTP,The application uses HTTP for messaging.,True
llama70b__L7_application__11,llama70b,openrouter,meta-llama/llama-3.3-70b-instruct,P3_strict_interchangeability,L7_application,FTP,The application uses FTP for messaging.,True
llama70b__L7_application__11,llama70b,openrouter,meta-llama/llama-3.3-70b-instruct,P3_strict_interchangeability,L7_application,DNS,The application uses DNS for messaging.,True
llama70b__L7_application__11,llama70b,openrouter,meta-llama/llama-3.3-70b-instruct,P3_strict_interchangeability,L7_application,SMTP,The application uses SMTP for messaging.,True
llama70b__L7_application__12,llama70b,openrouter,meta-llama/llama-3.3-70b-instruct,P3_strict_interchangeability,L7_application,HTTP,System components communicate using HTTP.,True
llama70b__L7_application__12,llama70b,openrouter,meta-llama/llama-3.3-70b-instruct,P3_strict_interchangeability,L7_application,FTP,System components communicate using FTP.,True
llama70b__L7_application__12,llama70b,openrouter,meta-llama/llama-3.3-70b-instruct,P3_strict_interchangeability,L7_application,DNS,System components communicate using DNS.,True
llama70b__L7_application__12,llama70b,openrouter,meta-llama/llama-3.3-70b-instruct,P3_strict_interchangeability,L7_application,SMTP,System components communicate using SMTP.,True
llama70b__L7_application__13,llama70b,openrouter,meta-llama/llama-3.3-70b-instruct,P3_strict_interchangeability,L7_application,HTTP,The backend uses HTTP for client communication.,True
llama70b__L7_application__13,llama70b,openrouter,meta-llama/llama-3.3-70b-instruct,P3_strict_interchangeability,L7_application,FTP,The backend uses FTP for client communication.,True
llama70b__L7_application__13,llama70b,openrouter,meta-llama/llama-3.3-70b-instruct,P3_strict_interchangeability,L7_application,DNS,The backend uses DNS for client communication.,True
llama70b__L7_application__13,llama70b,openrouter,meta-llama/llama-3.3-70b-instruct,P3_strict_interchangeability,L7_application,SMTP,The backend uses SMTP for client communication.,True
llama70b__L7_application__14,llama70b,openrouter,meta-llama/llama-3.3-70b-instruct,P3_strict_interchangeability,L7_application,HTTP,Services use HTTP for application-layer communication.,True
llama70b__L7_application__14,llama70b,openrouter,meta-llama/llama-3.3-70b-instruct,P3_strict_interchangeability,L7_application,FTP,Services use FTP for application-layer communication.,True
llama70b__L7_application__14,llama70b,openrouter,meta-llama/llama-3.3-70b-instruct,P3_strict_interchangeability,L7_application,DNS,Services use DNS for application-layer communication.,True
llama70b__L7_application__14,llama70b,openrouter,meta-llama/llama-3.3-70b-instruct,P3_strict_interchangeability,L7_application,SMTP,Services use SMTP for application-layer communication.,True
llama70b__L7_application__15,llama70b,openrouter,meta-llama/llama-3.3-70b-instruct,P3_strict_interchangeability,L7_application,HTTP,Components communicate over HTTP.,False
llama70b__L7_application__15,llama70b,openrouter,meta-llama/llama-3.3-70b-instruct,P3_strict_interchangeability,L7_application,FTP,Components communicate over FTP.,False
llama70b__L7_application__15,llama70b,openrouter,meta-llama/llama-3.3-70b-instruct,P3_strict_interchangeability,L7_application,DNS,Components communicate over DNS.,False
llama70b__L7_application__15,llama70b,openrouter,meta-llama/llama-3.3-70b-instruct,P3_strict_interchangeability,L7_application,SMTP,Components communicate over SMTP.,False
llama70b__L7_application__16,llama70b,openrouter,meta-llama/llama-3.3-70b-instruct,P3_strict_interchangeability,L7_application,HTTP,Application services utilize HTTP for networking.,True
llama70b__L7_application__16,llama70b,openrouter,meta-llama/llama-3.3-70b-instruct,P3_strict_interchangeability,L7_application,FTP,Application services utilize FTP for networking.,True
llama70b__L7_application__16,llama70b,openrouter,meta-llama/llama-3.3-70b-instruct,P3_strict_interchangeability,L7_application,DNS,Application services utilize DNS for networking.,True
llama70b__L7_application__16,llama70b,openrouter,meta-llama/llama-3.3-70b-instruct,P3_strict_interchangeability,L7_application,SMTP,Application services utilize SMTP for networking.,True
llama70b__L7_application__17,llama70b,openrouter,meta-llama/llama-3.3-70b-instruct,P3_strict_interchangeability,L7_application,HTTP,The system uses HTTP for service communication.,True
llama70b__L7_application__17,llama70b,openrouter,meta-llama/llama-3.3-70b-instruct,P3_strict_interchangeability,L7_application,FTP,The system uses FTP for service communication.,True
llama70b__L7_application__17,llama70b,openrouter,meta-llama/llama-3.3-70b-instruct,P3_strict_interchangeability,L7_application,DNS,The system uses DNS for service communication.,True
llama70b__L7_application__17,llama70b,openrouter,meta-llama/llama-3.3-70b-instruct,P3_strict_interchangeability,L7_application,SMTP,The system uses SMTP for service communication.,True
llama70b__L7_application__18,llama70b,openrouter,meta-llama/llama-3.3-70b-instruct,P3_strict_interchangeability,L7_application,HTTP,Client applications use HTTP for communication.,True
llama70b__L7_application__18,llama70b,openrouter,meta-llama/llama-3.3-70b-instruct,P3_strict_interchangeability,L7_application,FTP,Client applications use FTP for communication.,True
llama70b__L7_application__18,llama70b,openrouter,meta-llama/llama-3.3-70b-instruct,P3_strict_interchangeability,L7_application,DNS,Client applications use DNS for communication.,True
llama70b__L7_application__18,llama70b,openrouter,meta-llama/llama-3.3-70b-instruct,P3_strict_interchangeability,L7_application,SMTP,Client applications use SMTP for communication.,True
llama70b__L7_application__19,llama70b,openrouter,meta-llama/llama-3.3-70b-instruct,P3_strict_interchangeability,L7_application,HTTP,Services rely on HTTP for application communication.,True
llama70b__L7_application__19,llama70b,openrouter,meta-llama/llama-3.3-70b-instruct,P3_strict_interchangeability,L7_application,FTP,Services rely on FTP for application communication.,True
llama70b__L7_application__19,llama70b,openrouter,meta-llama/llama-3.3-70b-instruct,P3_strict_interchangeability,L7_application,DNS,Services rely on DNS for application communication.,True
llama70b__L7_application__19,llama70b,openrouter,meta-llama/llama-3.3-70b-instruct,P3_strict_interchangeability,L7_application,SMTP,Services rely on SMTP for application communication.,True
llama70b__L7_application__20,llama70b,openrouter,meta-llama/llama-3.3-70b-instruct,P3_strict_interchangeability,L7_application,HTTP,The application communicates via HTTP.,True
llama70b__L7_application__20,llama70b,openrouter,meta-llama/llama-3.3-70b-instruct,P3_strict_interchangeability,L7_application,FTP,The application communicates via FTP.,True
llama70b__L7_application__20,llama70b,openrouter,meta-llama/llama-3.3-70b-instruct,P3_strict_interchangeability,L7_application,DNS,The application communicates via DNS.,True
llama70b__L7_application__20,llama70b,openrouter,meta-llama/llama-3.3-70b-instruct,P3_strict_interchangeability,L7_application,SMTP,The application communicates via SMTP.,True
llama70b__L7_application__21,llama70b,openrouter,meta-llama/llama-3.3-70b-instruct,P3_strict_interchangeability,L7_application,HTTP,Backend components use HTTP for services.,True
llama70b__L7_application__21,llama70b,openrouter,meta-llama/llama-3.3-70b-instruct,P3_strict_interchangeability,L7_application,FTP,Backend components use FTP for services.,True
llama70b__L7_application__21,llama70b,openrouter,meta-llama/llama-3.3-70b-instruct,P3_strict_interchangeability,L7_application,DNS,Backend components use DNS for services.,True
llama70b__L7_application__21,llama70b,openrouter,meta-llama/llama-3.3-70b-instruct,P3_strict_interchangeability,L7_application,SMTP,Backend components use SMTP for services.,True
llama70b__L7_application__22,llama70b,openrouter,meta-llama/llama-3.3-70b-instruct,P3_strict_interchangeability,L7_application,HTTP,System services use HTTP for networking.,True
llama70b__L7_application__22,llama70b,openrouter,meta-llama/llama-3.3-70b-instruct,P3_strict_interchangeability,L7_application,FTP,System services use FTP for networking.,True
llama70b__L7_application__22,llama70b,openrouter,meta-llama/llama-3.3-70b-instruct,P3_strict_interchangeability,L7_application,DNS,System services use DNS for networking.,True
llama70b__L7_application__22,llama70b,openrouter,meta-llama/llama-3.3-70b-instruct,P3_strict_interchangeability,L7_application,SMTP,System services use SMTP for networking.,True
llama70b__L7_application__23,llama70b,openrouter,meta-llama/llama-3.3-70b-instruct,P3_strict_interchangeability,L7_application,HTTP,Application layers communicate using HTTP.,True
llama70b__L7_application__23,llama70b,openrouter,meta-llama/llama-3.3-70b-instruct,P3_strict_interchangeability,L7_application,FTP,Application layers communicate using FTP.,True
llama70b__L7_application__23,llama70b,openrouter,meta-llama/llama-3.3-70b-instruct,P3_strict_interchangeability,L7_application,DNS,Application layers communicate using DNS.,True
llama70b__L7_application__23,llama70b,openrouter,meta-llama/llama-3.3-70b-instruct,P3_strict_interchangeability,L7_application,SMTP,Application layers communicate using SMTP.,True
llama70b__L7_application__24,llama70b,openrouter,meta-llama/llama-3.3-70b-instruct,P3_strict_interchangeability,L7_application,HTTP,Components use HTTP for application communication.,True
llama70b__L7_application__24,llama70b,openrouter,meta-llama/llama-3.3-70b-instruct,P3_strict_interchangeability,L7_application,FTP,Components use FTP for application communication.,True
llama70b__L7_application__24,llama70b,openrouter,meta-llama/llama-3.3-70b-instruct,P3_strict_interchangeability,L7_application,DNS,Components use DNS for application communication.,True
llama70b__L7_application__24,llama70b,openrouter,meta-llama/llama-3.3-70b-instruct,P3_strict_interchangeability,L7_application,SMTP,Components use SMTP for application communication.,True
llama70b__L7_application__25,llama70b,openrouter,meta-llama/llama-3.3-70b-instruct,P3_strict_interchangeability,L7_application,HTTP,The service communicates using HTTP.,True
llama70b__L7_application__25,llama70b,openrouter,meta-llama/llama-3.3-70b-instruct,P3_strict_interchangeability,L7_application,FTP,The service communicates using FTP.,True
llama70b__L7_application__25,llama70b,openrouter,meta-llama/llama-3.3-70b-instruct,P3_strict_interchangeability,L7_application,DNS,The service communicates using DNS.,True
llama70b__L7_application__25,llama70b,openrouter,meta-llama/llama-3.3-70b-instruct,P3_strict_interchangeability,L7_application,SMTP,The service communicates using SMTP.,True
llama70b__X_language__1,llama70b,openrouter,meta-llama/llama-3.3-70b-instruct,P3_strict_interchangeability,X_language,Javascript,Developers work with Javascript during development.,True
llama70b__X_language__1,llama70b,openrouter,meta-llama/llama-3.3-70b-instruct,P3_strict_interchangeability,X_language,HTML/CSS,Developers work with HTML/CSS during development.,True
llama70b__X_language__1,llama70b,openrouter,meta-llama/llama-3.3-70b-instruct,P3_strict_interchangeability,X_language,SQL,Developers work with SQL during development.,True
llama70b__X_language__1,llama70b,openrouter,meta-llama/llama-3.3-70b-instruct,P3_strict_interchangeability,X_language,Python,Developers work with Python during development.,True
llama70b__X_language__1,llama70b,openrouter,meta-llama/llama-3.3-70b-instruct,P3_strict_interchangeability,X_language,Bash/Shell,Developers work with Bash/Shell during development.,True
llama70b__X_language__2,llama70b,openrouter,meta-llama/llama-3.3-70b-instruct,P3_strict_interchangeability,X_language,Javascript,The project uses Javascript for implementation.,True
llama70b__X_language__2,llama70b,openrouter,meta-llama/llama-3.3-70b-instruct,P3_strict_interchangeability,X_language,HTML/CSS,The project uses HTML/CSS for implementation.,True
llama70b__X_language__2,llama70b,openrouter,meta-llama/llama-3.3-70b-instruct,P3_strict_interchangeability,X_language,SQL,The project uses SQL for implementation.,True
llama70b__X_language__2,llama70b,openrouter,meta-llama/llama-3.3-70b-instruct,P3_strict_interchangeability,X_language,Python,The project uses Python for implementation.,True
llama70b__X_language__2,llama70b,openrouter,meta-llama/llama-3.3-70b-instruct,P3_strict_interchangeability,X_language,Bash/Shell,The project uses Bash/Shell for implementation.,True
llama70b__X_language__3,llama70b,openrouter,meta-llama/llama-3.3-70b-instruct,P3_strict_interchangeability,X_language,Javascript,Engineers use Javascript in their codebase.,True
llama70b__X_language__3,llama70b,openrouter,meta-llama/llama-3.3-70b-instruct,P3_strict_interchangeability,X_language,HTML/CSS,Engineers use HTML/CSS in their codebase.,True
llama70b__X_language__3,llama70b,openrouter,meta-llama/llama-3.3-70b-instruct,P3_strict_interchangeability,X_language,SQL,Engineers use SQL in their codebase.,True
llama70b__X_language__3,llama70b,openrouter,meta-llama/llama-3.3-70b-instruct,P3_strict_interchangeability,X_language,Python,Engineers use Python in their codebase.,True
llama70b__X_language__3,llama70b,openrouter,meta-llama/llama-3.3-70b-instruct,P3_strict_interchangeability,X_language,Bash/Shell,Engineers use Bash/Shell in their codebase.,True
llama70b__X_language__4,llama70b,openrouter,meta-llama/llama-3.3-70b-instruct,P3_strict_interchangeability,X_language,Javascript,Software developers utilize Javascript for coding.,True
llama70b__X_language__4,llama70b,openrouter,meta-llama/llama-3.3-70b-instruct,P3_strict_interchangeability,X_language,HTML/CSS,Software developers utilize HTML/CSS for coding.,True
llama70b__X_language__4,llama70b,openrouter,meta-llama/llama-3.3-70b-instruct,P3_strict_interchangeability,X_language,SQL,Software developers utilize SQL for coding.,True
llama70b__X_language__4,llama70b,openrouter,meta-llama/llama-3.3-70b-instruct,P3_strict_interchangeability,X_language,Python,Software developers utilize Python for coding.,True
llama70b__X_language__4,llama70b,openrouter,meta-llama/llama-3.3-70b-instruct,P3_strict_interchangeability,X_language,Bash/Shell,Software developers utilize Bash/Shell for coding.,True
llama70b__X_language__5,llama70b,openrouter,meta-llama/llama-3.3-70b-instruct,P3_strict_interchangeability,X_language,Javascript,The codebase relies on Javascript for functionality.,True
llama70b__X_language__5,llama70b,openrouter,meta-llama/llama-3.3-70b-instruct,P3_strict_interchangeability,X_language,HTML/CSS,The codebase relies on HTML/CSS for functionality.,True
llama70b__X_language__5,llama70b,openrouter,meta-llama/llama-3.3-70b-instruct,P3_strict_interchangeability,X_language,SQL,The codebase relies on SQL for functionality.,True
llama70b__X_language__5,llama70b,openrouter,meta-llama/llama-3.3-70b-instruct,P3_strict_interchangeability,X_language,Python,The codebase relies on Python for functionality.,True
llama70b__X_language__5,llama70b,openrouter,meta-llama/llama-3.3-70b-instruct,P3_strict_interchangeability,X_language,Bash/Shell,The codebase relies on Bash/Shell for functionality.,True
llama70b__X_language__6,llama70b,openrouter,meta-llama/llama-3.3-70b-instruct,P3_strict_interchangeability,X_language,Javascript,The team implements Javascript in their project.,True
llama70b__X_language__6,llama70b,openrouter,meta-llama/llama-3.3-70b-instruct,P3_strict_interchangeability,X_language,HTML/CSS,The team implements HTML/CSS in their project.,True
llama70b__X_language__6,llama70b,openrouter,meta-llama/llama-3.3-70b-instruct,P3_strict_interchangeability,X_language,SQL,The team implements SQL in their project.,True
llama70b__X_language__6,llama70b,openrouter,meta-llama/llama-3.3-70b-instruct,P3_strict_interchangeability,X_language,Python,The team implements Python in their project.,True
llama70b__X_language__6,llama70b,openrouter,meta-llama/llama-3.3-70b-instruct,P3_strict_interchangeability,X_language,Bash/Shell,The team implements Bash/Shell in their project.,True
llama70b__X_language__7,llama70b,openrouter,meta-llama/llama-3.3-70b-instruct,P3_strict_interchangeability,X_language,Javascript,The software uses Javascript for development purposes.,True
llama70b__X_language__7,llama70b,openrouter,meta-llama/llama-3.3-70b-instruct,P3_strict_interchangeability,X_language,HTML/CSS,The software uses HTML/CSS for development purposes.,True
llama70b__X_language__7,llama70b,openrouter,meta-llama/llama-3.3-70b-instruct,P3_strict_interchangeability,X_language,SQL,The software uses SQL for development purposes.,True
llama70b__X_language__7,llama70b,openrouter,meta-llama/llama-3.3-70b-instruct,P3_strict_interchangeability,X_language,Python,The software uses Python for development purposes.,True
llama70b__X_language__7,llama70b,openrouter,meta-llama/llama-3.3-70b-instruct,P3_strict_interchangeability,X_language,Bash/Shell,The software uses Bash/Shell for development purposes.,True
llama70b__X_language__8,llama70b,openrouter,meta-llama/llama-3.3-70b-instruct,P3_strict_interchangeability,X_language,Javascript,Developers implement Javascript in the software.,True
llama70b__X_language__8,llama70b,openrouter,meta-llama/llama-3.3-70b-instruct,P3_strict_interchangeability,X_language,HTML/CSS,Developers implement HTML/CSS in the software.,True
llama70b__X_language__8,llama70b,openrouter,meta-llama/llama-3.3-70b-instruct,P3_strict_interchangeability,X_language,SQL,Developers implement SQL in the software.,True
llama70b__X_language__8,llama70b,openrouter,meta-llama/llama-3.3-70b-instruct,P3_strict_interchangeability,X_language,Python,Developers implement Python in the software.,True
llama70b__X_language__8,llama70b,openrouter,meta-llama/llama-3.3-70b-instruct,P3_strict_interchangeability,X_language,Bash/Shell,Developers implement Bash/Shell in the software.,True
llama70b__X_language__9,llama70b,openrouter,meta-llama/llama-3.3-70b-instruct,P3_strict_interchangeability,X_language,Javascript,The project team works with Javascript extensively.,True
llama70b__X_language__9,llama70b,openrouter,meta-llama/llama-3.3-70b-instruct,P3_strict_interchangeability,X_language,HTML/CSS,The project team works with HTML/CSS extensively.,True
llama70b__X_language__9,llama70b,openrouter,meta-llama/llama-3.3-70b-instruct,P3_strict_interchangeability,X_language,SQL,The project team works with SQL extensively.,True
llama70b__X_language__9,llama70b,openrouter,meta-llama/llama-3.3-70b-instruct,P3_strict_interchangeability,X_language,Python,The project team works with Python extensively.,True
llama70b__X_language__9,llama70b,openrouter,meta-llama/llama-3.3-70b-instruct,P3_strict_interchangeability,X_language,Bash/Shell,The project team works with Bash/Shell extensively.,True
llama70b__X_language__10,llama70b,openrouter,meta-llama/llama-3.3-70b-instruct,P3_strict_interchangeability,X_language,Javascript,Engineers utilize Javascript for their project.,True
llama70b__X_language__10,llama70b,openrouter,meta-llama/llama-3.3-70b-instruct,P3_strict_interchangeability,X_language,HTML/CSS,Engineers utilize HTML/CSS for their project.,True
llama70b__X_language__10,llama70b,openrouter,meta-llama/llama-3.3-70b-instruct,P3_strict_interchangeability,X_language,SQL,Engineers utilize SQL for their project.,True
llama70b__X_language__10,llama70b,openrouter,meta-llama/llama-3.3-70b-instruct,P3_strict_interchangeability,X_language,Python,Engineers utilize Python for their project.,True
llama70b__X_language__10,llama70b,openrouter,meta-llama/llama-3.3-70b-instruct,P3_strict_interchangeability,X_language,Bash/Shell,Engineers utilize Bash/Shell for their project.,True
llama70b__X_language__11,llama70b,openrouter,meta-llama/llama-3.3-70b-instruct,P3_strict_interchangeability,X_language,Javascript,The development team uses Javascript regularly.,True
llama70b__X_language__11,llama70b,openrouter,meta-llama/llama-3.3-70b-instruct,P3_strict_interchangeability,X_language,HTML/CSS,The development team uses HTML/CSS regularly.,True
llama70b__X_language__11,llama70b,openrouter,meta-llama/llama-3.3-70b-instruct,P3_strict_interchangeability,X_language,SQL,The development team uses SQL regularly.,True
llama70b__X_language__11,llama70b,openrouter,meta-llama/llama-3.3-70b-instruct,P3_strict_interchangeability,X_language,Python,The development team uses Python regularly.,True
llama70b__X_language__11,llama70b,openrouter,meta-llama/llama-3.3-70b-instruct,P3_strict_interchangeability,X_language,Bash/Shell,The development team uses Bash/Shell regularly.,True
llama70b__X_language__12,llama70b,openrouter,meta-llama/llama-3.3-70b-instruct,P3_strict_interchangeability,X_language,Javascript,The software development team works with Javascript.,True
llama70b__X_language__12,llama70b,openrouter,meta-llama/llama-3.3-70b-instruct,P3_strict_interchangeability,X_language,HTML/CSS,The software development team works with HTML/CSS.,True
llama70b__X_language__12,llama70b,openrouter,meta-llama/llama-3.3-70b-instruct,P3_strict_interchangeability,X_language,SQL,The software development team works with SQL.,True
llama70b__X_language__12,llama70b,openrouter,meta-llama/llama-3.3-70b-instruct,P3_strict_interchangeability,X_language,Python,The software development team works with Python.,True
llama70b__X_language__12,llama70b,openrouter,meta-llama/llama-3.3-70b-instruct,P3_strict_interchangeability,X_language,Bash/Shell,The software development team works with Bash/Shell.,True
llama70b__X_language__13,llama70b,openrouter,meta-llama/llama-3.3-70b-instruct,P3_strict_interchangeability,X_language,Javascript,The project utilizes Javascript for its development.,False
llama70b__X_language__13,llama70b,openrouter,meta-llama/llama-3.3-70b-instruct,P3_strict_interchangeability,X_language,HTML/CSS,The project utilizes HTML/CSS for its development.,False
llama70b__X_language__13,llama70b,openrouter,meta-llama/llama-3.3-70b-instruct,P3_strict_interchangeability,X_language,SQL,The project utilizes SQL for its development.,False
llama70b__X_language__13,llama70b,openrouter,meta-llama/llama-3.3-70b-instruct,P3_strict_interchangeability,X_language,Python,The project utilizes Python for its development.,False
llama70b__X_language__13,llama70b,openrouter,meta-llama/llama-3.3-70b-instruct,P3_strict_interchangeability,X_language,Bash/Shell,The project utilizes Bash/Shell for its development.,False
llama70b__X_language__14,llama70b,openrouter,meta-llama/llama-3.3-70b-instruct,P3_strict_interchangeability,X_language,Javascript,Developers create software using Javascript.,True
llama70b__X_language__14,llama70b,openrouter,meta-llama/llama-3.3-70b-instruct,P3_strict_interchangeability,X_language,HTML/CSS,Developers create software using HTML/CSS.,True
llama70b__X_language__14,llama70b,openrouter,meta-llama/llama-3.3-70b-instruct,P3_strict_interchangeability,X_language,SQL,Developers create software using SQL.,True
llama70b__X_language__14,llama70b,openrouter,meta-llama/llama-3.3-70b-instruct,P3_strict_interchangeability,X_language,Python,Developers create software using Python.,True
llama70b__X_language__14,llama70b,openrouter,meta-llama/llama-3.3-70b-instruct,P3_strict_interchangeability,X_language,Bash/Shell,Developers create software using Bash/Shell.,True
llama70b__X_language__15,llama70b,openrouter,meta-llama/llama-3.3-70b-instruct,P3_strict_interchangeability,X_language,Javascript,The team develops software with Javascript.,True
llama70b__X_language__15,llama70b,openrouter,meta-llama/llama-3.3-70b-instruct,P3_strict_interchangeability,X_language,HTML/CSS,The team develops software with HTML/CSS.,True
llama70b__X_language__15,llama70b,openrouter,meta-llama/llama-3.3-70b-instruct,P3_strict_interchangeability,X_language,SQL,The team develops software with SQL.,True
llama70b__X_language__15,llama70b,openrouter,meta-llama/llama-3.3-70b-instruct,P3_strict_interchangeability,X_language,Python,The team develops software with Python.,True
llama70b__X_language__15,llama70b,openrouter,meta-llama/llama-3.3-70b-instruct,P3_strict_interchangeability,X_language,Bash/Shell,The team develops software with Bash/Shell.,True
llama70b__X_language__16,llama70b,openrouter,meta-llama/llama-3.3-70b-instruct,P3_strict_interchangeability,X_language,Javascript,Engineers develop applications using Javascript.,True
llama70b__X_language__16,llama70b,openrouter,meta-llama/llama-3.3-70b-instruct,P3_strict_interchangeability,X_language,HTML/CSS,Engineers develop applications using HTML/CSS.,True
llama70b__X_language__16,llama70b,openrouter,meta-llama/llama-3.3-70b-instruct,P3_strict_interchangeability,X_language,SQL,Engineers develop applications using SQL.,True
llama70b__X_language__16,llama70b,openrouter,meta-llama/llama-3.3-70b-instruct,P3_strict_interchangeability,X_language,Python,Engineers develop applications using Python.,True
llama70b__X_language__16,llama70b,openrouter,meta-llama/llama-3.3-70b-instruct,P3_strict_interchangeability,X_language,Bash/Shell,Engineers develop applications using Bash/Shell.,True
llama70b__X_language__17,llama70b,openrouter,meta-llama/llama-3.3-70b-instruct,P3_strict_interchangeability,X_language,Javascript,The software team implements Javascript.,True
llama70b__X_language__17,llama70b,openrouter,meta-llama/llama-3.3-70b-instruct,P3_strict_interchangeability,X_language,HTML/CSS,The software team implements HTML/CSS.,True
llama70b__X_language__17,llama70b,openrouter,meta-llama/llama-3.3-70b-instruct,P3_strict_interchangeability,X_language,SQL,The software team implements SQL.,True
llama70b__X_language__17,llama70b,openrouter,meta-llama/llama-3.3-70b-instruct,P3_strict_interchangeability,X_language,Python,The software team implements Python.,True
llama70b__X_language__17,llama70b,openrouter,meta-llama/llama-3.3-70b-instruct,P3_strict_interchangeability,X_language,Bash/Shell,The software team implements Bash/Shell.,True
llama70b__X_language__18,llama70b,openrouter,meta-llama/llama-3.3-70b-instruct,P3_strict_interchangeability,X_language,Javascript,The development project uses Javascript.,True
llama70b__X_language__18,llama70b,openrouter,meta-llama/llama-3.3-70b-instruct,P3_strict_interchangeability,X_language,HTML/CSS,The development project uses HTML/CSS.,True
llama70b__X_language__18,llama70b,openrouter,meta-llama/llama-3.3-70b-instruct,P3_strict_interchangeability,X_language,SQL,The development project uses SQL.,True
llama70b__X_language__18,llama70b,openrouter,meta-llama/llama-3.3-70b-instruct,P3_strict_interchangeability,X_language,Python,The development project uses Python.,True
llama70b__X_language__18,llama70b,openrouter,meta-llama/llama-3.3-70b-instruct,P3_strict_interchangeability,X_language,Bash/Shell,The development project uses Bash/Shell.,True
llama70b__X_language__19,llama70b,openrouter,meta-llama/llama-3.3-70b-instruct,P3_strict_interchangeability,X_language,Javascript,Developers build software with Javascript.,True
llama70b__X_language__19,llama70b,openrouter,meta-llama/llama-3.3-70b-instruct,P3_strict_interchangeability,X_language,HTML/CSS,Developers build software with HTML/CSS.,True
llama70b__X_language__19,llama70b,openrouter,meta-llama/llama-3.3-70b-instruct,P3_strict_interchangeability,X_language,SQL,Developers build software with SQL.,True
llama70b__X_language__19,llama70b,openrouter,meta-llama/llama-3.3-70b-instruct,P3_strict_interchangeability,X_language,Python,Developers build software with Python.,True
llama70b__X_language__19,llama70b,openrouter,meta-llama/llama-3.3-70b-instruct,P3_strict_interchangeability,X_language,Bash/Shell,Developers build software with Bash/Shell.,True
llama70b__X_language__20,llama70b,openrouter,meta-llama/llama-3.3-70b-instruct,P3_strict_interchangeability,X_language,Javascript,The project development team uses Javascript.,True
llama70b__X_language__20,llama70b,openrouter,meta-llama/llama-3.3-70b-instruct,P3_strict_interchangeability,X_language,HTML/CSS,The project development team uses HTML/CSS.,True
llama70b__X_language__20,llama70b,openrouter,meta-llama/llama-3.3-70b-instruct,P3_strict_interchangeability,X_language,SQL,The project development team uses SQL.,True
llama70b__X_language__20,llama70b,openrouter,meta-llama/llama-3.3-70b-instruct,P3_strict_interchangeability,X_language,Python,The project development team uses Python.,True
llama70b__X_language__20,llama70b,openrouter,meta-llama/llama-3.3-70b-instruct,P3_strict_interchangeability,X_language,Bash/Shell,The project development team uses Bash/Shell.,True
llama70b__X_language__21,llama70b,openrouter,meta-llama/llama-3.3-70b-instruct,P3_strict_interchangeability,X_language,Javascript,The engineers work on Javascript implementation.,True
llama70b__X_language__21,llama70b,openrouter,meta-llama/llama-3.3-70b-instruct,P3_strict_interchangeability,X_language,HTML/CSS,The engineers work on HTML/CSS implementation.,True
llama70b__X_language__21,llama70b,openrouter,meta-llama/llama-3.3-70b-instruct,P3_strict_interchangeability,X_language,SQL,The engineers work on SQL implementation.,True
llama70b__X_language__21,llama70b,openrouter,meta-llama/llama-3.3-70b-instruct,P3_strict_interchangeability,X_language,Python,The engineers work on Python implementation.,True
llama70b__X_language__21,llama70b,openrouter,meta-llama/llama-3.3-70b-instruct,P3_strict_interchangeability,X_language,Bash/Shell,The engineers work on Bash/Shell implementation.,True
llama70b__X_language__22,llama70b,openrouter,meta-llama/llama-3.3-70b-instruct,P3_strict_interchangeability,X_language,Javascript,The software developers use Javascript.,True
llama70b__X_language__22,llama70b,openrouter,meta-llama/llama-3.3-70b-instruct,P3_strict_interchangeability,X_language,HTML/CSS,The software developers use HTML/CSS.,True
llama70b__X_language__22,llama70b,openrouter,meta-llama/llama-3.3-70b-instruct,P3_strict_interchangeability,X_language,SQL,The software developers use SQL.,True
llama70b__X_language__22,llama70b,openrouter,meta-llama/llama-3.3-70b-instruct,P3_strict_interchangeability,X_language,Python,The software developers use Python.,True
llama70b__X_language__22,llama70b,openrouter,meta-llama/llama-3.3-70b-instruct,P3_strict_interchangeability,X_language,Bash/Shell,The software developers use Bash/Shell.,True
llama70b__X_language__23,llama70b,openrouter,meta-llama/llama-3.3-70b-instruct,P3_strict_interchangeability,X_language,Javascript,The team creates applications using Javascript.,True
llama70b__X_language__23,llama70b,openrouter,meta-llama/llama-3.3-70b-instruct,P3_strict_interchangeability,X_language,HTML/CSS,The team creates applications using HTML/CSS.,True
llama70b__X_language__23,llama70b,openrouter,meta-llama/llama-3.3-70b-instruct,P3_strict_interchangeability,X_language,SQL,The team creates applications using SQL.,True
llama70b__X_language__23,llama70b,openrouter,meta-llama/llama-3.3-70b-instruct,P3_strict_interchangeability,X_language,Python,The team creates applications using Python.,True
llama70b__X_language__23,llama70b,openrouter,meta-llama/llama-3.3-70b-instruct,P3_strict_interchangeability,X_language,Bash/Shell,The team creates applications using Bash/Shell.,True
llama70b__X_language__24,llama70b,openrouter,meta-llama/llama-3.3-70b-instruct,P3_strict_interchangeability,X_language,Javascript,The project implements Javascript for development.,True
llama70b__X_language__24,llama70b,openrouter,meta-llama/llama-3.3-70b-instruct,P3_strict_interchangeability,X_language,HTML/CSS,The project implements HTML/CSS for development.,True
llama70b__X_language__24,llama70b,openrouter,meta-llama/llama-3.3-70b-instruct,P3_strict_interchangeability,X_language,SQL,The project implements SQL for development.,True
llama70b__X_language__24,llama70b,openrouter,meta-llama/llama-3.3-70b-instruct,P3_strict_interchangeability,X_language,Python,The project implements Python for development.,True
llama70b__X_language__24,llama70b,openrouter,meta-llama/llama-3.3-70b-instruct,P3_strict_interchangeability,X_language,Bash/Shell,The project implements Bash/Shell for development.,True
llama70b__X_language__25,llama70b,openrouter,meta-llama/llama-3.3-70b-instruct,P3_strict_interchangeability,X_language,Javascript,Developers use Javascript for software development.,True
llama70b__X_language__25,llama70b,openrouter,meta-llama/llama-3.3-70b-instruct,P3_strict_interchangeability,X_language,HTML/CSS,Developers use HTML/CSS for software development.,True
llama70b__X_language__25,llama70b,openrouter,meta-llama/llama-3.3-70b-instruct,P3_strict_interchangeability,X_language,SQL,Developers use SQL for software development.,True
llama70b__X_language__25,llama70b,openrouter,meta-llama/llama-3.3-70b-instruct,P3_strict_interchangeability,X_language,Python,Developers use Python for software development.,True
llama70b__X_language__25,llama70b,openrouter,meta-llama/llama-3.3-70b-instruct,P3_strict_interchangeability,X_language,Bash/Shell,Developers use Bash/Shell for software development.,True
llama70b__X_database__1,llama70b,openrouter,meta-llama/llama-3.3-70b-instruct,P3_strict_interchangeability,X_database,PostgresSQL,Developers store data using PostgresSQL.,True
llama70b__X_database__1,llama70b,openrouter,meta-llama/llama-3.3-70b-instruct,P3_strict_interchangeability,X_database,MySQL,Developers store data using MySQL.,True
llama70b__X_database__1,llama70b,openrouter,meta-llama/llama-3.3-70b-instruct,P3_strict_interchangeability,X_database,SQLite,Developers store data using SQLite.,True
llama70b__X_database__1,llama70b,openrouter,meta-llama/llama-3.3-70b-instruct,P3_strict_interchangeability,X_database,Microsoft SQL Server,Developers store data using Microsoft SQL Server.,True
llama70b__X_database__1,llama70b,openrouter,meta-llama/llama-3.3-70b-instruct,P3_strict_interchangeability,X_database,Redis,Developers store data using Redis.,True
llama70b__X_database__2,llama70b,openrouter,meta-llama/llama-3.3-70b-instruct,P3_strict_interchangeability,X_database,PostgresSQL,The application relies on PostgresSQL for storage.,True
llama70b__X_database__2,llama70b,openrouter,meta-llama/llama-3.3-70b-instruct,P3_strict_interchangeability,X_database,MySQL,The application relies on MySQL for storage.,True
llama70b__X_database__2,llama70b,openrouter,meta-llama/llama-3.3-70b-instruct,P3_strict_interchangeability,X_database,SQLite,The application relies on SQLite for storage.,True
llama70b__X_database__2,llama70b,openrouter,meta-llama/llama-3.3-70b-instruct,P3_strict_interchangeability,X_database,Microsoft SQL Server,The application relies on Microsoft SQL Server for storage.,True
llama70b__X_database__2,llama70b,openrouter,meta-llama/llama-3.3-70b-instruct,P3_strict_interchangeability,X_database,Redis,The application relies on Redis for storage.,True
llama70b__X_database__3,llama70b,openrouter,meta-llama/llama-3.3-70b-instruct,P3_strict_interchangeability,X_database,PostgresSQL,Engineers use PostgresSQL as the database.,True
llama70b__X_database__3,llama70b,openrouter,meta-llama/llama-3.3-70b-instruct,P3_strict_interchangeability,X_database,MySQL,Engineers use MySQL as the database.,True
llama70b__X_database__3,llama70b,openrouter,meta-llama/llama-3.3-70b-instruct,P3_strict_interchangeability,X_database,SQLite,Engineers use SQLite as the database.,True
llama70b__X_database__3,llama70b,openrouter,meta-llama/llama-3.3-70b-instruct,P3_strict_interchangeability,X_database,Microsoft SQL Server,Engineers use Microsoft SQL Server as the database.,True
llama70b__X_database__3,llama70b,openrouter,meta-llama/llama-3.3-70b-instruct,P3_strict_interchangeability,X_database,Redis,Engineers use Redis as the database.,True
llama70b__X_database__4,llama70b,openrouter,meta-llama/llama-3.3-70b-instruct,P3_strict_interchangeability,X_database,PostgresSQL,The system uses PostgresSQL for data.,True
llama70b__X_database__4,llama70b,openrouter,meta-llama/llama-3.3-70b-instruct,P3_strict_interchangeability,X_database,MySQL,The system uses MySQL for data.,True
llama70b__X_database__4,llama70b,openrouter,meta-llama/llama-3.3-70b-instruct,P3_strict_interchangeability,X_database,SQLite,The system uses SQLite for data.,True
llama70b__X_database__4,llama70b,openrouter,meta-llama/llama-3.3-70b-instruct,P3_strict_interchangeability,X_database,Microsoft SQL Server,The system uses Microsoft SQL Server for data.,True
llama70b__X_database__4,llama70b,openrouter,meta-llama/llama-3.3-70b-instruct,P3_strict_interchangeability,X_database,Redis,The system uses Redis for data.,True
llama70b__X_database__5,llama70b,openrouter,meta-llama/llama-3.3-70b-instruct,P3_strict_interchangeability,X_database,PostgresSQL,The project uses PostgresSQL for application data.,True
llama70b__X_database__5,llama70b,openrouter,meta-llama/llama-3.3-70b-instruct,P3_strict_interchangeability,X_database,MySQL,The project uses MySQL for application data.,True
llama70b__X_database__5,llama70b,openrouter,meta-llama/llama-3.3-70b-instruct,P3_strict_interchangeability,X_database,SQLite,The project uses SQLite for application data.,True
llama70b__X_database__5,llama70b,openrouter,meta-llama/llama-3.3-70b-instruct,P3_strict_interchangeability,X_database,Microsoft SQL Server,The project uses Microsoft SQL Server for application data.,True
llama70b__X_database__5,llama70b,openrouter,meta-llama/llama-3.3-70b-instruct,P3_strict_interchangeability,X_database,Redis,The project uses Redis for application data.,True
llama70b__X_database__6,llama70b,openrouter,meta-llama/llama-3.3-70b-instruct,P3_strict_interchangeability,X_database,PostgresSQL,The backend stores data with PostgresSQL.,True
llama70b__X_database__6,llama70b,openrouter,meta-llama/llama-3.3-70b-instruct,P3_strict_interchangeability,X_database,MySQL,The backend stores data with MySQL.,True
llama70b__X_database__6,llama70b,openrouter,meta-llama/llama-3.3-70b-instruct,P3_strict_interchangeability,X_database,SQLite,The backend stores data with SQLite.,True
llama70b__X_database__6,llama70b,openrouter,meta-llama/llama-3.3-70b-instruct,P3_strict_interchangeability,X_database,Microsoft SQL Server,The backend stores data with Microsoft SQL Server.,True
llama70b__X_database__6,llama70b,openrouter,meta-llama/llama-3.3-70b-instruct,P3_strict_interchangeability,X_database,Redis,The backend stores data with Redis.,True
llama70b__X_database__7,llama70b,openrouter,meta-llama/llama-3.3-70b-instruct,P3_strict_interchangeability,X_database,PostgresSQL,The service uses PostgresSQL for data storage.,True
llama70b__X_database__7,llama70b,openrouter,meta-llama/llama-3.3-70b-instruct,P3_strict_interchangeability,X_database,MySQL,The service uses MySQL for data storage.,True
llama70b__X_database__7,llama70b,openrouter,meta-llama/llama-3.3-70b-instruct,P3_strict_interchangeability,X_database,SQLite,The service uses SQLite for data storage.,True
llama70b__X_database__7,llama70b,openrouter,meta-llama/llama-3.3-70b-instruct,P3_strict_interchangeability,X_database,Microsoft SQL Server,The service uses Microsoft SQL Server for data storage.,True
llama70b__X_database__7,llama70b,openrouter,meta-llama/llama-3.3-70b-instruct,P3_strict_interchangeability,X_database,Redis,The service uses Redis for data storage.,True
llama70b__X_database__8,llama70b,openrouter,meta-llama/llama-3.3-70b-instruct,P3_strict_interchangeability,X_database,PostgresSQL,Developers use PostgresSQL for the project database.,True
llama70b__X_database__8,llama70b,openrouter,meta-llama/llama-3.3-70b-instruct,P3_strict_interchangeability,X_database,MySQL,Developers use MySQL for the project database.,True
llama70b__X_database__8,llama70b,openrouter,meta-llama/llama-3.3-70b-instruct,P3_strict_interchangeability,X_database,SQLite,Developers use SQLite for the project database.,True
llama70b__X_database__8,llama70b,openrouter,meta-llama/llama-3.3-70b-instruct,P3_strict_interchangeability,X_database,Microsoft SQL Server,Developers use Microsoft SQL Server for the project database.,True
llama70b__X_database__8,llama70b,openrouter,meta-llama/llama-3.3-70b-instruct,P3_strict_interchangeability,X_database,Redis,Developers use Redis for the project database.,True
llama70b__X_database__9,llama70b,openrouter,meta-llama/llama-3.3-70b-instruct,P3_strict_interchangeability,X_database,PostgresSQL,The team uses PostgresSQL for data management.,True
llama70b__X_database__9,llama70b,openrouter,meta-llama/llama-3.3-70b-instruct,P3_strict_interchangeability,X_database,MySQL,The team uses MySQL for data management.,True
llama70b__X_database__9,llama70b,openrouter,meta-llama/llama-3.3-70b-instruct,P3_strict_interchangeability,X_database,SQLite,The team uses SQLite for data management.,True
llama70b__X_database__9,llama70b,openrouter,meta-llama/llama-3.3-70b-instruct,P3_strict_interchangeability,X_database,Microsoft SQL Server,The team uses Microsoft SQL Server for data management.,True
llama70b__X_database__9,llama70b,openrouter,meta-llama/llama-3.3-70b-instruct,P3_strict_interchangeability,X_database,Redis,The team uses Redis for data management.,True
llama70b__X_database__10,llama70b,openrouter,meta-llama/llama-3.3-70b-instruct,P3_strict_interchangeability,X_database,PostgresSQL,The application uses PostgresSQL for storage.,True
llama70b__X_database__10,llama70b,openrouter,meta-llama/llama-3.3-70b-instruct,P3_strict_interchangeability,X_database,MySQL,The application uses MySQL for storage.,True
llama70b__X_database__10,llama70b,openrouter,meta-llama/llama-3.3-70b-instruct,P3_strict_interchangeability,X_database,SQLite,The application uses SQLite for storage.,True
llama70b__X_database__10,llama70b,openrouter,meta-llama/llama-3.3-70b-instruct,P3_strict_interchangeability,X_database,Microsoft SQL Server,The application uses Microsoft SQL Server for storage.,True
llama70b__X_database__10,llama70b,openrouter,meta-llama/llama-3.3-70b-instruct,P3_strict_interchangeability,X_database,Redis,The application uses Redis for storage.,True
llama70b__X_database__11,llama70b,openrouter,meta-llama/llama-3.3-70b-instruct,P3_strict_interchangeability,X_database,PostgresSQL,Engineers rely on PostgresSQL for data.,True
llama70b__X_database__11,llama70b,openrouter,meta-llama/llama-3.3-70b-instruct,P3_strict_interchangeability,X_database,MySQL,Engineers rely on MySQL for data.,True
llama70b__X_database__11,llama70b,openrouter,meta-llama/llama-3.3-70b-instruct,P3_strict_interchangeability,X_database,SQLite,Engineers rely on SQLite for data.,True
llama70b__X_database__11,llama70b,openrouter,meta-llama/llama-3.3-70b-instruct,P3_strict_interchangeability,X_database,Microsoft SQL Server,Engineers rely on Microsoft SQL Server for data.,True
llama70b__X_database__11,llama70b,openrouter,meta-llama/llama-3.3-70b-instruct,P3_strict_interchangeability,X_database,Redis,Engineers rely on Redis for data.,True
llama70b__X_database__12,llama70b,openrouter,meta-llama/llama-3.3-70b-instruct,P3_strict_interchangeability,X_database,PostgresSQL,The system stores data using PostgresSQL.,True
llama70b__X_database__12,llama70b,openrouter,meta-llama/llama-3.3-70b-instruct,P3_strict_interchangeability,X_database,MySQL,The system stores data using MySQL.,True
llama70b__X_database__12,llama70b,openrouter,meta-llama/llama-3.3-70b-instruct,P3_strict_interchangeability,X_database,SQLite,The system stores data using SQLite.,True
llama70b__X_database__12,llama70b,openrouter,meta-llama/llama-3.3-70b-instruct,P3_strict_interchangeability,X_database,Microsoft SQL Server,The system stores data using Microsoft SQL Server.,True
llama70b__X_database__12,llama70b,openrouter,meta-llama/llama-3.3-70b-instruct,P3_strict_interchangeability,X_database,Redis,The system stores data using Redis.,True
llama70b__X_database__13,llama70b,openrouter,meta-llama/llama-3.3-70b-instruct,P3_strict_interchangeability,X_database,PostgresSQL,The project relies on PostgresSQL for data storage.,True
llama70b__X_database__13,llama70b,openrouter,meta-llama/llama-3.3-70b-instruct,P3_strict_interchangeability,X_database,MySQL,The project relies on MySQL for data storage.,True
llama70b__X_database__13,llama70b,openrouter,meta-llama/llama-3.3-70b-instruct,P3_strict_interchangeability,X_database,SQLite,The project relies on SQLite for data storage.,True
llama70b__X_database__13,llama70b,openrouter,meta-llama/llama-3.3-70b-instruct,P3_strict_interchangeability,X_database,Microsoft SQL Server,The project relies on Microsoft SQL Server for data storage.,True
llama70b__X_database__13,llama70b,openrouter,meta-llama/llama-3.3-70b-instruct,P3_strict_interchangeability,X_database,Redis,The project relies on Redis for data storage.,True
llama70b__X_database__14,llama70b,openrouter,meta-llama/llama-3.3-70b-instruct,P3_strict_interchangeability,X_database,PostgresSQL,The backend uses PostgresSQL for application data.,True
llama70b__X_database__14,llama70b,openrouter,meta-llama/llama-3.3-70b-instruct,P3_strict_interchangeability,X_database,MySQL,The backend uses MySQL for application data.,True
llama70b__X_database__14,llama70b,openrouter,meta-llama/llama-3.3-70b-instruct,P3_strict_interchangeability,X_database,SQLite,The backend uses SQLite for application data.,True
llama70b__X_database__14,llama70b,openrouter,meta-llama/llama-3.3-70b-instruct,P3_strict_interchangeability,X_database,Microsoft SQL Server,The backend uses Microsoft SQL Server for application data.,True
llama70b__X_database__14,llama70b,openrouter,meta-llama/llama-3.3-70b-instruct,P3_strict_interchangeability,X_database,Redis,The backend uses Redis for application data.,True
llama70b__X_database__15,llama70b,openrouter,meta-llama/llama-3.3-70b-instruct,P3_strict_interchangeability,X_database,PostgresSQL,The service stores data with PostgresSQL.,True
llama70b__X_database__15,llama70b,openrouter,meta-llama/llama-3.3-70b-instruct,P3_strict_interchangeability,X_database,MySQL,The service stores data with MySQL.,True
llama70b__X_database__15,llama70b,openrouter,meta-llama/llama-3.3-70b-instruct,P3_strict_interchangeability,X_database,SQLite,The service stores data with SQLite.,True
llama70b__X_database__15,llama70b,openrouter,meta-llama/llama-3.3-70b-instruct,P3_strict_interchangeability,X_database,Microsoft SQL Server,The service stores data with Microsoft SQL Server.,True
llama70b__X_database__15,llama70b,openrouter,meta-llama/llama-3.3-70b-instruct,P3_strict_interchangeability,X_database,Redis,The service stores data with Redis.,True
llama70b__X_database__16,llama70b,openrouter,meta-llama/llama-3.3-70b-instruct,P3_strict_interchangeability,X_database,PostgresSQL,Developers rely on PostgresSQL for the database.,True
llama70b__X_database__16,llama70b,openrouter,meta-llama/llama-3.3-70b-instruct,P3_strict_interchangeability,X_database,MySQL,Developers rely on MySQL for the database.,True
llama70b__X_database__16,llama70b,openrouter,meta-llama/llama-3.3-70b-instruct,P3_strict_interchangeability,X_database,SQLite,Developers rely on SQLite for the database.,True
llama70b__X_database__16,llama70b,openrouter,meta-llama/llama-3.3-70b-instruct,P3_strict_interchangeability,X_database,Microsoft SQL Server,Developers rely on Microsoft SQL Server for the database.,True
llama70b__X_database__16,llama70b,openrouter,meta-llama/llama-3.3-70b-instruct,P3_strict_interchangeability,X_database,Redis,Developers rely on Redis for the database.,True
llama70b__X_database__17,llama70b,openrouter,meta-llama/llama-3.3-70b-instruct,P3_strict_interchangeability,X_database,PostgresSQL,The team stores data using PostgresSQL.,True
llama70b__X_database__17,llama70b,openrouter,meta-llama/llama-3.3-70b-instruct,P3_strict_interchangeability,X_database,MySQL,The team stores data using MySQL.,True
llama70b__X_database__17,llama70b,openrouter,meta-llama/llama-3.3-70b-instruct,P3_strict_interchangeability,X_database,SQLite,The team stores data using SQLite.,True
llama70b__X_database__17,llama70b,openrouter,meta-llama/llama-3.3-70b-instruct,P3_strict_interchangeability,X_database,Microsoft SQL Server,The team stores data using Microsoft SQL Server.,True
llama70b__X_database__17,llama70b,openrouter,meta-llama/llama-3.3-70b-instruct,P3_strict_interchangeability,X_database,Redis,The team stores data using Redis.,True
llama70b__X_database__18,llama70b,openrouter,meta-llama/llama-3.3-70b-instruct,P3_strict_interchangeability,X_database,PostgresSQL,The application stores data with PostgresSQL.,True
llama70b__X_database__18,llama70b,openrouter,meta-llama/llama-3.3-70b-instruct,P3_strict_interchangeability,X_database,MySQL,The application stores data with MySQL.,True
llama70b__X_database__18,llama70b,openrouter,meta-llama/llama-3.3-70b-instruct,P3_strict_interchangeability,X_database,SQLite,The application stores data with SQLite.,True
llama70b__X_database__18,llama70b,openrouter,meta-llama/llama-3.3-70b-instruct,P3_strict_interchangeability,X_database,Microsoft SQL Server,The application stores data with Microsoft SQL Server.,True
llama70b__X_database__18,llama70b,openrouter,meta-llama/llama-3.3-70b-instruct,P3_strict_interchangeability,X_database,Redis,The application stores data with Redis.,True
llama70b__X_database__19,llama70b,openrouter,meta-llama/llama-3.3-70b-instruct,P3_strict_interchangeability,X_database,PostgresSQL,Engineers use PostgresSQL for data management.,True
llama70b__X_database__19,llama70b,openrouter,meta-llama/llama-3.3-70b-instruct,P3_strict_interchangeability,X_database,MySQL,Engineers use MySQL for data management.,True
llama70b__X_database__19,llama70b,openrouter,meta-llama/llama-3.3-70b-instruct,P3_strict_interchangeability,X_database,SQLite,Engineers use SQLite for data management.,True
llama70b__X_database__19,llama70b,openrouter,meta-llama/llama-3.3-70b-instruct,P3_strict_interchangeability,X_database,Microsoft SQL Server,Engineers use Microsoft SQL Server for data management.,True
llama70b__X_database__19,llama70b,openrouter,meta-llama/llama-3.3-70b-instruct,P3_strict_interchangeability,X_database,Redis,Engineers use Redis for data management.,True
llama70b__X_database__20,llama70b,openrouter,meta-llama/llama-3.3-70b-instruct,P3_strict_interchangeability,X_database,PostgresSQL,The system relies on PostgresSQL for application data.,True
llama70b__X_database__20,llama70b,openrouter,meta-llama/llama-3.3-70b-instruct,P3_strict_interchangeability,X_database,MySQL,The system relies on MySQL for application data.,True
llama70b__X_database__20,llama70b,openrouter,meta-llama/llama-3.3-70b-instruct,P3_strict_interchangeability,X_database,SQLite,The system relies on SQLite for application data.,True
llama70b__X_database__20,llama70b,openrouter,meta-llama/llama-3.3-70b-instruct,P3_strict_interchangeability,X_database,Microsoft SQL Server,The system relies on Microsoft SQL Server for application data.,True
llama70b__X_database__20,llama70b,openrouter,meta-llama/llama-3.3-70b-instruct,P3_strict_interchangeability,X_database,Redis,The system relies on Redis for application data.,True
llama70b__X_database__21,llama70b,openrouter,meta-llama/llama-3.3-70b-instruct,P3_strict_interchangeability,X_database,PostgresSQL,The project uses PostgresSQL for data.,True
llama70b__X_database__21,llama70b,openrouter,meta-llama/llama-3.3-70b-instruct,P3_strict_interchangeability,X_database,MySQL,The project uses MySQL for data.,True
llama70b__X_database__21,llama70b,openrouter,meta-llama/llama-3.3-70b-instruct,P3_strict_interchangeability,X_database,SQLite,The project uses SQLite for data.,True
llama70b__X_database__21,llama70b,openrouter,meta-llama/llama-3.3-70b-instruct,P3_strict_interchangeability,X_database,Microsoft SQL Server,The project uses Microsoft SQL Server for data.,True
llama70b__X_database__21,llama70b,openrouter,meta-llama/llama-3.3-70b-instruct,P3_strict_interchangeability,X_database,Redis,The project uses Redis for data.,True
llama70b__X_database__22,llama70b,openrouter,meta-llama/llama-3.3-70b-instruct,P3_strict_interchangeability,X_database,PostgresSQL,The backend relies on PostgresSQL for storage.,True
llama70b__X_database__22,llama70b,openrouter,meta-llama/llama-3.3-70b-instruct,P3_strict_interchangeability,X_database,MySQL,The backend relies on MySQL for storage.,True
llama70b__X_database__22,llama70b,openrouter,meta-llama/llama-3.3-70b-instruct,P3_strict_interchangeability,X_database,SQLite,The backend relies on SQLite for storage.,True
llama70b__X_database__22,llama70b,openrouter,meta-llama/llama-3.3-70b-instruct,P3_strict_interchangeability,X_database,Microsoft SQL Server,The backend relies on Microsoft SQL Server for storage.,True
llama70b__X_database__22,llama70b,openrouter,meta-llama/llama-3.3-70b-instruct,P3_strict_interchangeability,X_database,Redis,The backend relies on Redis for storage.,True
llama70b__X_database__23,llama70b,openrouter,meta-llama/llama-3.3-70b-instruct,P3_strict_interchangeability,X_database,PostgresSQL,The service uses PostgresSQL as the database.,True
llama70b__X_database__23,llama70b,openrouter,meta-llama/llama-3.3-70b-instruct,P3_strict_interchangeability,X_database,MySQL,The service uses MySQL as the database.,True
llama70b__X_database__23,llama70b,openrouter,meta-llama/llama-3.3-70b-instruct,P3_strict_interchangeability,X_database,SQLite,The service uses SQLite as the database.,True
llama70b__X_database__23,llama70b,openrouter,meta-llama/llama-3.3-70b-instruct,P3_strict_interchangeability,X_database,Microsoft SQL Server,The service uses Microsoft SQL Server as the database.,True
llama70b__X_database__23,llama70b,openrouter,meta-llama/llama-3.3-70b-instruct,P3_strict_interchangeability,X_database,Redis,The service uses Redis as the database.,True
llama70b__X_database__24,llama70b,openrouter,meta-llama/llama-3.3-70b-instruct,P3_strict_interchangeability,X_database,PostgresSQL,Developers use PostgresSQL for storage.,True
llama70b__X_database__24,llama70b,openrouter,meta-llama/llama-3.3-70b-instruct,P3_strict_interchangeability,X_database,MySQL,Developers use MySQL for storage.,True
llama70b__X_database__24,llama70b,openrouter,meta-llama/llama-3.3-70b-instruct,P3_strict_interchangeability,X_database,SQLite,Developers use SQLite for storage.,True
llama70b__X_database__24,llama70b,openrouter,meta-llama/llama-3.3-70b-instruct,P3_strict_interchangeability,X_database,Microsoft SQL Server,Developers use Microsoft SQL Server for storage.,True
llama70b__X_database__24,llama70b,openrouter,meta-llama/llama-3.3-70b-instruct,P3_strict_interchangeability,X_database,Redis,Developers use Redis for storage.,True
llama70b__X_database__25,llama70b,openrouter,meta-llama/llama-3.3-70b-instruct,P3_strict_interchangeability,X_database,PostgresSQL,The team relies on PostgresSQL for data management.,True
llama70b__X_database__25,llama70b,openrouter,meta-llama/llama-3.3-70b-instruct,P3_strict_interchangeability,X_database,MySQL,The team relies on MySQL for data management.,True
llama70b__X_database__25,llama70b,openrouter,meta-llama/llama-3.3-70b-instruct,P3_strict_interchangeability,X_database,SQLite,The team relies on SQLite for data management.,True
llama70b__X_database__25,llama70b,openrouter,meta-llama/llama-3.3-70b-instruct,P3_strict_interchangeability,X_database,Microsoft SQL Server,The team relies on Microsoft SQL Server for data management.,True
llama70b__X_database__25,llama70b,openrouter,meta-llama/llama-3.3-70b-instruct,P3_strict_interchangeability,X_database,Redis,The team relies on Redis for data management.,True
llama70b__X_cloud_development__1,llama70b,openrouter,meta-llama/llama-3.3-70b-instruct,P3_strict_interchangeability,X_cloud_development,Docker,Developers work with Docker during development.,True
llama70b__X_cloud_development__1,llama70b,openrouter,meta-llama/llama-3.3-70b-instruct,P3_strict_interchangeability,X_cloud_development,npm,Developers work with npm during development.,True
llama70b__X_cloud_development__1,llama70b,openrouter,meta-llama/llama-3.3-70b-instruct,P3_strict_interchangeability,X_cloud_development,AWS,Developers work with AWS during development.,True
llama70b__X_cloud_development__1,llama70b,openrouter,meta-llama/llama-3.3-70b-instruct,P3_strict_interchangeability,X_cloud_development,Pip,Developers work with Pip during development.,True
llama70b__X_cloud_development__1,llama70b,openrouter,meta-llama/llama-3.3-70b-instruct,P3_strict_interchangeability,X_cloud_development,Kubernetes,Developers work with Kubernetes during development.,True
llama70b__X_cloud_development__2,llama70b,openrouter,meta-llama/llama-3.3-70b-instruct,P3_strict_interchangeability,X_cloud_development,Docker,The project includes Docker in workflow.,True
llama70b__X_cloud_development__2,llama70b,openrouter,meta-llama/llama-3.3-70b-instruct,P3_strict_interchangeability,X_cloud_development,npm,The project includes npm in workflow.,True
llama70b__X_cloud_development__2,llama70b,openrouter,meta-llama/llama-3.3-70b-instruct,P3_strict_interchangeability,X_cloud_development,AWS,The project includes AWS in workflow.,True
llama70b__X_cloud_development__2,llama70b,openrouter,meta-llama/llama-3.3-70b-instruct,P3_strict_interchangeability,X_cloud_development,Pip,The project includes Pip in workflow.,True
llama70b__X_cloud_development__2,llama70b,openrouter,meta-llama/llama-3.3-70b-instruct,P3_strict_interchangeability,X_cloud_development,Kubernetes,The project includes Kubernetes in workflow.,True
llama70b__X_cloud_development__3,llama70b,openrouter,meta-llama/llama-3.3-70b-instruct,P3_strict_interchangeability,X_cloud_development,Docker,Engineers use Docker in development workflow.,True
llama70b__X_cloud_development__3,llama70b,openrouter,meta-llama/llama-3.3-70b-instruct,P3_strict_interchangeability,X_cloud_development,npm,Engineers use npm in development workflow.,True
llama70b__X_cloud_development__3,llama70b,openrouter,meta-llama/llama-3.3-70b-instruct,P3_strict_interchangeability,X_cloud_development,AWS,Engineers use AWS in development workflow.,True
llama70b__X_cloud_development__3,llama70b,openrouter,meta-llama/llama-3.3-70b-instruct,P3_strict_interchangeability,X_cloud_development,Pip,Engineers use Pip in development workflow.,True
llama70b__X_cloud_development__3,llama70b,openrouter,meta-llama/llama-3.3-70b-instruct,P3_strict_interchangeability,X_cloud_development,Kubernetes,Engineers use Kubernetes in development workflow.,True
llama70b__X_cloud_development__4,llama70b,openrouter,meta-llama/llama-3.3-70b-instruct,P3_strict_interchangeability,X_cloud_development,Docker,The team works with Docker for deployment.,True
llama70b__X_cloud_development__4,llama70b,openrouter,meta-llama/llama-3.3-70b-instruct,P3_strict_interchangeability,X_cloud_development,npm,The team works with npm for deployment.,True
llama70b__X_cloud_development__4,llama70b,openrouter,meta-llama/llama-3.3-70b-instruct,P3_strict_interchangeability,X_cloud_development,AWS,The team works with AWS for deployment.,True
llama70b__X_cloud_development__4,llama70b,openrouter,meta-llama/llama-3.3-70b-instruct,P3_strict_interchangeability,X_cloud_development,Pip,The team works with Pip for deployment.,True
llama70b__X_cloud_development__4,llama70b,openrouter,meta-llama/llama-3.3-70b-instruct,P3_strict_interchangeability,X_cloud_development,Kubernetes,The team works with Kubernetes for deployment.,True
llama70b__X_cloud_development__5,llama70b,openrouter,meta-llama/llama-3.3-70b-instruct,P3_strict_interchangeability,X_cloud_development,Docker,Developers integrate Docker into project workflow.,True
llama70b__X_cloud_development__5,llama70b,openrouter,meta-llama/llama-3.3-70b-instruct,P3_strict_interchangeability,X_cloud_development,npm,Developers integrate npm into project workflow.,True
llama70b__X_cloud_development__5,llama70b,openrouter,meta-llama/llama-3.3-70b-instruct,P3_strict_interchangeability,X_cloud_development,AWS,Developers integrate AWS into project workflow.,True
llama70b__X_cloud_development__5,llama70b,openrouter,meta-llama/llama-3.3-70b-instruct,P3_strict_interchangeability,X_cloud_development,Pip,Developers integrate Pip into project workflow.,True
llama70b__X_cloud_development__5,llama70b,openrouter,meta-llama/llama-3.3-70b-instruct,P3_strict_interchangeability,X_cloud_development,Kubernetes,Developers integrate Kubernetes into project workflow.,True
llama70b__X_cloud_development__6,llama70b,openrouter,meta-llama/llama-3.3-70b-instruct,P3_strict_interchangeability,X_cloud_development,Docker,Application workflow uses Docker extensively.,True
llama70b__X_cloud_development__6,llama70b,openrouter,meta-llama/llama-3.3-70b-instruct,P3_strict_interchangeability,X_cloud_development,npm,Application workflow uses npm extensively.,True
llama70b__X_cloud_development__6,llama70b,openrouter,meta-llama/llama-3.3-70b-instruct,P3_strict_interchangeability,X_cloud_development,AWS,Application workflow uses AWS extensively.,True
llama70b__X_cloud_development__6,llama70b,openrouter,meta-llama/llama-3.3-70b-instruct,P3_strict_interchangeability,X_cloud_development,Pip,Application workflow uses Pip extensively.,True
llama70b__X_cloud_development__6,llama70b,openrouter,meta-llama/llama-3.3-70b-instruct,P3_strict_interchangeability,X_cloud_development,Kubernetes,Application workflow uses Kubernetes extensively.,True
llama70b__X_cloud_development__7,llama70b,openrouter,meta-llama/llama-3.3-70b-instruct,P3_strict_interchangeability,X_cloud_development,Docker,Development workflow includes Docker tools.,True
llama70b__X_cloud_development__7,llama70b,openrouter,meta-llama/llama-3.3-70b-instruct,P3_strict_interchangeability,X_cloud_development,npm,Development workflow includes npm tools.,True
llama70b__X_cloud_development__7,llama70b,openrouter,meta-llama/llama-3.3-70b-instruct,P3_strict_interchangeability,X_cloud_development,AWS,Development workflow includes AWS tools.,True
llama70b__X_cloud_development__7,llama70b,openrouter,meta-llama/llama-3.3-70b-instruct,P3_strict_interchangeability,X_cloud_development,Pip,Development workflow includes Pip tools.,True
llama70b__X_cloud_development__7,llama70b,openrouter,meta-llama/llama-3.3-70b-instruct,P3_strict_interchangeability,X_cloud_development,Kubernetes,Development workflow includes Kubernetes tools.,True
llama70b__X_cloud_development__8,llama70b,openrouter,meta-llama/llama-3.3-70b-instruct,P3_strict_interchangeability,X_cloud_development,Docker,The project team utilizes Docker for cloud.,True
llama70b__X_cloud_development__8,llama70b,openrouter,meta-llama/llama-3.3-70b-instruct,P3_strict_interchangeability,X_cloud_development,npm,The project team utilizes npm for cloud.,True
llama70b__X_cloud_development__8,llama70b,openrouter,meta-llama/llama-3.3-70b-instruct,P3_strict_interchangeability,X_cloud_development,AWS,The project team utilizes AWS for cloud.,True
llama70b__X_cloud_development__8,llama70b,openrouter,meta-llama/llama-3.3-70b-instruct,P3_strict_interchangeability,X_cloud_development,Pip,The project team utilizes Pip for cloud.,True
llama70b__X_cloud_development__8,llama70b,openrouter,meta-llama/llama-3.3-70b-instruct,P3_strict_interchangeability,X_cloud_development,Kubernetes,The project team utilizes Kubernetes for cloud.,True
llama70b__X_cloud_development__9,llama70b,openrouter,meta-llama/llama-3.3-70b-instruct,P3_strict_interchangeability,X_cloud_development,Docker,Engineers collaborate using Docker platforms.,True
llama70b__X_cloud_development__9,llama70b,openrouter,meta-llama/llama-3.3-70b-instruct,P3_strict_interchangeability,X_cloud_development,npm,Engineers collaborate using npm platforms.,True
llama70b__X_cloud_development__9,llama70b,openrouter,meta-llama/llama-3.3-70b-instruct,P3_strict_interchangeability,X_cloud_development,AWS,Engineers collaborate using AWS platforms.,True
llama70b__X_cloud_development__9,llama70b,openrouter,meta-llama/llama-3.3-70b-instruct,P3_strict_interchangeability,X_cloud_development,Pip,Engineers collaborate using Pip platforms.,True
llama70b__X_cloud_development__9,llama70b,openrouter,meta-llama/llama-3.3-70b-instruct,P3_strict_interchangeability,X_cloud_development,Kubernetes,Engineers collaborate using Kubernetes platforms.,True
llama70b__X_cloud_development__10,llama70b,openrouter,meta-llama/llama-3.3-70b-instruct,P3_strict_interchangeability,X_cloud_development,Docker,Cloud development uses Docker regularly.,True
llama70b__X_cloud_development__10,llama70b,openrouter,meta-llama/llama-3.3-70b-instruct,P3_strict_interchangeability,X_cloud_development,npm,Cloud development uses npm regularly.,True
llama70b__X_cloud_development__10,llama70b,openrouter,meta-llama/llama-3.3-70b-instruct,P3_strict_interchangeability,X_cloud_development,AWS,Cloud development uses AWS regularly.,True
llama70b__X_cloud_development__10,llama70b,openrouter,meta-llama/llama-3.3-70b-instruct,P3_strict_interchangeability,X_cloud_development,Pip,Cloud development uses Pip regularly.,True
llama70b__X_cloud_development__10,llama70b,openrouter,meta-llama/llama-3.3-70b-instruct,P3_strict_interchangeability,X_cloud_development,Kubernetes,Cloud development uses Kubernetes regularly.,True
llama70b__X_cloud_development__11,llama70b,openrouter,meta-llama/llama-3.3-70b-instruct,P3_strict_interchangeability,X_cloud_development,Docker,Developers rely on Docker for workflow.,True
llama70b__X_cloud_development__11,llama70b,openrouter,meta-llama/llama-3.3-70b-instruct,P3_strict_interchangeability,X_cloud_development,npm,Developers rely on npm for workflow.,True
llama70b__X_cloud_development__11,llama70b,openrouter,meta-llama/llama-3.3-70b-instruct,P3_strict_interchangeability,X_cloud_development,AWS,Developers rely on AWS for workflow.,True
llama70b__X_cloud_development__11,llama70b,openrouter,meta-llama/llama-3.3-70b-instruct,P3_strict_interchangeability,X_cloud_development,Pip,Developers rely on Pip for workflow.,True
llama70b__X_cloud_development__11,llama70b,openrouter,meta-llama/llama-3.3-70b-instruct,P3_strict_interchangeability,X_cloud_development,Kubernetes,Developers rely on Kubernetes for workflow.,True
llama70b__X_cloud_development__12,llama70b,openrouter,meta-llama/llama-3.3-70b-instruct,P3_strict_interchangeability,X_cloud_development,Docker,The development team leverages Docker capabilities.,True
llama70b__X_cloud_development__12,llama70b,openrouter,meta-llama/llama-3.3-70b-instruct,P3_strict_interchangeability,X_cloud_development,npm,The development team leverages npm capabilities.,True
llama70b__X_cloud_development__12,llama70b,openrouter,meta-llama/llama-3.3-70b-instruct,P3_strict_interchangeability,X_cloud_development,AWS,The development team leverages AWS capabilities.,True
llama70b__X_cloud_development__12,llama70b,openrouter,meta-llama/llama-3.3-70b-instruct,P3_strict_interchangeability,X_cloud_development,Pip,The development team leverages Pip capabilities.,True
llama70b__X_cloud_development__12,llama70b,openrouter,meta-llama/llama-3.3-70b-instruct,P3_strict_interchangeability,X_cloud_development,Kubernetes,The development team leverages Kubernetes capabilities.,True
llama70b__X_cloud_development__13,llama70b,openrouter,meta-llama/llama-3.3-70b-instruct,P3_strict_interchangeability,X_cloud_development,Docker,Project workflow incorporates Docker seamlessly.,True
llama70b__X_cloud_development__13,llama70b,openrouter,meta-llama/llama-3.3-70b-instruct,P3_strict_interchangeability,X_cloud_development,npm,Project workflow incorporates npm seamlessly.,True
llama70b__X_cloud_development__13,llama70b,openrouter,meta-llama/llama-3.3-70b-instruct,P3_strict_interchangeability,X_cloud_development,AWS,Project workflow incorporates AWS seamlessly.,True
llama70b__X_cloud_development__13,llama70b,openrouter,meta-llama/llama-3.3-70b-instruct,P3_strict_interchangeability,X_cloud_development,Pip,Project workflow incorporates Pip seamlessly.,True
llama70b__X_cloud_development__13,llama70b,openrouter,meta-llama/llama-3.3-70b-instruct,P3_strict_interchangeability,X_cloud_development,Kubernetes,Project workflow incorporates Kubernetes seamlessly.,True
llama70b__X_cloud_development__14,llama70b,openrouter,meta-llama/llama-3.3-70b-instruct,P3_strict_interchangeability,X_cloud_development,Docker,Engineers work extensively with Docker tools.,True
llama70b__X_cloud_development__14,llama70b,openrouter,meta-llama/llama-3.3-70b-instruct,P3_strict_interchangeability,X_cloud_development,npm,Engineers work extensively with npm tools.,True
llama70b__X_cloud_development__14,llama70b,openrouter,meta-llama/llama-3.3-70b-instruct,P3_strict_interchangeability,X_cloud_development,AWS,Engineers work extensively with AWS tools.,True
llama70b__X_cloud_development__14,llama70b,openrouter,meta-llama/llama-3.3-70b-instruct,P3_strict_interchangeability,X_cloud_development,Pip,Engineers work extensively with Pip tools.,True
llama70b__X_cloud_development__14,llama70b,openrouter,meta-llama/llama-3.3-70b-instruct,P3_strict_interchangeability,X_cloud_development,Kubernetes,Engineers work extensively with Kubernetes tools.,True
llama70b__X_cloud_development__15,llama70b,openrouter,meta-llama/llama-3.3-70b-instruct,P3_strict_interchangeability,X_cloud_development,Docker,Developers use Docker throughout development.,True
llama70b__X_cloud_development__15,llama70b,openrouter,meta-llama/llama-3.3-70b-instruct,P3_strict_interchangeability,X_cloud_development,npm,Developers use npm throughout development.,True
llama70b__X_cloud_development__15,llama70b,openrouter,meta-llama/llama-3.3-70b-instruct,P3_strict_interchangeability,X_cloud_development,AWS,Developers use AWS throughout development.,True
llama70b__X_cloud_development__15,llama70b,openrouter,meta-llama/llama-3.3-70b-instruct,P3_strict_interchangeability,X_cloud_development,Pip,Developers use Pip throughout development.,True
llama70b__X_cloud_development__15,llama70b,openrouter,meta-llama/llama-3.3-70b-instruct,P3_strict_interchangeability,X_cloud_development,Kubernetes,Developers use Kubernetes throughout development.,True
llama70b__X_cloud_development__16,llama70b,openrouter,meta-llama/llama-3.3-70b-instruct,P3_strict_interchangeability,X_cloud_development,Docker,The application team uses Docker for deployment.,True
llama70b__X_cloud_development__16,llama70b,openrouter,meta-llama/llama-3.3-70b-instruct,P3_strict_interchangeability,X_cloud_development,npm,The application team uses npm for deployment.,True
llama70b__X_cloud_development__16,llama70b,openrouter,meta-llama/llama-3.3-70b-instruct,P3_strict_interchangeability,X_cloud_development,AWS,The application team uses AWS for deployment.,True
llama70b__X_cloud_development__16,llama70b,openrouter,meta-llama/llama-3.3-70b-instruct,P3_strict_interchangeability,X_cloud_development,Pip,The application team uses Pip for deployment.,True
llama70b__X_cloud_development__16,llama70b,openrouter,meta-llama/llama-3.3-70b-instruct,P3_strict_interchangeability,X_cloud_development,Kubernetes,The application team uses Kubernetes for deployment.,True
llama70b__X_cloud_development__17,llama70b,openrouter,meta-llama/llama-3.3-70b-instruct,P3_strict_interchangeability,X_cloud_development,Docker,Development teams integrate Docker into workflow.,True
llama70b__X_cloud_development__17,llama70b,openrouter,meta-llama/llama-3.3-70b-instruct,P3_strict_interchangeability,X_cloud_development,npm,Development teams integrate npm into workflow.,True
llama70b__X_cloud_development__17,llama70b,openrouter,meta-llama/llama-3.3-70b-instruct,P3_strict_interchangeability,X_cloud_development,AWS,Development teams integrate AWS into workflow.,True
llama70b__X_cloud_development__17,llama70b,openrouter,meta-llama/llama-3.3-70b-instruct,P3_strict_interchangeability,X_cloud_development,Pip,Development teams integrate Pip into workflow.,True
llama70b__X_cloud_development__17,llama70b,openrouter,meta-llama/llama-3.3-70b-instruct,P3_strict_interchangeability,X_cloud_development,Kubernetes,Development teams integrate Kubernetes into workflow.,True
llama70b__X_cloud_development__18,llama70b,openrouter,meta-llama/llama-3.3-70b-instruct,P3_strict_interchangeability,X_cloud_development,Docker,Engineers utilize Docker in their workflow.,True
llama70b__X_cloud_development__18,llama70b,openrouter,meta-llama/llama-3.3-70b-instruct,P3_strict_interchangeability,X_cloud_development,npm,Engineers utilize npm in their workflow.,True
llama70b__X_cloud_development__18,llama70b,openrouter,meta-llama/llama-3.3-70b-instruct,P3_strict_interchangeability,X_cloud_development,AWS,Engineers utilize AWS in their workflow.,True
llama70b__X_cloud_development__18,llama70b,openrouter,meta-llama/llama-3.3-70b-instruct,P3_strict_interchangeability,X_cloud_development,Pip,Engineers utilize Pip in their workflow.,True
llama70b__X_cloud_development__18,llama70b,openrouter,meta-llama/llama-3.3-70b-instruct,P3_strict_interchangeability,X_cloud_development,Kubernetes,Engineers utilize Kubernetes in their workflow.,True
llama70b__X_cloud_development__19,llama70b,openrouter,meta-llama/llama-3.3-70b-instruct,P3_strict_interchangeability,X_cloud_development,Docker,Cloud projects include Docker by default.,True
llama70b__X_cloud_development__19,llama70b,openrouter,meta-llama/llama-3.3-70b-instruct,P3_strict_interchangeability,X_cloud_development,npm,Cloud projects include npm by default.,True
llama70b__X_cloud_development__19,llama70b,openrouter,meta-llama/llama-3.3-70b-instruct,P3_strict_interchangeability,X_cloud_development,AWS,Cloud projects include AWS by default.,True
llama70b__X_cloud_development__19,llama70b,openrouter,meta-llama/llama-3.3-70b-instruct,P3_strict_interchangeability,X_cloud_development,Pip,Cloud projects include Pip by default.,True
llama70b__X_cloud_development__19,llama70b,openrouter,meta-llama/llama-3.3-70b-instruct,P3_strict_interchangeability,X_cloud_development,Kubernetes,Cloud projects include Kubernetes by default.,True
llama70b__X_cloud_development__20,llama70b,openrouter,meta-llama/llama-3.3-70b-instruct,P3_strict_interchangeability,X_cloud_development,Docker,The development workflow relies on Docker.,True
llama70b__X_cloud_development__20,llama70b,openrouter,meta-llama/llama-3.3-70b-instruct,P3_strict_interchangeability,X_cloud_development,npm,The development workflow relies on npm.,True
llama70b__X_cloud_development__20,llama70b,openrouter,meta-llama/llama-3.3-70b-instruct,P3_strict_interchangeability,X_cloud_development,AWS,The development workflow relies on AWS.,True
llama70b__X_cloud_development__20,llama70b,openrouter,meta-llama/llama-3.3-70b-instruct,P3_strict_interchangeability,X_cloud_development,Pip,The development workflow relies on Pip.,True
llama70b__X_cloud_development__20,llama70b,openrouter,meta-llama/llama-3.3-70b-instruct,P3_strict_interchangeability,X_cloud_development,Kubernetes,The development workflow relies on Kubernetes.,True
llama70b__X_cloud_development__21,llama70b,openrouter,meta-llama/llama-3.3-70b-instruct,P3_strict_interchangeability,X_cloud_development,Docker,Developers work closely with Docker platforms.,True
llama70b__X_cloud_development__21,llama70b,openrouter,meta-llama/llama-3.3-70b-instruct,P3_strict_interchangeability,X_cloud_development,npm,Developers work closely with npm platforms.,True
llama70b__X_cloud_development__21,llama70b,openrouter,meta-llama/llama-3.3-70b-instruct,P3_strict_interchangeability,X_cloud_development,AWS,Developers work closely with AWS platforms.,True
llama70b__X_cloud_development__21,llama70b,openrouter,meta-llama/llama-3.3-70b-instruct,P3_strict_interchangeability,X_cloud_development,Pip,Developers work closely with Pip platforms.,True
llama70b__X_cloud_development__21,llama70b,openrouter,meta-llama/llama-3.3-70b-instruct,P3_strict_interchangeability,X_cloud_development,Kubernetes,Developers work closely with Kubernetes platforms.,True
llama70b__X_cloud_development__22,llama70b,openrouter,meta-llama/llama-3.3-70b-instruct,P3_strict_interchangeability,X_cloud_development,Docker,Project development uses Docker consistently.,True
llama70b__X_cloud_development__22,llama70b,openrouter,meta-llama/llama-3.3-70b-instruct,P3_strict_interchangeability,X_cloud_development,npm,Project development uses npm consistently.,True
llama70b__X_cloud_development__22,llama70b,openrouter,meta-llama/llama-3.3-70b-instruct,P3_strict_interchangeability,X_cloud_development,AWS,Project development uses AWS consistently.,True
llama70b__X_cloud_development__22,llama70b,openrouter,meta-llama/llama-3.3-70b-instruct,P3_strict_interchangeability,X_cloud_development,Pip,Project development uses Pip consistently.,True
llama70b__X_cloud_development__22,llama70b,openrouter,meta-llama/llama-3.3-70b-instruct,P3_strict_interchangeability,X_cloud_development,Kubernetes,Project development uses Kubernetes consistently.,True
llama70b__X_cloud_development__23,llama70b,openrouter,meta-llama/llama-3.3-70b-instruct,P3_strict_interchangeability,X_cloud_development,Docker,Engineers use Docker to streamline workflow.,True
llama70b__X_cloud_development__23,llama70b,openrouter,meta-llama/llama-3.3-70b-instruct,P3_strict_interchangeability,X_cloud_development,npm,Engineers use npm to streamline workflow.,True
llama70b__X_cloud_development__23,llama70b,openrouter,meta-llama/llama-3.3-70b-instruct,P3_strict_interchangeability,X_cloud_development,AWS,Engineers use AWS to streamline workflow.,True
llama70b__X_cloud_development__23,llama70b,openrouter,meta-llama/llama-3.3-70b-instruct,P3_strict_interchangeability,X_cloud_development,Pip,Engineers use Pip to streamline workflow.,True
llama70b__X_cloud_development__23,llama70b,openrouter,meta-llama/llama-3.3-70b-instruct,P3_strict_interchangeability,X_cloud_development,Kubernetes,Engineers use Kubernetes to streamline workflow.,True
llama70b__X_cloud_development__24,llama70b,openrouter,meta-llama/llama-3.3-70b-instruct,P3_strict_interchangeability,X_cloud_development,Docker,The team integrates Docker into development.,True
llama70b__X_cloud_development__24,llama70b,openrouter,meta-llama/llama-3.3-70b-instruct,P3_strict_interchangeability,X_cloud_development,npm,The team integrates npm into development.,True
llama70b__X_cloud_development__24,llama70b,openrouter,meta-llama/llama-3.3-70b-instruct,P3_strict_interchangeability,X_cloud_development,AWS,The team integrates AWS into development.,True
llama70b__X_cloud_development__24,llama70b,openrouter,meta-llama/llama-3.3-70b-instruct,P3_strict_interchangeability,X_cloud_development,Pip,The team integrates Pip into development.,True
llama70b__X_cloud_development__24,llama70b,openrouter,meta-llama/llama-3.3-70b-instruct,P3_strict_interchangeability,X_cloud_development,Kubernetes,The team integrates Kubernetes into development.,True
llama70b__X_cloud_development__25,llama70b,openrouter,meta-llama/llama-3.3-70b-instruct,P3_strict_interchangeability,X_cloud_development,Docker,Developers collaborate on Docker projects.,True
llama70b__X_cloud_development__25,llama70b,openrouter,meta-llama/llama-3.3-70b-instruct,P3_strict_interchangeability,X_cloud_development,npm,Developers collaborate on npm projects.,True
llama70b__X_cloud_development__25,llama70b,openrouter,meta-llama/llama-3.3-70b-instruct,P3_strict_interchangeability,X_cloud_development,AWS,Developers collaborate on AWS projects.,True
llama70b__X_cloud_development__25,llama70b,openrouter,meta-llama/llama-3.3-70b-instruct,P3_strict_interchangeability,X_cloud_development,Pip,Developers collaborate on Pip projects.,True
llama70b__X_cloud_development__25,llama70b,openrouter,meta-llama/llama-3.3-70b-instruct,P3_strict_interchangeability,X_cloud_development,Kubernetes,Developers collaborate on Kubernetes projects.,True
llama70b__X_web_technology__1,llama70b,openrouter,meta-llama/llama-3.3-70b-instruct,P3_strict_interchangeability,X_web_technology,Node.js,Developers use Node.js for web development.,True
llama70b__X_web_technology__1,llama70b,openrouter,meta-llama/llama-3.3-70b-instruct,P3_strict_interchangeability,X_web_technology,React,Developers use React for web development.,True
llama70b__X_web_technology__1,llama70b,openrouter,meta-llama/llama-3.3-70b-instruct,P3_strict_interchangeability,X_web_technology,jQuery,Developers use jQuery for web development.,True
llama70b__X_web_technology__1,llama70b,openrouter,meta-llama/llama-3.3-70b-instruct,P3_strict_interchangeability,X_web_technology,Next.js,Developers use Next.js for web development.,True
llama70b__X_web_technology__1,llama70b,openrouter,meta-llama/llama-3.3-70b-instruct,P3_strict_interchangeability,X_web_technology,Express,Developers use Express for web development.,True
llama70b__X_web_technology__2,llama70b,openrouter,meta-llama/llama-3.3-70b-instruct,P3_strict_interchangeability,X_web_technology,Node.js,The web project uses Node.js directly.,True
llama70b__X_web_technology__2,llama70b,openrouter,meta-llama/llama-3.3-70b-instruct,P3_strict_interchangeability,X_web_technology,React,The web project uses React directly.,True
llama70b__X_web_technology__2,llama70b,openrouter,meta-llama/llama-3.3-70b-instruct,P3_strict_interchangeability,X_web_technology,jQuery,The web project uses jQuery directly.,True
llama70b__X_web_technology__2,llama70b,openrouter,meta-llama/llama-3.3-70b-instruct,P3_strict_interchangeability,X_web_technology,Next.js,The web project uses Next.js directly.,True
llama70b__X_web_technology__2,llama70b,openrouter,meta-llama/llama-3.3-70b-instruct,P3_strict_interchangeability,X_web_technology,Express,The web project uses Express directly.,True
llama70b__X_web_technology__3,llama70b,openrouter,meta-llama/llama-3.3-70b-instruct,P3_strict_interchangeability,X_web_technology,Node.js,Engineers develop applications with Node.js.,True
llama70b__X_web_technology__3,llama70b,openrouter,meta-llama/llama-3.3-70b-instruct,P3_strict_interchangeability,X_web_technology,React,Engineers develop applications with React.,True
llama70b__X_web_technology__3,llama70b,openrouter,meta-llama/llama-3.3-70b-instruct,P3_strict_interchangeability,X_web_technology,jQuery,Engineers develop applications with jQuery.,True
llama70b__X_web_technology__3,llama70b,openrouter,meta-llama/llama-3.3-70b-instruct,P3_strict_interchangeability,X_web_technology,Next.js,Engineers develop applications with Next.js.,True
llama70b__X_web_technology__3,llama70b,openrouter,meta-llama/llama-3.3-70b-instruct,P3_strict_interchangeability,X_web_technology,Express,Engineers develop applications with Express.,True
llama70b__X_web_technology__4,llama70b,openrouter,meta-llama/llama-3.3-70b-instruct,P3_strict_interchangeability,X_web_technology,Node.js,The development team uses Node.js extensively.,True
llama70b__X_web_technology__4,llama70b,openrouter,meta-llama/llama-3.3-70b-instruct,P3_strict_interchangeability,X_web_technology,React,The development team uses React extensively.,True
llama70b__X_web_technology__4,llama70b,openrouter,meta-llama/llama-3.3-70b-instruct,P3_strict_interchangeability,X_web_technology,jQuery,The development team uses jQuery extensively.,True
llama70b__X_web_technology__4,llama70b,openrouter,meta-llama/llama-3.3-70b-instruct,P3_strict_interchangeability,X_web_technology,Next.js,The development team uses Next.js extensively.,True
llama70b__X_web_technology__4,llama70b,openrouter,meta-llama/llama-3.3-70b-instruct,P3_strict_interchangeability,X_web_technology,Express,The development team uses Express extensively.,True
llama70b__X_web_technology__5,llama70b,openrouter,meta-llama/llama-3.3-70b-instruct,P3_strict_interchangeability,X_web_technology,Node.js,Web applications are built using Node.js.,True
llama70b__X_web_technology__5,llama70b,openrouter,meta-llama/llama-3.3-70b-instruct,P3_strict_interchangeability,X_web_technology,React,Web applications are built using React.,True
llama70b__X_web_technology__5,llama70b,openrouter,meta-llama/llama-3.3-70b-instruct,P3_strict_interchangeability,X_web_technology,jQuery,Web applications are built using jQuery.,True
llama70b__X_web_technology__5,llama70b,openrouter,meta-llama/llama-3.3-70b-instruct,P3_strict_interchangeability,X_web_technology,Next.js,Web applications are built using Next.js.,True
llama70b__X_web_technology__5,llama70b,openrouter,meta-llama/llama-3.3-70b-instruct,P3_strict_interchangeability,X_web_technology,Express,Web applications are built using Express.,True
llama70b__X_web_technology__6,llama70b,openrouter,meta-llama/llama-3.3-70b-instruct,P3_strict_interchangeability,X_web_technology,Node.js,The application uses Node.js for development.,True
llama70b__X_web_technology__6,llama70b,openrouter,meta-llama/llama-3.3-70b-instruct,P3_strict_interchangeability,X_web_technology,React,The application uses React for development.,True
llama70b__X_web_technology__6,llama70b,openrouter,meta-llama/llama-3.3-70b-instruct,P3_strict_interchangeability,X_web_technology,jQuery,The application uses jQuery for development.,True
llama70b__X_web_technology__6,llama70b,openrouter,meta-llama/llama-3.3-70b-instruct,P3_strict_interchangeability,X_web_technology,Next.js,The application uses Next.js for development.,True
llama70b__X_web_technology__6,llama70b,openrouter,meta-llama/llama-3.3-70b-instruct,P3_strict_interchangeability,X_web_technology,Express,The application uses Express for development.,True
llama70b__X_web_technology__7,llama70b,openrouter,meta-llama/llama-3.3-70b-instruct,P3_strict_interchangeability,X_web_technology,Node.js,Developers create web apps with Node.js.,True
llama70b__X_web_technology__7,llama70b,openrouter,meta-llama/llama-3.3-70b-instruct,P3_strict_interchangeability,X_web_technology,React,Developers create web apps with React.,True
llama70b__X_web_technology__7,llama70b,openrouter,meta-llama/llama-3.3-70b-instruct,P3_strict_interchangeability,X_web_technology,jQuery,Developers create web apps with jQuery.,True
llama70b__X_web_technology__7,llama70b,openrouter,meta-llama/llama-3.3-70b-instruct,P3_strict_interchangeability,X_web_technology,Next.js,Developers create web apps with Next.js.,True
llama70b__X_web_technology__7,llama70b,openrouter,meta-llama/llama-3.3-70b-instruct,P3_strict_interchangeability,X_web_technology,Express,Developers create web apps with Express.,True
llama70b__X_web_technology__8,llama70b,openrouter,meta-llama/llama-3.3-70b-instruct,P3_strict_interchangeability,X_web_technology,Node.js,The team develops web projects using Node.js.,True
llama70b__X_web_technology__8,llama70b,openrouter,meta-llama/llama-3.3-70b-instruct,P3_strict_interchangeability,X_web_technology,React,The team develops web projects using React.,True
llama70b__X_web_technology__8,llama70b,openrouter,meta-llama/llama-3.3-70b-instruct,P3_strict_interchangeability,X_web_technology,jQuery,The team develops web projects using jQuery.,True
llama70b__X_web_technology__8,llama70b,openrouter,meta-llama/llama-3.3-70b-instruct,P3_strict_interchangeability,X_web_technology,Next.js,The team develops web projects using Next.js.,True
llama70b__X_web_technology__8,llama70b,openrouter,meta-llama/llama-3.3-70b-instruct,P3_strict_interchangeability,X_web_technology,Express,The team develops web projects using Express.,True
llama70b__X_web_technology__9,llama70b,openrouter,meta-llama/llama-3.3-70b-instruct,P3_strict_interchangeability,X_web_technology,Node.js,Web development teams use Node.js.,True
llama70b__X_web_technology__9,llama70b,openrouter,meta-llama/llama-3.3-70b-instruct,P3_strict_interchangeability,X_web_technology,React,Web development teams use React.,True
llama70b__X_web_technology__9,llama70b,openrouter,meta-llama/llama-3.3-70b-instruct,P3_strict_interchangeability,X_web_technology,jQuery,Web development teams use jQuery.,True
llama70b__X_web_technology__9,llama70b,openrouter,meta-llama/llama-3.3-70b-instruct,P3_strict_interchangeability,X_web_technology,Next.js,Web development teams use Next.js.,True
llama70b__X_web_technology__9,llama70b,openrouter,meta-llama/llama-3.3-70b-instruct,P3_strict_interchangeability,X_web_technology,Express,Web development teams use Express.,True
llama70b__X_web_technology__10,llama70b,openrouter,meta-llama/llama-3.3-70b-instruct,P3_strict_interchangeability,X_web_technology,Node.js,The engineers use Node.js in projects.,True
llama70b__X_web_technology__10,llama70b,openrouter,meta-llama/llama-3.3-70b-instruct,P3_strict_interchangeability,X_web_technology,React,The engineers use React in projects.,True
llama70b__X_web_technology__10,llama70b,openrouter,meta-llama/llama-3.3-70b-instruct,P3_strict_interchangeability,X_web_technology,jQuery,The engineers use jQuery in projects.,True
llama70b__X_web_technology__10,llama70b,openrouter,meta-llama/llama-3.3-70b-instruct,P3_strict_interchangeability,X_web_technology,Next.js,The engineers use Next.js in projects.,True
llama70b__X_web_technology__10,llama70b,openrouter,meta-llama/llama-3.3-70b-instruct,P3_strict_interchangeability,X_web_technology,Express,The engineers use Express in projects.,True
llama70b__X_web_technology__11,llama70b,openrouter,meta-llama/llama-3.3-70b-instruct,P3_strict_interchangeability,X_web_technology,Node.js,Web applications are developed with Node.js.,True
llama70b__X_web_technology__11,llama70b,openrouter,meta-llama/llama-3.3-70b-instruct,P3_strict_interchangeability,X_web_technology,React,Web applications are developed with React.,True
llama70b__X_web_technology__11,llama70b,openrouter,meta-llama/llama-3.3-70b-instruct,P3_strict_interchangeability,X_web_technology,jQuery,Web applications are developed with jQuery.,True
llama70b__X_web_technology__11,llama70b,openrouter,meta-llama/llama-3.3-70b-instruct,P3_strict_interchangeability,X_web_technology,Next.js,Web applications are developed with Next.js.,True
llama70b__X_web_technology__11,llama70b,openrouter,meta-llama/llama-3.3-70b-instruct,P3_strict_interchangeability,X_web_technology,Express,Web applications are developed with Express.,True
llama70b__X_web_technology__12,llama70b,openrouter,meta-llama/llama-3.3-70b-instruct,P3_strict_interchangeability,X_web_technology,Node.js,The web project team uses Node.js.,True
llama70b__X_web_technology__12,llama70b,openrouter,meta-llama/llama-3.3-70b-instruct,P3_strict_interchangeability,X_web_technology,React,The web project team uses React.,True
llama70b__X_web_technology__12,llama70b,openrouter,meta-llama/llama-3.3-70b-instruct,P3_strict_interchangeability,X_web_technology,jQuery,The web project team uses jQuery.,True
llama70b__X_web_technology__12,llama70b,openrouter,meta-llama/llama-3.3-70b-instruct,P3_strict_interchangeability,X_web_technology,Next.js,The web project team uses Next.js.,True
llama70b__X_web_technology__12,llama70b,openrouter,meta-llama/llama-3.3-70b-instruct,P3_strict_interchangeability,X_web_technology,Express,The web project team uses Express.,True
llama70b__X_web_technology__13,llama70b,openrouter,meta-llama/llama-3.3-70b-instruct,P3_strict_interchangeability,X_web_technology,Node.js,Developers build web apps using Node.js.,True
llama70b__X_web_technology__13,llama70b,openrouter,meta-llama/llama-3.3-70b-instruct,P3_strict_interchangeability,X_web_technology,React,Developers build web apps using React.,True
llama70b__X_web_technology__13,llama70b,openrouter,meta-llama/llama-3.3-70b-instruct,P3_strict_interchangeability,X_web_technology,jQuery,Developers build web apps using jQuery.,True
llama70b__X_web_technology__13,llama70b,openrouter,meta-llama/llama-3.3-70b-instruct,P3_strict_interchangeability,X_web_technology,Next.js,Developers build web apps using Next.js.,True
llama70b__X_web_technology__13,llama70b,openrouter,meta-llama/llama-3.3-70b-instruct,P3_strict_interchangeability,X_web_technology,Express,Developers build web apps using Express.,True
llama70b__X_web_technology__14,llama70b,openrouter,meta-llama/llama-3.3-70b-instruct,P3_strict_interchangeability,X_web_technology,Node.js,The application development team uses Node.js.,True
llama70b__X_web_technology__14,llama70b,openrouter,meta-llama/llama-3.3-70b-instruct,P3_strict_interchangeability,X_web_technology,React,The application development team uses React.,True
llama70b__X_web_technology__14,llama70b,openrouter,meta-llama/llama-3.3-70b-instruct,P3_strict_interchangeability,X_web_technology,jQuery,The application development team uses jQuery.,True
llama70b__X_web_technology__14,llama70b,openrouter,meta-llama/llama-3.3-70b-instruct,P3_strict_interchangeability,X_web_technology,Next.js,The application development team uses Next.js.,True
llama70b__X_web_technology__14,llama70b,openrouter,meta-llama/llama-3.3-70b-instruct,P3_strict_interchangeability,X_web_technology,Express,The application development team uses Express.,True
llama70b__X_web_technology__15,llama70b,openrouter,meta-llama/llama-3.3-70b-instruct,P3_strict_interchangeability,X_web_technology,Node.js,Engineers use Node.js for web application development.,True
llama70b__X_web_technology__15,llama70b,openrouter,meta-llama/llama-3.3-70b-instruct,P3_strict_interchangeability,X_web_technology,React,Engineers use React for web application development.,True
llama70b__X_web_technology__15,llama70b,openrouter,meta-llama/llama-3.3-70b-instruct,P3_strict_interchangeability,X_web_technology,jQuery,Engineers use jQuery for web application development.,True
llama70b__X_web_technology__15,llama70b,openrouter,meta-llama/llama-3.3-70b-instruct,P3_strict_interchangeability,X_web_technology,Next.js,Engineers use Next.js for web application development.,True
llama70b__X_web_technology__15,llama70b,openrouter,meta-llama/llama-3.3-70b-instruct,P3_strict_interchangeability,X_web_technology,Express,Engineers use Express for web application development.,True
llama70b__X_web_technology__16,llama70b,openrouter,meta-llama/llama-3.3-70b-instruct,P3_strict_interchangeability,X_web_technology,Node.js,Web developers work with Node.js.,True
llama70b__X_web_technology__16,llama70b,openrouter,meta-llama/llama-3.3-70b-instruct,P3_strict_interchangeability,X_web_technology,React,Web developers work with React.,True
llama70b__X_web_technology__16,llama70b,openrouter,meta-llama/llama-3.3-70b-instruct,P3_strict_interchangeability,X_web_technology,jQuery,Web developers work with jQuery.,True
llama70b__X_web_technology__16,llama70b,openrouter,meta-llama/llama-3.3-70b-instruct,P3_strict_interchangeability,X_web_technology,Next.js,Web developers work with Next.js.,True
llama70b__X_web_technology__16,llama70b,openrouter,meta-llama/llama-3.3-70b-instruct,P3_strict_interchangeability,X_web_technology,Express,Web developers work with Express.,True
llama70b__X_web_technology__17,llama70b,openrouter,meta-llama/llama-3.3-70b-instruct,P3_strict_interchangeability,X_web_technology,Node.js,The development team builds applications using Node.js.,True
llama70b__X_web_technology__17,llama70b,openrouter,meta-llama/llama-3.3-70b-instruct,P3_strict_interchangeability,X_web_technology,React,The development team builds applications using React.,True
llama70b__X_web_technology__17,llama70b,openrouter,meta-llama/llama-3.3-70b-instruct,P3_strict_interchangeability,X_web_technology,jQuery,The development team builds applications using jQuery.,True
llama70b__X_web_technology__17,llama70b,openrouter,meta-llama/llama-3.3-70b-instruct,P3_strict_interchangeability,X_web_technology,Next.js,The development team builds applications using Next.js.,True
llama70b__X_web_technology__17,llama70b,openrouter,meta-llama/llama-3.3-70b-instruct,P3_strict_interchangeability,X_web_technology,Express,The development team builds applications using Express.,True
llama70b__X_web_technology__18,llama70b,openrouter,meta-llama/llama-3.3-70b-instruct,P3_strict_interchangeability,X_web_technology,Node.js,The web application uses Node.js.,True
llama70b__X_web_technology__18,llama70b,openrouter,meta-llama/llama-3.3-70b-instruct,P3_strict_interchangeability,X_web_technology,React,The web application uses React.,True
llama70b__X_web_technology__18,llama70b,openrouter,meta-llama/llama-3.3-70b-instruct,P3_strict_interchangeability,X_web_technology,jQuery,The web application uses jQuery.,True
llama70b__X_web_technology__18,llama70b,openrouter,meta-llama/llama-3.3-70b-instruct,P3_strict_interchangeability,X_web_technology,Next.js,The web application uses Next.js.,True
llama70b__X_web_technology__18,llama70b,openrouter,meta-llama/llama-3.3-70b-instruct,P3_strict_interchangeability,X_web_technology,Express,The web application uses Express.,True
llama70b__X_web_technology__19,llama70b,openrouter,meta-llama/llama-3.3-70b-instruct,P3_strict_interchangeability,X_web_technology,Node.js,Web project engineers use Node.js.,True
llama70b__X_web_technology__19,llama70b,openrouter,meta-llama/llama-3.3-70b-instruct,P3_strict_interchangeability,X_web_technology,React,Web project engineers use React.,True
llama70b__X_web_technology__19,llama70b,openrouter,meta-llama/llama-3.3-70b-instruct,P3_strict_interchangeability,X_web_technology,jQuery,Web project engineers use jQuery.,True
llama70b__X_web_technology__19,llama70b,openrouter,meta-llama/llama-3.3-70b-instruct,P3_strict_interchangeability,X_web_technology,Next.js,Web project engineers use Next.js.,True
llama70b__X_web_technology__19,llama70b,openrouter,meta-llama/llama-3.3-70b-instruct,P3_strict_interchangeability,X_web_technology,Express,Web project engineers use Express.,True
llama70b__X_web_technology__20,llama70b,openrouter,meta-llama/llama-3.3-70b-instruct,P3_strict_interchangeability,X_web_technology,Node.js,The team creates web applications using Node.js.,True
llama70b__X_web_technology__20,llama70b,openrouter,meta-llama/llama-3.3-70b-instruct,P3_strict_interchangeability,X_web_technology,React,The team creates web applications using React.,True
llama70b__X_web_technology__20,llama70b,openrouter,meta-llama/llama-3.3-70b-instruct,P3_strict_interchangeability,X_web_technology,jQuery,The team creates web applications using jQuery.,True
llama70b__X_web_technology__20,llama70b,openrouter,meta-llama/llama-3.3-70b-instruct,P3_strict_interchangeability,X_web_technology,Next.js,The team creates web applications using Next.js.,True
llama70b__X_web_technology__20,llama70b,openrouter,meta-llama/llama-3.3-70b-instruct,P3_strict_interchangeability,X_web_technology,Express,The team creates web applications using Express.,True
llama70b__X_web_technology__21,llama70b,openrouter,meta-llama/llama-3.3-70b-instruct,P3_strict_interchangeability,X_web_technology,Node.js,Developers use Node.js to build web applications.,True
llama70b__X_web_technology__21,llama70b,openrouter,meta-llama/llama-3.3-70b-instruct,P3_strict_interchangeability,X_web_technology,React,Developers use React to build web applications.,True
llama70b__X_web_technology__21,llama70b,openrouter,meta-llama/llama-3.3-70b-instruct,P3_strict_interchangeability,X_web_technology,jQuery,Developers use jQuery to build web applications.,True
llama70b__X_web_technology__21,llama70b,openrouter,meta-llama/llama-3.3-70b-instruct,P3_strict_interchangeability,X_web_technology,Next.js,Developers use Next.js to build web applications.,True
llama70b__X_web_technology__21,llama70b,openrouter,meta-llama/llama-3.3-70b-instruct,P3_strict_interchangeability,X_web_technology,Express,Developers use Express to build web applications.,True
llama70b__X_web_technology__22,llama70b,openrouter,meta-llama/llama-3.3-70b-instruct,P3_strict_interchangeability,X_web_technology,Node.js,The application is developed using Node.js.,True
llama70b__X_web_technology__22,llama70b,openrouter,meta-llama/llama-3.3-70b-instruct,P3_strict_interchangeability,X_web_technology,React,The application is developed using React.,True
llama70b__X_web_technology__22,llama70b,openrouter,meta-llama/llama-3.3-70b-instruct,P3_strict_interchangeability,X_web_technology,jQuery,The application is developed using jQuery.,True
llama70b__X_web_technology__22,llama70b,openrouter,meta-llama/llama-3.3-70b-instruct,P3_strict_interchangeability,X_web_technology,Next.js,The application is developed using Next.js.,True
llama70b__X_web_technology__22,llama70b,openrouter,meta-llama/llama-3.3-70b-instruct,P3_strict_interchangeability,X_web_technology,Express,The application is developed using Express.,True
llama70b__X_web_technology__23,llama70b,openrouter,meta-llama/llama-3.3-70b-instruct,P3_strict_interchangeability,X_web_technology,Node.js,Web development engineers work with Node.js.,True
llama70b__X_web_technology__23,llama70b,openrouter,meta-llama/llama-3.3-70b-instruct,P3_strict_interchangeability,X_web_technology,React,Web development engineers work with React.,True
llama70b__X_web_technology__23,llama70b,openrouter,meta-llama/llama-3.3-70b-instruct,P3_strict_interchangeability,X_web_technology,jQuery,Web development engineers work with jQuery.,True
llama70b__X_web_technology__23,llama70b,openrouter,meta-llama/llama-3.3-70b-instruct,P3_strict_interchangeability,X_web_technology,Next.js,Web development engineers work with Next.js.,True
llama70b__X_web_technology__23,llama70b,openrouter,meta-llama/llama-3.3-70b-instruct,P3_strict_interchangeability,X_web_technology,Express,Web development engineers work with Express.,True
llama70b__X_web_technology__24,llama70b,openrouter,meta-llama/llama-3.3-70b-instruct,P3_strict_interchangeability,X_web_technology,Node.js,The web development team uses Node.js.,True
llama70b__X_web_technology__24,llama70b,openrouter,meta-llama/llama-3.3-70b-instruct,P3_strict_interchangeability,X_web_technology,React,The web development team uses React.,True
llama70b__X_web_technology__24,llama70b,openrouter,meta-llama/llama-3.3-70b-instruct,P3_strict_interchangeability,X_web_technology,jQuery,The web development team uses jQuery.,True
llama70b__X_web_technology__24,llama70b,openrouter,meta-llama/llama-3.3-70b-instruct,P3_strict_interchangeability,X_web_technology,Next.js,The web development team uses Next.js.,True
llama70b__X_web_technology__24,llama70b,openrouter,meta-llama/llama-3.3-70b-instruct,P3_strict_interchangeability,X_web_technology,Express,The web development team uses Express.,True
llama70b__X_web_technology__25,llama70b,openrouter,meta-llama/llama-3.3-70b-instruct,P3_strict_interchangeability,X_web_technology,Node.js,Engineers develop web applications using Node.js.,True
llama70b__X_web_technology__25,llama70b,openrouter,meta-llama/llama-3.3-70b-instruct,P3_strict_interchangeability,X_web_technology,React,Engineers develop web applications using React.,True
llama70b__X_web_technology__25,llama70b,openrouter,meta-llama/llama-3.3-70b-instruct,P3_strict_interchangeability,X_web_technology,jQuery,Engineers develop web applications using jQuery.,True
llama70b__X_web_technology__25,llama70b,openrouter,meta-llama/llama-3.3-70b-instruct,P3_strict_interchangeability,X_web_technology,Next.js,Engineers develop web applications using Next.js.,True
llama70b__X_web_technology__25,llama70b,openrouter,meta-llama/llama-3.3-70b-instruct,P3_strict_interchangeability,X_web_technology,Express,Engineers develop web applications using Express.,True
llama70b__X_ide__1,llama70b,openrouter,meta-llama/llama-3.3-70b-instruct,P3_strict_interchangeability,X_ide,Visual Studio Code,Developers work in Visual Studio Code daily.,True
llama70b__X_ide__1,llama70b,openrouter,meta-llama/llama-3.3-70b-instruct,P3_strict_interchangeability,X_ide,Visual Studio,Developers work in Visual Studio daily.,True
llama70b__X_ide__1,llama70b,openrouter,meta-llama/llama-3.3-70b-instruct,P3_strict_interchangeability,X_ide,Notepad++,Developers work in Notepad++ daily.,True
llama70b__X_ide__1,llama70b,openrouter,meta-llama/llama-3.3-70b-instruct,P3_strict_interchangeability,X_ide,IntelliJ IDEA,Developers work in IntelliJ IDEA daily.,True
llama70b__X_ide__1,llama70b,openrouter,meta-llama/llama-3.3-70b-instruct,P3_strict_interchangeability,X_ide,Vim,Developers work in Vim daily.,True
llama70b__X_ide__2,llama70b,openrouter,meta-llama/llama-3.3-70b-instruct,P3_strict_interchangeability,X_ide,Visual Studio Code,Engineers use Visual Studio Code to edit code.,True
llama70b__X_ide__2,llama70b,openrouter,meta-llama/llama-3.3-70b-instruct,P3_strict_interchangeability,X_ide,Visual Studio,Engineers use Visual Studio to edit code.,True
llama70b__X_ide__2,llama70b,openrouter,meta-llama/llama-3.3-70b-instruct,P3_strict_interchangeability,X_ide,Notepad++,Engineers use Notepad++ to edit code.,True
llama70b__X_ide__2,llama70b,openrouter,meta-llama/llama-3.3-70b-instruct,P3_strict_interchangeability,X_ide,IntelliJ IDEA,Engineers use IntelliJ IDEA to edit code.,True
llama70b__X_ide__2,llama70b,openrouter,meta-llama/llama-3.3-70b-instruct,P3_strict_interchangeability,X_ide,Vim,Engineers use Vim to edit code.,True
llama70b__X_ide__3,llama70b,openrouter,meta-llama/llama-3.3-70b-instruct,P3_strict_interchangeability,X_ide,Visual Studio Code,The team uses Visual Studio Code for development.,True
llama70b__X_ide__3,llama70b,openrouter,meta-llama/llama-3.3-70b-instruct,P3_strict_interchangeability,X_ide,Visual Studio,The team uses Visual Studio for development.,True
llama70b__X_ide__3,llama70b,openrouter,meta-llama/llama-3.3-70b-instruct,P3_strict_interchangeability,X_ide,Notepad++,The team uses Notepad++ for development.,True
llama70b__X_ide__3,llama70b,openrouter,meta-llama/llama-3.3-70b-instruct,P3_strict_interchangeability,X_ide,IntelliJ IDEA,The team uses IntelliJ IDEA for development.,True
llama70b__X_ide__3,llama70b,openrouter,meta-llama/llama-3.3-70b-instruct,P3_strict_interchangeability,X_ide,Vim,The team uses Vim for development.,True
llama70b__X_ide__4,llama70b,openrouter,meta-llama/llama-3.3-70b-instruct,P3_strict_interchangeability,X_ide,Visual Studio Code,Developers prefer Visual Studio Code for coding.,True
llama70b__X_ide__4,llama70b,openrouter,meta-llama/llama-3.3-70b-instruct,P3_strict_interchangeability,X_ide,Visual Studio,Developers prefer Visual Studio for coding.,True
llama70b__X_ide__4,llama70b,openrouter,meta-llama/llama-3.3-70b-instruct,P3_strict_interchangeability,X_ide,Notepad++,Developers prefer Notepad++ for coding.,True
llama70b__X_ide__4,llama70b,openrouter,meta-llama/llama-3.3-70b-instruct,P3_strict_interchangeability,X_ide,IntelliJ IDEA,Developers prefer IntelliJ IDEA for coding.,True
llama70b__X_ide__4,llama70b,openrouter,meta-llama/llama-3.3-70b-instruct,P3_strict_interchangeability,X_ide,Vim,Developers prefer Vim for coding.,True
llama70b__X_ide__5,llama70b,openrouter,meta-llama/llama-3.3-70b-instruct,P3_strict_interchangeability,X_ide,Visual Studio Code,Engineers develop software in Visual Studio Code.,True
llama70b__X_ide__5,llama70b,openrouter,meta-llama/llama-3.3-70b-instruct,P3_strict_interchangeability,X_ide,Visual Studio,Engineers develop software in Visual Studio.,True
llama70b__X_ide__5,llama70b,openrouter,meta-llama/llama-3.3-70b-instruct,P3_strict_interchangeability,X_ide,Notepad++,Engineers develop software in Notepad++.,True
llama70b__X_ide__5,llama70b,openrouter,meta-llama/llama-3.3-70b-instruct,P3_strict_interchangeability,X_ide,IntelliJ IDEA,Engineers develop software in IntelliJ IDEA.,True
llama70b__X_ide__5,llama70b,openrouter,meta-llama/llama-3.3-70b-instruct,P3_strict_interchangeability,X_ide,Vim,Engineers develop software in Vim.,True
llama70b__X_ide__6,llama70b,openrouter,meta-llama/llama-3.3-70b-instruct,P3_strict_interchangeability,X_ide,Visual Studio Code,The developer uses Visual Studio Code to write code.,True
llama70b__X_ide__6,llama70b,openrouter,meta-llama/llama-3.3-70b-instruct,P3_strict_interchangeability,X_ide,Visual Studio,The developer uses Visual Studio to write code.,True
llama70b__X_ide__6,llama70b,openrouter,meta-llama/llama-3.3-70b-instruct,P3_strict_interchangeability,X_ide,Notepad++,The developer uses Notepad++ to write code.,True
llama70b__X_ide__6,llama70b,openrouter,meta-llama/llama-3.3-70b-instruct,P3_strict_interchangeability,X_ide,IntelliJ IDEA,The developer uses IntelliJ IDEA to write code.,True
llama70b__X_ide__6,llama70b,openrouter,meta-llama/llama-3.3-70b-instruct,P3_strict_interchangeability,X_ide,Vim,The developer uses Vim to write code.,True
llama70b__X_ide__7,llama70b,openrouter,meta-llama/llama-3.3-70b-instruct,P3_strict_interchangeability,X_ide,Visual Studio Code,Developers use Visual Studio Code for their projects.,True
llama70b__X_ide__7,llama70b,openrouter,meta-llama/llama-3.3-70b-instruct,P3_strict_interchangeability,X_ide,Visual Studio,Developers use Visual Studio for their projects.,True
llama70b__X_ide__7,llama70b,openrouter,meta-llama/llama-3.3-70b-instruct,P3_strict_interchangeability,X_ide,Notepad++,Developers use Notepad++ for their projects.,True
llama70b__X_ide__7,llama70b,openrouter,meta-llama/llama-3.3-70b-instruct,P3_strict_interchangeability,X_ide,IntelliJ IDEA,Developers use IntelliJ IDEA for their projects.,True
llama70b__X_ide__7,llama70b,openrouter,meta-llama/llama-3.3-70b-instruct,P3_strict_interchangeability,X_ide,Vim,Developers use Vim for their projects.,True
llama70b__X_ide__8,llama70b,openrouter,meta-llama/llama-3.3-70b-instruct,P3_strict_interchangeability,X_ide,Visual Studio Code,The engineering team uses Visual Studio Code.,True
llama70b__X_ide__8,llama70b,openrouter,meta-llama/llama-3.3-70b-instruct,P3_strict_interchangeability,X_ide,Visual Studio,The engineering team uses Visual Studio.,True
llama70b__X_ide__8,llama70b,openrouter,meta-llama/llama-3.3-70b-instruct,P3_strict_interchangeability,X_ide,Notepad++,The engineering team uses Notepad++.,True
llama70b__X_ide__8,llama70b,openrouter,meta-llama/llama-3.3-70b-instruct,P3_strict_interchangeability,X_ide,IntelliJ IDEA,The engineering team uses IntelliJ IDEA.,True
llama70b__X_ide__8,llama70b,openrouter,meta-llama/llama-3.3-70b-instruct,P3_strict_interchangeability,X_ide,Vim,The engineering team uses Vim.,True
llama70b__X_ide__9,llama70b,openrouter,meta-llama/llama-3.3-70b-instruct,P3_strict_interchangeability,X_ide,Visual Studio Code,Software engineers work with Visual Studio Code.,True
llama70b__X_ide__9,llama70b,openrouter,meta-llama/llama-3.3-70b-instruct,P3_strict_interchangeability,X_ide,Visual Studio,Software engineers work with Visual Studio.,True
llama70b__X_ide__9,llama70b,openrouter,meta-llama/llama-3.3-70b-instruct,P3_strict_interchangeability,X_ide,Notepad++,Software engineers work with Notepad++.,True
llama70b__X_ide__9,llama70b,openrouter,meta-llama/llama-3.3-70b-instruct,P3_strict_interchangeability,X_ide,IntelliJ IDEA,Software engineers work with IntelliJ IDEA.,True
llama70b__X_ide__9,llama70b,openrouter,meta-llama/llama-3.3-70b-instruct,P3_strict_interchangeability,X_ide,Vim,Software engineers work with Vim.,True
llama70b__X_ide__10,llama70b,openrouter,meta-llama/llama-3.3-70b-instruct,P3_strict_interchangeability,X_ide,Visual Studio Code,Developers create software using Visual Studio Code.,True
llama70b__X_ide__10,llama70b,openrouter,meta-llama/llama-3.3-70b-instruct,P3_strict_interchangeability,X_ide,Visual Studio,Developers create software using Visual Studio.,True
llama70b__X_ide__10,llama70b,openrouter,meta-llama/llama-3.3-70b-instruct,P3_strict_interchangeability,X_ide,Notepad++,Developers create software using Notepad++.,True
llama70b__X_ide__10,llama70b,openrouter,meta-llama/llama-3.3-70b-instruct,P3_strict_interchangeability,X_ide,IntelliJ IDEA,Developers create software using IntelliJ IDEA.,True
llama70b__X_ide__10,llama70b,openrouter,meta-llama/llama-3.3-70b-instruct,P3_strict_interchangeability,X_ide,Vim,Developers create software using Vim.,True
llama70b__X_ide__11,llama70b,openrouter,meta-llama/llama-3.3-70b-instruct,P3_strict_interchangeability,X_ide,Visual Studio Code,The development team uses Visual Studio Code.,True
llama70b__X_ide__11,llama70b,openrouter,meta-llama/llama-3.3-70b-instruct,P3_strict_interchangeability,X_ide,Visual Studio,The development team uses Visual Studio.,True
llama70b__X_ide__11,llama70b,openrouter,meta-llama/llama-3.3-70b-instruct,P3_strict_interchangeability,X_ide,Notepad++,The development team uses Notepad++.,True
llama70b__X_ide__11,llama70b,openrouter,meta-llama/llama-3.3-70b-instruct,P3_strict_interchangeability,X_ide,IntelliJ IDEA,The development team uses IntelliJ IDEA.,True
llama70b__X_ide__11,llama70b,openrouter,meta-llama/llama-3.3-70b-instruct,P3_strict_interchangeability,X_ide,Vim,The development team uses Vim.,True
llama70b__X_ide__12,llama70b,openrouter,meta-llama/llama-3.3-70b-instruct,P3_strict_interchangeability,X_ide,Visual Studio Code,Engineers use Visual Studio Code for source-code editing.,True
llama70b__X_ide__12,llama70b,openrouter,meta-llama/llama-3.3-70b-instruct,P3_strict_interchangeability,X_ide,Visual Studio,Engineers use Visual Studio for source-code editing.,True
llama70b__X_ide__12,llama70b,openrouter,meta-llama/llama-3.3-70b-instruct,P3_strict_interchangeability,X_ide,Notepad++,Engineers use Notepad++ for source-code editing.,True
llama70b__X_ide__12,llama70b,openrouter,meta-llama/llama-3.3-70b-instruct,P3_strict_interchangeability,X_ide,IntelliJ IDEA,Engineers use IntelliJ IDEA for source-code editing.,True
llama70b__X_ide__12,llama70b,openrouter,meta-llama/llama-3.3-70b-instruct,P3_strict_interchangeability,X_ide,Vim,Engineers use Vim for source-code editing.,True
llama70b__X_ide__13,llama70b,openrouter,meta-llama/llama-3.3-70b-instruct,P3_strict_interchangeability,X_ide,Visual Studio Code,Developers edit project code in Visual Studio Code.,True
llama70b__X_ide__13,llama70b,openrouter,meta-llama/llama-3.3-70b-instruct,P3_strict_interchangeability,X_ide,Visual Studio,Developers edit project code in Visual Studio.,True
llama70b__X_ide__13,llama70b,openrouter,meta-llama/llama-3.3-70b-instruct,P3_strict_interchangeability,X_ide,Notepad++,Developers edit project code in Notepad++.,True
llama70b__X_ide__13,llama70b,openrouter,meta-llama/llama-3.3-70b-instruct,P3_strict_interchangeability,X_ide,IntelliJ IDEA,Developers edit project code in IntelliJ IDEA.,True
llama70b__X_ide__13,llama70b,openrouter,meta-llama/llama-3.3-70b-instruct,P3_strict_interchangeability,X_ide,Vim,Developers edit project code in Vim.,True
llama70b__X_ide__14,llama70b,openrouter,meta-llama/llama-3.3-70b-instruct,P3_strict_interchangeability,X_ide,Visual Studio Code,The team develops software with Visual Studio Code.,True
llama70b__X_ide__14,llama70b,openrouter,meta-llama/llama-3.3-70b-instruct,P3_strict_interchangeability,X_ide,Visual Studio,The team develops software with Visual Studio.,True
llama70b__X_ide__14,llama70b,openrouter,meta-llama/llama-3.3-70b-instruct,P3_strict_interchangeability,X_ide,Notepad++,The team develops software with Notepad++.,True
llama70b__X_ide__14,llama70b,openrouter,meta-llama/llama-3.3-70b-instruct,P3_strict_interchangeability,X_ide,IntelliJ IDEA,The team develops software with IntelliJ IDEA.,True
llama70b__X_ide__14,llama70b,openrouter,meta-llama/llama-3.3-70b-instruct,P3_strict_interchangeability,X_ide,Vim,The team develops software with Vim.,True
llama70b__X_ide__15,llama70b,openrouter,meta-llama/llama-3.3-70b-instruct,P3_strict_interchangeability,X_ide,Visual Studio Code,Engineers write code in Visual Studio Code.,True
llama70b__X_ide__15,llama70b,openrouter,meta-llama/llama-3.3-70b-instruct,P3_strict_interchangeability,X_ide,Visual Studio,Engineers write code in Visual Studio.,True
llama70b__X_ide__15,llama70b,openrouter,meta-llama/llama-3.3-70b-instruct,P3_strict_interchangeability,X_ide,Notepad++,Engineers write code in Notepad++.,True
llama70b__X_ide__15,llama70b,openrouter,meta-llama/llama-3.3-70b-instruct,P3_strict_interchangeability,X_ide,IntelliJ IDEA,Engineers write code in IntelliJ IDEA.,True
llama70b__X_ide__15,llama70b,openrouter,meta-llama/llama-3.3-70b-instruct,P3_strict_interchangeability,X_ide,Vim,Engineers write code in Vim.,True
llama70b__X_ide__16,llama70b,openrouter,meta-llama/llama-3.3-70b-instruct,P3_strict_interchangeability,X_ide,Visual Studio Code,Developers use Visual Studio Code for software development.,True
llama70b__X_ide__16,llama70b,openrouter,meta-llama/llama-3.3-70b-instruct,P3_strict_interchangeability,X_ide,Visual Studio,Developers use Visual Studio for software development.,True
llama70b__X_ide__16,llama70b,openrouter,meta-llama/llama-3.3-70b-instruct,P3_strict_interchangeability,X_ide,Notepad++,Developers use Notepad++ for software development.,True
llama70b__X_ide__16,llama70b,openrouter,meta-llama/llama-3.3-70b-instruct,P3_strict_interchangeability,X_ide,IntelliJ IDEA,Developers use IntelliJ IDEA for software development.,True
llama70b__X_ide__16,llama70b,openrouter,meta-llama/llama-3.3-70b-instruct,P3_strict_interchangeability,X_ide,Vim,Developers use Vim for software development.,True
llama70b__X_ide__17,llama70b,openrouter,meta-llama/llama-3.3-70b-instruct,P3_strict_interchangeability,X_ide,Visual Studio Code,The developer works in Visual Studio Code.,True
llama70b__X_ide__17,llama70b,openrouter,meta-llama/llama-3.3-70b-instruct,P3_strict_interchangeability,X_ide,Visual Studio,The developer works in Visual Studio.,True
llama70b__X_ide__17,llama70b,openrouter,meta-llama/llama-3.3-70b-instruct,P3_strict_interchangeability,X_ide,Notepad++,The developer works in Notepad++.,True
llama70b__X_ide__17,llama70b,openrouter,meta-llama/llama-3.3-70b-instruct,P3_strict_interchangeability,X_ide,IntelliJ IDEA,The developer works in IntelliJ IDEA.,True
llama70b__X_ide__17,llama70b,openrouter,meta-llama/llama-3.3-70b-instruct,P3_strict_interchangeability,X_ide,Vim,The developer works in Vim.,True
llama70b__X_ide__18,llama70b,openrouter,meta-llama/llama-3.3-70b-instruct,P3_strict_interchangeability,X_ide,Visual Studio Code,The engineering team develops in Visual Studio Code.,True
llama70b__X_ide__18,llama70b,openrouter,meta-llama/llama-3.3-70b-instruct,P3_strict_interchangeability,X_ide,Visual Studio,The engineering team develops in Visual Studio.,True
llama70b__X_ide__18,llama70b,openrouter,meta-llama/llama-3.3-70b-instruct,P3_strict_interchangeability,X_ide,Notepad++,The engineering team develops in Notepad++.,True
llama70b__X_ide__18,llama70b,openrouter,meta-llama/llama-3.3-70b-instruct,P3_strict_interchangeability,X_ide,IntelliJ IDEA,The engineering team develops in IntelliJ IDEA.,True
llama70b__X_ide__18,llama70b,openrouter,meta-llama/llama-3.3-70b-instruct,P3_strict_interchangeability,X_ide,Vim,The engineering team develops in Vim.,True
llama70b__X_ide__19,llama70b,openrouter,meta-llama/llama-3.3-70b-instruct,P3_strict_interchangeability,X_ide,Visual Studio Code,Developers code in Visual Studio Code daily.,True
llama70b__X_ide__19,llama70b,openrouter,meta-llama/llama-3.3-70b-instruct,P3_strict_interchangeability,X_ide,Visual Studio,Developers code in Visual Studio daily.,True
llama70b__X_ide__19,llama70b,openrouter,meta-llama/llama-3.3-70b-instruct,P3_strict_interchangeability,X_ide,Notepad++,Developers code in Notepad++ daily.,True
llama70b__X_ide__19,llama70b,openrouter,meta-llama/llama-3.3-70b-instruct,P3_strict_interchangeability,X_ide,IntelliJ IDEA,Developers code in IntelliJ IDEA daily.,True
llama70b__X_ide__19,llama70b,openrouter,meta-llama/llama-3.3-70b-instruct,P3_strict_interchangeability,X_ide,Vim,Developers code in Vim daily.,True
llama70b__X_ide__20,llama70b,openrouter,meta-llama/llama-3.3-70b-instruct,P3_strict_interchangeability,X_ide,Visual Studio Code,Engineers use Visual Studio Code for coding tasks.,True
llama70b__X_ide__20,llama70b,openrouter,meta-llama/llama-3.3-70b-instruct,P3_strict_interchangeability,X_ide,Visual Studio,Engineers use Visual Studio for coding tasks.,True
llama70b__X_ide__20,llama70b,openrouter,meta-llama/llama-3.3-70b-instruct,P3_strict_interchangeability,X_ide,Notepad++,Engineers use Notepad++ for coding tasks.,True
llama70b__X_ide__20,llama70b,openrouter,meta-llama/llama-3.3-70b-instruct,P3_strict_interchangeability,X_ide,IntelliJ IDEA,Engineers use IntelliJ IDEA for coding tasks.,True
llama70b__X_ide__20,llama70b,openrouter,meta-llama/llama-3.3-70b-instruct,P3_strict_interchangeability,X_ide,Vim,Engineers use Vim for coding tasks.,True
llama70b__X_ide__21,llama70b,openrouter,meta-llama/llama-3.3-70b-instruct,P3_strict_interchangeability,X_ide,Visual Studio Code,The development team works in Visual Studio Code.,True
llama70b__X_ide__21,llama70b,openrouter,meta-llama/llama-3.3-70b-instruct,P3_strict_interchangeability,X_ide,Visual Studio,The development team works in Visual Studio.,True
llama70b__X_ide__21,llama70b,openrouter,meta-llama/llama-3.3-70b-instruct,P3_strict_interchangeability,X_ide,Notepad++,The development team works in Notepad++.,True
llama70b__X_ide__21,llama70b,openrouter,meta-llama/llama-3.3-70b-instruct,P3_strict_interchangeability,X_ide,IntelliJ IDEA,The development team works in IntelliJ IDEA.,True
llama70b__X_ide__21,llama70b,openrouter,meta-llama/llama-3.3-70b-instruct,P3_strict_interchangeability,X_ide,Vim,The development team works in Vim.,True
llama70b__X_ide__22,llama70b,openrouter,meta-llama/llama-3.3-70b-instruct,P3_strict_interchangeability,X_ide,Visual Studio Code,Developers prefer working in Visual Studio Code.,True
llama70b__X_ide__22,llama70b,openrouter,meta-llama/llama-3.3-70b-instruct,P3_strict_interchangeability,X_ide,Visual Studio,Developers prefer working in Visual Studio.,True
llama70b__X_ide__22,llama70b,openrouter,meta-llama/llama-3.3-70b-instruct,P3_strict_interchangeability,X_ide,Notepad++,Developers prefer working in Notepad++.,True
llama70b__X_ide__22,llama70b,openrouter,meta-llama/llama-3.3-70b-instruct,P3_strict_interchangeability,X_ide,IntelliJ IDEA,Developers prefer working in IntelliJ IDEA.,True
llama70b__X_ide__22,llama70b,openrouter,meta-llama/llama-3.3-70b-instruct,P3_strict_interchangeability,X_ide,Vim,Developers prefer working in Vim.,True
llama70b__X_ide__23,llama70b,openrouter,meta-llama/llama-3.3-70b-instruct,P3_strict_interchangeability,X_ide,Visual Studio Code,Engineers develop in Visual Studio Code.,False
llama70b__X_ide__23,llama70b,openrouter,meta-llama/llama-3.3-70b-instruct,P3_strict_interchangeability,X_ide,Visual Studio,Engineers develop in Visual Studio.,False
llama70b__X_ide__23,llama70b,openrouter,meta-llama/llama-3.3-70b-instruct,P3_strict_interchangeability,X_ide,Notepad++,Engineers develop in Notepad++.,False
llama70b__X_ide__23,llama70b,openrouter,meta-llama/llama-3.3-70b-instruct,P3_strict_interchangeability,X_ide,IntelliJ IDEA,Engineers develop in IntelliJ IDEA.,False
llama70b__X_ide__23,llama70b,openrouter,meta-llama/llama-3.3-70b-instruct,P3_strict_interchangeability,X_ide,Vim,Engineers develop in Vim.,False
llama70b__X_ide__24,llama70b,openrouter,meta-llama/llama-3.3-70b-instruct,P3_strict_interchangeability,X_ide,Visual Studio Code,The team edits code in Visual Studio Code.,True
llama70b__X_ide__24,llama70b,openrouter,meta-llama/llama-3.3-70b-instruct,P3_strict_interchangeability,X_ide,Visual Studio,The team edits code in Visual Studio.,True
llama70b__X_ide__24,llama70b,openrouter,meta-llama/llama-3.3-70b-instruct,P3_strict_interchangeability,X_ide,Notepad++,The team edits code in Notepad++.,True
llama70b__X_ide__24,llama70b,openrouter,meta-llama/llama-3.3-70b-instruct,P3_strict_interchangeability,X_ide,IntelliJ IDEA,The team edits code in IntelliJ IDEA.,True
llama70b__X_ide__24,llama70b,openrouter,meta-llama/llama-3.3-70b-instruct,P3_strict_interchangeability,X_ide,Vim,The team edits code in Vim.,True
llama70b__X_ide__25,llama70b,openrouter,meta-llama/llama-3.3-70b-instruct,P3_strict_interchangeability,X_ide,Visual Studio Code,Developers create projects using Visual Studio Code.,True
llama70b__X_ide__25,llama70b,openrouter,meta-llama/llama-3.3-70b-instruct,P3_strict_interchangeability,X_ide,Visual Studio,Developers create projects using Visual Studio.,True
llama70b__X_ide__25,llama70b,openrouter,meta-llama/llama-3.3-70b-instruct,P3_strict_interchangeability,X_ide,Notepad++,Developers create projects using Notepad++.,True
llama70b__X_ide__25,llama70b,openrouter,meta-llama/llama-3.3-70b-instruct,P3_strict_interchangeability,X_ide,IntelliJ IDEA,Developers create projects using IntelliJ IDEA.,True
llama70b__X_ide__25,llama70b,openrouter,meta-llama/llama-3.3-70b-instruct,P3_strict_interchangeability,X_ide,Vim,Developers create projects using Vim.,True
