frame_id,model_alias,provider,model,prompt_id,category,technology,sentence,auto_accept
mistral__L1_physical__1,mistral,mistral,mistral-large-2512,P3_strict_interchangeability,L1_physical,USB,The servers connect using USB.,True
mistral__L1_physical__1,mistral,mistral,mistral-large-2512,P3_strict_interchangeability,L1_physical,Ethernet,The servers connect using Ethernet.,True
mistral__L1_physical__1,mistral,mistral,mistral-large-2512,P3_strict_interchangeability,L1_physical,Bluetooth,The servers connect using Bluetooth.,True
mistral__L1_physical__1,mistral,mistral,mistral-large-2512,P3_strict_interchangeability,L1_physical,NPC,The servers connect using NPC.,True
mistral__L1_physical__2,mistral,mistral,mistral-large-2512,P3_strict_interchangeability,L1_physical,USB,Hardware communicates through USB.,False
mistral__L1_physical__2,mistral,mistral,mistral-large-2512,P3_strict_interchangeability,L1_physical,Ethernet,Hardware communicates through Ethernet.,False
mistral__L1_physical__2,mistral,mistral,mistral-large-2512,P3_strict_interchangeability,L1_physical,Bluetooth,Hardware communicates through Bluetooth.,False
mistral__L1_physical__2,mistral,mistral,mistral-large-2512,P3_strict_interchangeability,L1_physical,NPC,Hardware communicates through NPC.,False
mistral__L1_physical__3,mistral,mistral,mistral-large-2512,P3_strict_interchangeability,L1_physical,USB,The system relies on USB for connectivity.,True
mistral__L1_physical__3,mistral,mistral,mistral-large-2512,P3_strict_interchangeability,L1_physical,Ethernet,The system relies on Ethernet for connectivity.,True
mistral__L1_physical__3,mistral,mistral,mistral-large-2512,P3_strict_interchangeability,L1_physical,Bluetooth,The system relies on Bluetooth for connectivity.,True
mistral__L1_physical__3,mistral,mistral,mistral-large-2512,P3_strict_interchangeability,L1_physical,NPC,The system relies on NPC for connectivity.,True
mistral__L1_physical__4,mistral,mistral,mistral-large-2512,P3_strict_interchangeability,L1_physical,USB,Devices transmit data over USB.,True
mistral__L1_physical__4,mistral,mistral,mistral-large-2512,P3_strict_interchangeability,L1_physical,Ethernet,Devices transmit data over Ethernet.,True
mistral__L1_physical__4,mistral,mistral,mistral-large-2512,P3_strict_interchangeability,L1_physical,Bluetooth,Devices transmit data over Bluetooth.,True
mistral__L1_physical__4,mistral,mistral,mistral-large-2512,P3_strict_interchangeability,L1_physical,NPC,Devices transmit data over NPC.,True
mistral__L1_physical__5,mistral,mistral,mistral-large-2512,P3_strict_interchangeability,L1_physical,USB,Equipment interfaces via USB.,False
mistral__L1_physical__5,mistral,mistral,mistral-large-2512,P3_strict_interchangeability,L1_physical,Ethernet,Equipment interfaces via Ethernet.,False
mistral__L1_physical__5,mistral,mistral,mistral-large-2512,P3_strict_interchangeability,L1_physical,Bluetooth,Equipment interfaces via Bluetooth.,False
mistral__L1_physical__5,mistral,mistral,mistral-large-2512,P3_strict_interchangeability,L1_physical,NPC,Equipment interfaces via NPC.,False
mistral__L1_physical__6,mistral,mistral,mistral-large-2512,P3_strict_interchangeability,L1_physical,USB,Machines link together with USB.,True
mistral__L1_physical__6,mistral,mistral,mistral-large-2512,P3_strict_interchangeability,L1_physical,Ethernet,Machines link together with Ethernet.,True
mistral__L1_physical__6,mistral,mistral,mistral-large-2512,P3_strict_interchangeability,L1_physical,Bluetooth,Machines link together with Bluetooth.,True
mistral__L1_physical__6,mistral,mistral,mistral-large-2512,P3_strict_interchangeability,L1_physical,NPC,Machines link together with NPC.,True
mistral__L1_physical__7,mistral,mistral,mistral-large-2512,P3_strict_interchangeability,L1_physical,USB,The rackmount units use USB for networking.,True
mistral__L1_physical__7,mistral,mistral,mistral-large-2512,P3_strict_interchangeability,L1_physical,Ethernet,The rackmount units use Ethernet for networking.,True
mistral__L1_physical__7,mistral,mistral,mistral-large-2512,P3_strict_interchangeability,L1_physical,Bluetooth,The rackmount units use Bluetooth for networking.,True
mistral__L1_physical__7,mistral,mistral,mistral-large-2512,P3_strict_interchangeability,L1_physical,NPC,The rackmount units use NPC for networking.,True
mistral__L1_physical__8,mistral,mistral,mistral-large-2512,P3_strict_interchangeability,L1_physical,USB,Peripheral devices plug into USB.,True
mistral__L1_physical__8,mistral,mistral,mistral-large-2512,P3_strict_interchangeability,L1_physical,Ethernet,Peripheral devices plug into Ethernet.,True
mistral__L1_physical__8,mistral,mistral,mistral-large-2512,P3_strict_interchangeability,L1_physical,Bluetooth,Peripheral devices plug into Bluetooth.,True
mistral__L1_physical__8,mistral,mistral,mistral-large-2512,P3_strict_interchangeability,L1_physical,NPC,Peripheral devices plug into NPC.,True
mistral__L1_physical__9,mistral,mistral,mistral-large-2512,P3_strict_interchangeability,L1_physical,USB,The cluster nodes communicate over USB.,True
mistral__L1_physical__9,mistral,mistral,mistral-large-2512,P3_strict_interchangeability,L1_physical,Ethernet,The cluster nodes communicate over Ethernet.,True
mistral__L1_physical__9,mistral,mistral,mistral-large-2512,P3_strict_interchangeability,L1_physical,Bluetooth,The cluster nodes communicate over Bluetooth.,True
mistral__L1_physical__9,mistral,mistral,mistral-large-2512,P3_strict_interchangeability,L1_physical,NPC,The cluster nodes communicate over NPC.,True
mistral__L1_physical__10,mistral,mistral,mistral-large-2512,P3_strict_interchangeability,L1_physical,USB,Workstations connect through USB.,False
mistral__L1_physical__10,mistral,mistral,mistral-large-2512,P3_strict_interchangeability,L1_physical,Ethernet,Workstations connect through Ethernet.,False
mistral__L1_physical__10,mistral,mistral,mistral-large-2512,P3_strict_interchangeability,L1_physical,Bluetooth,Workstations connect through Bluetooth.,False
mistral__L1_physical__10,mistral,mistral,mistral-large-2512,P3_strict_interchangeability,L1_physical,NPC,Workstations connect through NPC.,False
mistral__L1_physical__11,mistral,mistral,mistral-large-2512,P3_strict_interchangeability,L1_physical,USB,The blade servers use USB for backplane communication.,True
mistral__L1_physical__11,mistral,mistral,mistral-large-2512,P3_strict_interchangeability,L1_physical,Ethernet,The blade servers use Ethernet for backplane communication.,True
mistral__L1_physical__11,mistral,mistral,mistral-large-2512,P3_strict_interchangeability,L1_physical,Bluetooth,The blade servers use Bluetooth for backplane communication.,True
mistral__L1_physical__11,mistral,mistral,mistral-large-2512,P3_strict_interchangeability,L1_physical,NPC,The blade servers use NPC for backplane communication.,True
mistral__L1_physical__12,mistral,mistral,mistral-large-2512,P3_strict_interchangeability,L1_physical,USB,Networked hardware synchronizes via USB.,True
mistral__L1_physical__12,mistral,mistral,mistral-large-2512,P3_strict_interchangeability,L1_physical,Ethernet,Networked hardware synchronizes via Ethernet.,True
mistral__L1_physical__12,mistral,mistral,mistral-large-2512,P3_strict_interchangeability,L1_physical,Bluetooth,Networked hardware synchronizes via Bluetooth.,True
mistral__L1_physical__12,mistral,mistral,mistral-large-2512,P3_strict_interchangeability,L1_physical,NPC,Networked hardware synchronizes via NPC.,True
mistral__L1_physical__13,mistral,mistral,mistral-large-2512,P3_strict_interchangeability,L1_physical,USB,The data center equipment uses USB for interconnection.,True
mistral__L1_physical__13,mistral,mistral,mistral-large-2512,P3_strict_interchangeability,L1_physical,Ethernet,The data center equipment uses Ethernet for interconnection.,True
mistral__L1_physical__13,mistral,mistral,mistral-large-2512,P3_strict_interchangeability,L1_physical,Bluetooth,The data center equipment uses Bluetooth for interconnection.,True
mistral__L1_physical__13,mistral,mistral,mistral-large-2512,P3_strict_interchangeability,L1_physical,NPC,The data center equipment uses NPC for interconnection.,True
mistral__L1_physical__14,mistral,mistral,mistral-large-2512,P3_strict_interchangeability,L1_physical,USB,Embedded systems interface using USB.,True
mistral__L1_physical__14,mistral,mistral,mistral-large-2512,P3_strict_interchangeability,L1_physical,Ethernet,Embedded systems interface using Ethernet.,True
mistral__L1_physical__14,mistral,mistral,mistral-large-2512,P3_strict_interchangeability,L1_physical,Bluetooth,Embedded systems interface using Bluetooth.,True
mistral__L1_physical__14,mistral,mistral,mistral-large-2512,P3_strict_interchangeability,L1_physical,NPC,Embedded systems interface using NPC.,True
mistral__L1_physical__15,mistral,mistral,mistral-large-2512,P3_strict_interchangeability,L1_physical,USB,The test rigs transmit signals over USB.,True
mistral__L1_physical__15,mistral,mistral,mistral-large-2512,P3_strict_interchangeability,L1_physical,Ethernet,The test rigs transmit signals over Ethernet.,True
mistral__L1_physical__15,mistral,mistral,mistral-large-2512,P3_strict_interchangeability,L1_physical,Bluetooth,The test rigs transmit signals over Bluetooth.,True
mistral__L1_physical__15,mistral,mistral,mistral-large-2512,P3_strict_interchangeability,L1_physical,NPC,The test rigs transmit signals over NPC.,True
mistral__L1_physical__16,mistral,mistral,mistral-large-2512,P3_strict_interchangeability,L1_physical,USB,Industrial machines communicate through USB.,True
mistral__L1_physical__16,mistral,mistral,mistral-large-2512,P3_strict_interchangeability,L1_physical,Ethernet,Industrial machines communicate through Ethernet.,True
mistral__L1_physical__16,mistral,mistral,mistral-large-2512,P3_strict_interchangeability,L1_physical,Bluetooth,Industrial machines communicate through Bluetooth.,True
mistral__L1_physical__16,mistral,mistral,mistral-large-2512,P3_strict_interchangeability,L1_physical,NPC,Industrial machines communicate through NPC.,True
mistral__L1_physical__17,mistral,mistral,mistral-large-2512,P3_strict_interchangeability,L1_physical,USB,The telemetry devices use USB for data transfer.,True
mistral__L1_physical__17,mistral,mistral,mistral-large-2512,P3_strict_interchangeability,L1_physical,Ethernet,The telemetry devices use Ethernet for data transfer.,True
mistral__L1_physical__17,mistral,mistral,mistral-large-2512,P3_strict_interchangeability,L1_physical,Bluetooth,The telemetry devices use Bluetooth for data transfer.,True
mistral__L1_physical__17,mistral,mistral,mistral-large-2512,P3_strict_interchangeability,L1_physical,NPC,The telemetry devices use NPC for data transfer.,True
mistral__L1_physical__18,mistral,mistral,mistral-large-2512,P3_strict_interchangeability,L1_physical,USB,Servers in the cabinet link via USB.,True
mistral__L1_physical__18,mistral,mistral,mistral-large-2512,P3_strict_interchangeability,L1_physical,Ethernet,Servers in the cabinet link via Ethernet.,True
mistral__L1_physical__18,mistral,mistral,mistral-large-2512,P3_strict_interchangeability,L1_physical,Bluetooth,Servers in the cabinet link via Bluetooth.,True
mistral__L1_physical__18,mistral,mistral,mistral-large-2512,P3_strict_interchangeability,L1_physical,NPC,Servers in the cabinet link via NPC.,True
mistral__L1_physical__19,mistral,mistral,mistral-large-2512,P3_strict_interchangeability,L1_physical,USB,The lab equipment connects using USB.,True
mistral__L1_physical__19,mistral,mistral,mistral-large-2512,P3_strict_interchangeability,L1_physical,Ethernet,The lab equipment connects using Ethernet.,True
mistral__L1_physical__19,mistral,mistral,mistral-large-2512,P3_strict_interchangeability,L1_physical,Bluetooth,The lab equipment connects using Bluetooth.,True
mistral__L1_physical__19,mistral,mistral,mistral-large-2512,P3_strict_interchangeability,L1_physical,NPC,The lab equipment connects using NPC.,True
mistral__L1_physical__20,mistral,mistral,mistral-large-2512,P3_strict_interchangeability,L1_physical,USB,High-performance hardware communicates over USB.,True
mistral__L1_physical__20,mistral,mistral,mistral-large-2512,P3_strict_interchangeability,L1_physical,Ethernet,High-performance hardware communicates over Ethernet.,True
mistral__L1_physical__20,mistral,mistral,mistral-large-2512,P3_strict_interchangeability,L1_physical,Bluetooth,High-performance hardware communicates over Bluetooth.,True
mistral__L1_physical__20,mistral,mistral,mistral-large-2512,P3_strict_interchangeability,L1_physical,NPC,High-performance hardware communicates over NPC.,True
mistral__L1_physical__21,mistral,mistral,mistral-large-2512,P3_strict_interchangeability,L1_physical,USB,The edge devices use USB for physical links.,True
mistral__L1_physical__21,mistral,mistral,mistral-large-2512,P3_strict_interchangeability,L1_physical,Ethernet,The edge devices use Ethernet for physical links.,True
mistral__L1_physical__21,mistral,mistral,mistral-large-2512,P3_strict_interchangeability,L1_physical,Bluetooth,The edge devices use Bluetooth for physical links.,True
mistral__L1_physical__21,mistral,mistral,mistral-large-2512,P3_strict_interchangeability,L1_physical,NPC,The edge devices use NPC for physical links.,True
mistral__L1_physical__22,mistral,mistral,mistral-large-2512,P3_strict_interchangeability,L1_physical,USB,Modular systems interconnect through USB.,True
mistral__L1_physical__22,mistral,mistral,mistral-large-2512,P3_strict_interchangeability,L1_physical,Ethernet,Modular systems interconnect through Ethernet.,True
mistral__L1_physical__22,mistral,mistral,mistral-large-2512,P3_strict_interchangeability,L1_physical,Bluetooth,Modular systems interconnect through Bluetooth.,True
mistral__L1_physical__22,mistral,mistral,mistral-large-2512,P3_strict_interchangeability,L1_physical,NPC,Modular systems interconnect through NPC.,True
mistral__L1_physical__23,mistral,mistral,mistral-large-2512,P3_strict_interchangeability,L1_physical,USB,The IoT nodes transmit data via USB.,True
mistral__L1_physical__23,mistral,mistral,mistral-large-2512,P3_strict_interchangeability,L1_physical,Ethernet,The IoT nodes transmit data via Ethernet.,True
mistral__L1_physical__23,mistral,mistral,mistral-large-2512,P3_strict_interchangeability,L1_physical,Bluetooth,The IoT nodes transmit data via Bluetooth.,True
mistral__L1_physical__23,mistral,mistral,mistral-large-2512,P3_strict_interchangeability,L1_physical,NPC,The IoT nodes transmit data via NPC.,True
mistral__L1_physical__24,mistral,mistral,mistral-large-2512,P3_strict_interchangeability,L1_physical,USB,Ruggedized hardware uses USB for field connectivity.,True
mistral__L1_physical__24,mistral,mistral,mistral-large-2512,P3_strict_interchangeability,L1_physical,Ethernet,Ruggedized hardware uses Ethernet for field connectivity.,True
mistral__L1_physical__24,mistral,mistral,mistral-large-2512,P3_strict_interchangeability,L1_physical,Bluetooth,Ruggedized hardware uses Bluetooth for field connectivity.,True
mistral__L1_physical__24,mistral,mistral,mistral-large-2512,P3_strict_interchangeability,L1_physical,NPC,Ruggedized hardware uses NPC for field connectivity.,True
mistral__L1_physical__25,mistral,mistral,mistral-large-2512,P3_strict_interchangeability,L1_physical,USB,The compute nodes communicate using USB.,True
mistral__L1_physical__25,mistral,mistral,mistral-large-2512,P3_strict_interchangeability,L1_physical,Ethernet,The compute nodes communicate using Ethernet.,True
mistral__L1_physical__25,mistral,mistral,mistral-large-2512,P3_strict_interchangeability,L1_physical,Bluetooth,The compute nodes communicate using Bluetooth.,True
mistral__L1_physical__25,mistral,mistral,mistral-large-2512,P3_strict_interchangeability,L1_physical,NPC,The compute nodes communicate using NPC.,True
mistral__L2_data_link__1,mistral,mistral,mistral-large-2512,P3_strict_interchangeability,L2_data_link,HDLC,Network devices communicate over HDLC.,True
mistral__L2_data_link__1,mistral,mistral,mistral-large-2512,P3_strict_interchangeability,L2_data_link,Ethernet,Network devices communicate over Ethernet.,True
mistral__L2_data_link__1,mistral,mistral,mistral-large-2512,P3_strict_interchangeability,L2_data_link,Wi-Fi,Network devices communicate over Wi-Fi.,True
mistral__L2_data_link__1,mistral,mistral,mistral-large-2512,P3_strict_interchangeability,L2_data_link,PPP,Network devices communicate over PPP.,True
mistral__L2_data_link__2,mistral,mistral,mistral-large-2512,P3_strict_interchangeability,L2_data_link,HDLC,Hosts connect using HDLC for local traffic.,True
mistral__L2_data_link__2,mistral,mistral,mistral-large-2512,P3_strict_interchangeability,L2_data_link,Ethernet,Hosts connect using Ethernet for local traffic.,True
mistral__L2_data_link__2,mistral,mistral,mistral-large-2512,P3_strict_interchangeability,L2_data_link,Wi-Fi,Hosts connect using Wi-Fi for local traffic.,True
mistral__L2_data_link__2,mistral,mistral,mistral-large-2512,P3_strict_interchangeability,L2_data_link,PPP,Hosts connect using PPP for local traffic.,True
mistral__L2_data_link__3,mistral,mistral,mistral-large-2512,P3_strict_interchangeability,L2_data_link,HDLC,Nodes exchange frames via HDLC.,True
mistral__L2_data_link__3,mistral,mistral,mistral-large-2512,P3_strict_interchangeability,L2_data_link,Ethernet,Nodes exchange frames via Ethernet.,True
mistral__L2_data_link__3,mistral,mistral,mistral-large-2512,P3_strict_interchangeability,L2_data_link,Wi-Fi,Nodes exchange frames via Wi-Fi.,True
mistral__L2_data_link__3,mistral,mistral,mistral-large-2512,P3_strict_interchangeability,L2_data_link,PPP,Nodes exchange frames via PPP.,True
mistral__L2_data_link__4,mistral,mistral,mistral-large-2512,P3_strict_interchangeability,L2_data_link,HDLC,Systems rely on HDLC for link-layer communication.,True
mistral__L2_data_link__4,mistral,mistral,mistral-large-2512,P3_strict_interchangeability,L2_data_link,Ethernet,Systems rely on Ethernet for link-layer communication.,True
mistral__L2_data_link__4,mistral,mistral,mistral-large-2512,P3_strict_interchangeability,L2_data_link,Wi-Fi,Systems rely on Wi-Fi for link-layer communication.,True
mistral__L2_data_link__4,mistral,mistral,mistral-large-2512,P3_strict_interchangeability,L2_data_link,PPP,Systems rely on PPP for link-layer communication.,True
mistral__L2_data_link__5,mistral,mistral,mistral-large-2512,P3_strict_interchangeability,L2_data_link,HDLC,Devices transmit data over HDLC.,True
mistral__L2_data_link__5,mistral,mistral,mistral-large-2512,P3_strict_interchangeability,L2_data_link,Ethernet,Devices transmit data over Ethernet.,True
mistral__L2_data_link__5,mistral,mistral,mistral-large-2512,P3_strict_interchangeability,L2_data_link,Wi-Fi,Devices transmit data over Wi-Fi.,True
mistral__L2_data_link__5,mistral,mistral,mistral-large-2512,P3_strict_interchangeability,L2_data_link,PPP,Devices transmit data over PPP.,True
mistral__L2_data_link__6,mistral,mistral,mistral-large-2512,P3_strict_interchangeability,L2_data_link,HDLC,The network uses HDLC for local connectivity.,True
mistral__L2_data_link__6,mistral,mistral,mistral-large-2512,P3_strict_interchangeability,L2_data_link,Ethernet,The network uses Ethernet for local connectivity.,True
mistral__L2_data_link__6,mistral,mistral,mistral-large-2512,P3_strict_interchangeability,L2_data_link,Wi-Fi,The network uses Wi-Fi for local connectivity.,True
mistral__L2_data_link__6,mistral,mistral,mistral-large-2512,P3_strict_interchangeability,L2_data_link,PPP,The network uses PPP for local connectivity.,True
mistral__L2_data_link__7,mistral,mistral,mistral-large-2512,P3_strict_interchangeability,L2_data_link,HDLC,Hosts interact directly through HDLC.,True
mistral__L2_data_link__7,mistral,mistral,mistral-large-2512,P3_strict_interchangeability,L2_data_link,Ethernet,Hosts interact directly through Ethernet.,True
mistral__L2_data_link__7,mistral,mistral,mistral-large-2512,P3_strict_interchangeability,L2_data_link,Wi-Fi,Hosts interact directly through Wi-Fi.,True
mistral__L2_data_link__7,mistral,mistral,mistral-large-2512,P3_strict_interchangeability,L2_data_link,PPP,Hosts interact directly through PPP.,True
mistral__L2_data_link__8,mistral,mistral,mistral-large-2512,P3_strict_interchangeability,L2_data_link,HDLC,Nodes forward packets using HDLC.,True
mistral__L2_data_link__8,mistral,mistral,mistral-large-2512,P3_strict_interchangeability,L2_data_link,Ethernet,Nodes forward packets using Ethernet.,True
mistral__L2_data_link__8,mistral,mistral,mistral-large-2512,P3_strict_interchangeability,L2_data_link,Wi-Fi,Nodes forward packets using Wi-Fi.,True
mistral__L2_data_link__8,mistral,mistral,mistral-large-2512,P3_strict_interchangeability,L2_data_link,PPP,Nodes forward packets using PPP.,True
mistral__L2_data_link__9,mistral,mistral,mistral-large-2512,P3_strict_interchangeability,L2_data_link,HDLC,Systems communicate at the link layer with HDLC.,True
mistral__L2_data_link__9,mistral,mistral,mistral-large-2512,P3_strict_interchangeability,L2_data_link,Ethernet,Systems communicate at the link layer with Ethernet.,True
mistral__L2_data_link__9,mistral,mistral,mistral-large-2512,P3_strict_interchangeability,L2_data_link,Wi-Fi,Systems communicate at the link layer with Wi-Fi.,True
mistral__L2_data_link__9,mistral,mistral,mistral-large-2512,P3_strict_interchangeability,L2_data_link,PPP,Systems communicate at the link layer with PPP.,True
mistral__L2_data_link__10,mistral,mistral,mistral-large-2512,P3_strict_interchangeability,L2_data_link,HDLC,Devices coordinate over HDLC.,False
mistral__L2_data_link__10,mistral,mistral,mistral-large-2512,P3_strict_interchangeability,L2_data_link,Ethernet,Devices coordinate over Ethernet.,False
mistral__L2_data_link__10,mistral,mistral,mistral-large-2512,P3_strict_interchangeability,L2_data_link,Wi-Fi,Devices coordinate over Wi-Fi.,False
mistral__L2_data_link__10,mistral,mistral,mistral-large-2512,P3_strict_interchangeability,L2_data_link,PPP,Devices coordinate over PPP.,False
mistral__L2_data_link__11,mistral,mistral,mistral-large-2512,P3_strict_interchangeability,L2_data_link,HDLC,The local network operates on HDLC.,True
mistral__L2_data_link__11,mistral,mistral,mistral-large-2512,P3_strict_interchangeability,L2_data_link,Ethernet,The local network operates on Ethernet.,True
mistral__L2_data_link__11,mistral,mistral,mistral-large-2512,P3_strict_interchangeability,L2_data_link,Wi-Fi,The local network operates on Wi-Fi.,True
mistral__L2_data_link__11,mistral,mistral,mistral-large-2512,P3_strict_interchangeability,L2_data_link,PPP,The local network operates on PPP.,True
mistral__L2_data_link__12,mistral,mistral,mistral-large-2512,P3_strict_interchangeability,L2_data_link,HDLC,Hosts share resources using HDLC.,True
mistral__L2_data_link__12,mistral,mistral,mistral-large-2512,P3_strict_interchangeability,L2_data_link,Ethernet,Hosts share resources using Ethernet.,True
mistral__L2_data_link__12,mistral,mistral,mistral-large-2512,P3_strict_interchangeability,L2_data_link,Wi-Fi,Hosts share resources using Wi-Fi.,True
mistral__L2_data_link__12,mistral,mistral,mistral-large-2512,P3_strict_interchangeability,L2_data_link,PPP,Hosts share resources using PPP.,True
mistral__L2_data_link__13,mistral,mistral,mistral-large-2512,P3_strict_interchangeability,L2_data_link,HDLC,Nodes maintain connections via HDLC.,True
mistral__L2_data_link__13,mistral,mistral,mistral-large-2512,P3_strict_interchangeability,L2_data_link,Ethernet,Nodes maintain connections via Ethernet.,True
mistral__L2_data_link__13,mistral,mistral,mistral-large-2512,P3_strict_interchangeability,L2_data_link,Wi-Fi,Nodes maintain connections via Wi-Fi.,True
mistral__L2_data_link__13,mistral,mistral,mistral-large-2512,P3_strict_interchangeability,L2_data_link,PPP,Nodes maintain connections via PPP.,True
mistral__L2_data_link__14,mistral,mistral,mistral-large-2512,P3_strict_interchangeability,L2_data_link,HDLC,Systems exchange link-layer frames over HDLC.,True
mistral__L2_data_link__14,mistral,mistral,mistral-large-2512,P3_strict_interchangeability,L2_data_link,Ethernet,Systems exchange link-layer frames over Ethernet.,True
mistral__L2_data_link__14,mistral,mistral,mistral-large-2512,P3_strict_interchangeability,L2_data_link,Wi-Fi,Systems exchange link-layer frames over Wi-Fi.,True
mistral__L2_data_link__14,mistral,mistral,mistral-large-2512,P3_strict_interchangeability,L2_data_link,PPP,Systems exchange link-layer frames over PPP.,True
mistral__L2_data_link__15,mistral,mistral,mistral-large-2512,P3_strict_interchangeability,L2_data_link,HDLC,Devices synchronize through HDLC.,False
mistral__L2_data_link__15,mistral,mistral,mistral-large-2512,P3_strict_interchangeability,L2_data_link,Ethernet,Devices synchronize through Ethernet.,False
mistral__L2_data_link__15,mistral,mistral,mistral-large-2512,P3_strict_interchangeability,L2_data_link,Wi-Fi,Devices synchronize through Wi-Fi.,False
mistral__L2_data_link__15,mistral,mistral,mistral-large-2512,P3_strict_interchangeability,L2_data_link,PPP,Devices synchronize through PPP.,False
mistral__L2_data_link__16,mistral,mistral,mistral-large-2512,P3_strict_interchangeability,L2_data_link,HDLC,The network forwards traffic using HDLC.,True
mistral__L2_data_link__16,mistral,mistral,mistral-large-2512,P3_strict_interchangeability,L2_data_link,Ethernet,The network forwards traffic using Ethernet.,True
mistral__L2_data_link__16,mistral,mistral,mistral-large-2512,P3_strict_interchangeability,L2_data_link,Wi-Fi,The network forwards traffic using Wi-Fi.,True
mistral__L2_data_link__16,mistral,mistral,mistral-large-2512,P3_strict_interchangeability,L2_data_link,PPP,The network forwards traffic using PPP.,True
mistral__L2_data_link__17,mistral,mistral,mistral-large-2512,P3_strict_interchangeability,L2_data_link,HDLC,Hosts broadcast messages over HDLC.,True
mistral__L2_data_link__17,mistral,mistral,mistral-large-2512,P3_strict_interchangeability,L2_data_link,Ethernet,Hosts broadcast messages over Ethernet.,True
mistral__L2_data_link__17,mistral,mistral,mistral-large-2512,P3_strict_interchangeability,L2_data_link,Wi-Fi,Hosts broadcast messages over Wi-Fi.,True
mistral__L2_data_link__17,mistral,mistral,mistral-large-2512,P3_strict_interchangeability,L2_data_link,PPP,Hosts broadcast messages over PPP.,True
mistral__L2_data_link__18,mistral,mistral,mistral-large-2512,P3_strict_interchangeability,L2_data_link,HDLC,Nodes relay data with HDLC.,True
mistral__L2_data_link__18,mistral,mistral,mistral-large-2512,P3_strict_interchangeability,L2_data_link,Ethernet,Nodes relay data with Ethernet.,True
mistral__L2_data_link__18,mistral,mistral,mistral-large-2512,P3_strict_interchangeability,L2_data_link,Wi-Fi,Nodes relay data with Wi-Fi.,True
mistral__L2_data_link__18,mistral,mistral,mistral-large-2512,P3_strict_interchangeability,L2_data_link,PPP,Nodes relay data with PPP.,True
mistral__L2_data_link__19,mistral,mistral,mistral-large-2512,P3_strict_interchangeability,L2_data_link,HDLC,Systems interface at the link layer using HDLC.,True
mistral__L2_data_link__19,mistral,mistral,mistral-large-2512,P3_strict_interchangeability,L2_data_link,Ethernet,Systems interface at the link layer using Ethernet.,True
mistral__L2_data_link__19,mistral,mistral,mistral-large-2512,P3_strict_interchangeability,L2_data_link,Wi-Fi,Systems interface at the link layer using Wi-Fi.,True
mistral__L2_data_link__19,mistral,mistral,mistral-large-2512,P3_strict_interchangeability,L2_data_link,PPP,Systems interface at the link layer using PPP.,True
mistral__L2_data_link__20,mistral,mistral,mistral-large-2512,P3_strict_interchangeability,L2_data_link,HDLC,Devices negotiate connections over HDLC.,True
mistral__L2_data_link__20,mistral,mistral,mistral-large-2512,P3_strict_interchangeability,L2_data_link,Ethernet,Devices negotiate connections over Ethernet.,True
mistral__L2_data_link__20,mistral,mistral,mistral-large-2512,P3_strict_interchangeability,L2_data_link,Wi-Fi,Devices negotiate connections over Wi-Fi.,True
mistral__L2_data_link__20,mistral,mistral,mistral-large-2512,P3_strict_interchangeability,L2_data_link,PPP,Devices negotiate connections over PPP.,True
mistral__L2_data_link__21,mistral,mistral,mistral-large-2512,P3_strict_interchangeability,L2_data_link,HDLC,The local segment communicates via HDLC.,True
mistral__L2_data_link__21,mistral,mistral,mistral-large-2512,P3_strict_interchangeability,L2_data_link,Ethernet,The local segment communicates via Ethernet.,True
mistral__L2_data_link__21,mistral,mistral,mistral-large-2512,P3_strict_interchangeability,L2_data_link,Wi-Fi,The local segment communicates via Wi-Fi.,True
mistral__L2_data_link__21,mistral,mistral,mistral-large-2512,P3_strict_interchangeability,L2_data_link,PPP,The local segment communicates via PPP.,True
mistral__L2_data_link__22,mistral,mistral,mistral-large-2512,P3_strict_interchangeability,L2_data_link,HDLC,Hosts transmit link-layer packets using HDLC.,True
mistral__L2_data_link__22,mistral,mistral,mistral-large-2512,P3_strict_interchangeability,L2_data_link,Ethernet,Hosts transmit link-layer packets using Ethernet.,True
mistral__L2_data_link__22,mistral,mistral,mistral-large-2512,P3_strict_interchangeability,L2_data_link,Wi-Fi,Hosts transmit link-layer packets using Wi-Fi.,True
mistral__L2_data_link__22,mistral,mistral,mistral-large-2512,P3_strict_interchangeability,L2_data_link,PPP,Hosts transmit link-layer packets using PPP.,True
mistral__L2_data_link__23,mistral,mistral,mistral-large-2512,P3_strict_interchangeability,L2_data_link,HDLC,Nodes discover peers through HDLC.,True
mistral__L2_data_link__23,mistral,mistral,mistral-large-2512,P3_strict_interchangeability,L2_data_link,Ethernet,Nodes discover peers through Ethernet.,True
mistral__L2_data_link__23,mistral,mistral,mistral-large-2512,P3_strict_interchangeability,L2_data_link,Wi-Fi,Nodes discover peers through Wi-Fi.,True
mistral__L2_data_link__23,mistral,mistral,mistral-large-2512,P3_strict_interchangeability,L2_data_link,PPP,Nodes discover peers through PPP.,True
mistral__L2_data_link__24,mistral,mistral,mistral-large-2512,P3_strict_interchangeability,L2_data_link,HDLC,Systems maintain link integrity with HDLC.,True
mistral__L2_data_link__24,mistral,mistral,mistral-large-2512,P3_strict_interchangeability,L2_data_link,Ethernet,Systems maintain link integrity with Ethernet.,True
mistral__L2_data_link__24,mistral,mistral,mistral-large-2512,P3_strict_interchangeability,L2_data_link,Wi-Fi,Systems maintain link integrity with Wi-Fi.,True
mistral__L2_data_link__24,mistral,mistral,mistral-large-2512,P3_strict_interchangeability,L2_data_link,PPP,Systems maintain link integrity with PPP.,True
mistral__L2_data_link__25,mistral,mistral,mistral-large-2512,P3_strict_interchangeability,L2_data_link,HDLC,Devices exchange link-layer information over HDLC.,True
mistral__L2_data_link__25,mistral,mistral,mistral-large-2512,P3_strict_interchangeability,L2_data_link,Ethernet,Devices exchange link-layer information over Ethernet.,True
mistral__L2_data_link__25,mistral,mistral,mistral-large-2512,P3_strict_interchangeability,L2_data_link,Wi-Fi,Devices exchange link-layer information over Wi-Fi.,True
mistral__L2_data_link__25,mistral,mistral,mistral-large-2512,P3_strict_interchangeability,L2_data_link,PPP,Devices exchange link-layer information over PPP.,True
mistral__L3_network__1,mistral,mistral,mistral-large-2512,P3_strict_interchangeability,L3_network,IP,Network hosts communicate using IP.,True
mistral__L3_network__1,mistral,mistral,mistral-large-2512,P3_strict_interchangeability,L3_network,ICMP,Network hosts communicate using ICMP.,True
mistral__L3_network__1,mistral,mistral,mistral-large-2512,P3_strict_interchangeability,L3_network,IGMP,Network hosts communicate using IGMP.,True
mistral__L3_network__1,mistral,mistral,mistral-large-2512,P3_strict_interchangeability,L3_network,IPsec,Network hosts communicate using IPsec.,True
mistral__L3_network__2,mistral,mistral,mistral-large-2512,P3_strict_interchangeability,L3_network,IP,Systems rely on IP for network-layer communication.,True
mistral__L3_network__2,mistral,mistral,mistral-large-2512,P3_strict_interchangeability,L3_network,ICMP,Systems rely on ICMP for network-layer communication.,True
mistral__L3_network__2,mistral,mistral,mistral-large-2512,P3_strict_interchangeability,L3_network,IGMP,Systems rely on IGMP for network-layer communication.,True
mistral__L3_network__2,mistral,mistral,mistral-large-2512,P3_strict_interchangeability,L3_network,IPsec,Systems rely on IPsec for network-layer communication.,True
mistral__L3_network__3,mistral,mistral,mistral-large-2512,P3_strict_interchangeability,L3_network,IP,Nodes exchange packets via IP.,True
mistral__L3_network__3,mistral,mistral,mistral-large-2512,P3_strict_interchangeability,L3_network,ICMP,Nodes exchange packets via ICMP.,True
mistral__L3_network__3,mistral,mistral,mistral-large-2512,P3_strict_interchangeability,L3_network,IGMP,Nodes exchange packets via IGMP.,True
mistral__L3_network__3,mistral,mistral,mistral-large-2512,P3_strict_interchangeability,L3_network,IPsec,Nodes exchange packets via IPsec.,True
mistral__L3_network__4,mistral,mistral,mistral-large-2512,P3_strict_interchangeability,L3_network,IP,Devices connect through IP at the network layer.,True
mistral__L3_network__4,mistral,mistral,mistral-large-2512,P3_strict_interchangeability,L3_network,ICMP,Devices connect through ICMP at the network layer.,True
mistral__L3_network__4,mistral,mistral,mistral-large-2512,P3_strict_interchangeability,L3_network,IGMP,Devices connect through IGMP at the network layer.,True
mistral__L3_network__4,mistral,mistral,mistral-large-2512,P3_strict_interchangeability,L3_network,IPsec,Devices connect through IPsec at the network layer.,True
mistral__L3_network__5,mistral,mistral,mistral-large-2512,P3_strict_interchangeability,L3_network,IP,The network employs IP for routing.,True
mistral__L3_network__5,mistral,mistral,mistral-large-2512,P3_strict_interchangeability,L3_network,ICMP,The network employs ICMP for routing.,True
mistral__L3_network__5,mistral,mistral,mistral-large-2512,P3_strict_interchangeability,L3_network,IGMP,The network employs IGMP for routing.,True
mistral__L3_network__5,mistral,mistral,mistral-large-2512,P3_strict_interchangeability,L3_network,IPsec,The network employs IPsec for routing.,True
mistral__L3_network__6,mistral,mistral,mistral-large-2512,P3_strict_interchangeability,L3_network,IP,Hosts transmit data using IP.,True
mistral__L3_network__6,mistral,mistral,mistral-large-2512,P3_strict_interchangeability,L3_network,ICMP,Hosts transmit data using ICMP.,True
mistral__L3_network__6,mistral,mistral,mistral-large-2512,P3_strict_interchangeability,L3_network,IGMP,Hosts transmit data using IGMP.,True
mistral__L3_network__6,mistral,mistral,mistral-large-2512,P3_strict_interchangeability,L3_network,IPsec,Hosts transmit data using IPsec.,True
mistral__L3_network__7,mistral,mistral,mistral-large-2512,P3_strict_interchangeability,L3_network,IP,Network-layer communication depends on IP.,True
mistral__L3_network__7,mistral,mistral,mistral-large-2512,P3_strict_interchangeability,L3_network,ICMP,Network-layer communication depends on ICMP.,True
mistral__L3_network__7,mistral,mistral,mistral-large-2512,P3_strict_interchangeability,L3_network,IGMP,Network-layer communication depends on IGMP.,True
mistral__L3_network__7,mistral,mistral,mistral-large-2512,P3_strict_interchangeability,L3_network,IPsec,Network-layer communication depends on IPsec.,True
mistral__L3_network__8,mistral,mistral,mistral-large-2512,P3_strict_interchangeability,L3_network,IP,Systems forward traffic with IP.,True
mistral__L3_network__8,mistral,mistral,mistral-large-2512,P3_strict_interchangeability,L3_network,ICMP,Systems forward traffic with ICMP.,True
mistral__L3_network__8,mistral,mistral,mistral-large-2512,P3_strict_interchangeability,L3_network,IGMP,Systems forward traffic with IGMP.,True
mistral__L3_network__8,mistral,mistral,mistral-large-2512,P3_strict_interchangeability,L3_network,IPsec,Systems forward traffic with IPsec.,True
mistral__L3_network__9,mistral,mistral,mistral-large-2512,P3_strict_interchangeability,L3_network,IP,Nodes route messages over IP.,True
mistral__L3_network__9,mistral,mistral,mistral-large-2512,P3_strict_interchangeability,L3_network,ICMP,Nodes route messages over ICMP.,True
mistral__L3_network__9,mistral,mistral,mistral-large-2512,P3_strict_interchangeability,L3_network,IGMP,Nodes route messages over IGMP.,True
mistral__L3_network__9,mistral,mistral,mistral-large-2512,P3_strict_interchangeability,L3_network,IPsec,Nodes route messages over IPsec.,True
mistral__L3_network__10,mistral,mistral,mistral-large-2512,P3_strict_interchangeability,L3_network,IP,Devices interface using IP.,False
mistral__L3_network__10,mistral,mistral,mistral-large-2512,P3_strict_interchangeability,L3_network,ICMP,Devices interface using ICMP.,False
mistral__L3_network__10,mistral,mistral,mistral-large-2512,P3_strict_interchangeability,L3_network,IGMP,Devices interface using IGMP.,False
mistral__L3_network__10,mistral,mistral,mistral-large-2512,P3_strict_interchangeability,L3_network,IPsec,Devices interface using IPsec.,False
mistral__L3_network__11,mistral,mistral,mistral-large-2512,P3_strict_interchangeability,L3_network,IP,The network implements IP for addressing.,True
mistral__L3_network__11,mistral,mistral,mistral-large-2512,P3_strict_interchangeability,L3_network,ICMP,The network implements ICMP for addressing.,True
mistral__L3_network__11,mistral,mistral,mistral-large-2512,P3_strict_interchangeability,L3_network,IGMP,The network implements IGMP for addressing.,True
mistral__L3_network__11,mistral,mistral,mistral-large-2512,P3_strict_interchangeability,L3_network,IPsec,The network implements IPsec for addressing.,True
mistral__L3_network__12,mistral,mistral,mistral-large-2512,P3_strict_interchangeability,L3_network,IP,Hosts establish sessions through IP.,True
mistral__L3_network__12,mistral,mistral,mistral-large-2512,P3_strict_interchangeability,L3_network,ICMP,Hosts establish sessions through ICMP.,True
mistral__L3_network__12,mistral,mistral,mistral-large-2512,P3_strict_interchangeability,L3_network,IGMP,Hosts establish sessions through IGMP.,True
mistral__L3_network__12,mistral,mistral,mistral-large-2512,P3_strict_interchangeability,L3_network,IPsec,Hosts establish sessions through IPsec.,True
mistral__L3_network__13,mistral,mistral,mistral-large-2512,P3_strict_interchangeability,L3_network,IP,Systems use IP for packet delivery.,True
mistral__L3_network__13,mistral,mistral,mistral-large-2512,P3_strict_interchangeability,L3_network,ICMP,Systems use ICMP for packet delivery.,True
mistral__L3_network__13,mistral,mistral,mistral-large-2512,P3_strict_interchangeability,L3_network,IGMP,Systems use IGMP for packet delivery.,True
mistral__L3_network__13,mistral,mistral,mistral-large-2512,P3_strict_interchangeability,L3_network,IPsec,Systems use IPsec for packet delivery.,True
mistral__L3_network__14,mistral,mistral,mistral-large-2512,P3_strict_interchangeability,L3_network,IP,Nodes advertise routes via IP.,True
mistral__L3_network__14,mistral,mistral,mistral-large-2512,P3_strict_interchangeability,L3_network,ICMP,Nodes advertise routes via ICMP.,True
mistral__L3_network__14,mistral,mistral,mistral-large-2512,P3_strict_interchangeability,L3_network,IGMP,Nodes advertise routes via IGMP.,True
mistral__L3_network__14,mistral,mistral,mistral-large-2512,P3_strict_interchangeability,L3_network,IPsec,Nodes advertise routes via IPsec.,True
mistral__L3_network__15,mistral,mistral,mistral-large-2512,P3_strict_interchangeability,L3_network,IP,Devices maintain connectivity with IP.,True
mistral__L3_network__15,mistral,mistral,mistral-large-2512,P3_strict_interchangeability,L3_network,ICMP,Devices maintain connectivity with ICMP.,True
mistral__L3_network__15,mistral,mistral,mistral-large-2512,P3_strict_interchangeability,L3_network,IGMP,Devices maintain connectivity with IGMP.,True
mistral__L3_network__15,mistral,mistral,mistral-large-2512,P3_strict_interchangeability,L3_network,IPsec,Devices maintain connectivity with IPsec.,True
mistral__L3_network__16,mistral,mistral,mistral-large-2512,P3_strict_interchangeability,L3_network,IP,The network relies on IP for forwarding.,True
mistral__L3_network__16,mistral,mistral,mistral-large-2512,P3_strict_interchangeability,L3_network,ICMP,The network relies on ICMP for forwarding.,True
mistral__L3_network__16,mistral,mistral,mistral-large-2512,P3_strict_interchangeability,L3_network,IGMP,The network relies on IGMP for forwarding.,True
mistral__L3_network__16,mistral,mistral,mistral-large-2512,P3_strict_interchangeability,L3_network,IPsec,The network relies on IPsec for forwarding.,True
mistral__L3_network__17,mistral,mistral,mistral-large-2512,P3_strict_interchangeability,L3_network,IP,Hosts fragment packets using IP.,True
mistral__L3_network__17,mistral,mistral,mistral-large-2512,P3_strict_interchangeability,L3_network,ICMP,Hosts fragment packets using ICMP.,True
mistral__L3_network__17,mistral,mistral,mistral-large-2512,P3_strict_interchangeability,L3_network,IGMP,Hosts fragment packets using IGMP.,True
mistral__L3_network__17,mistral,mistral,mistral-large-2512,P3_strict_interchangeability,L3_network,IPsec,Hosts fragment packets using IPsec.,True
mistral__L3_network__18,mistral,mistral,mistral-large-2512,P3_strict_interchangeability,L3_network,IP,Systems ensure reachability through IP.,True
mistral__L3_network__18,mistral,mistral,mistral-large-2512,P3_strict_interchangeability,L3_network,ICMP,Systems ensure reachability through ICMP.,True
mistral__L3_network__18,mistral,mistral,mistral-large-2512,P3_strict_interchangeability,L3_network,IGMP,Systems ensure reachability through IGMP.,True
mistral__L3_network__18,mistral,mistral,mistral-large-2512,P3_strict_interchangeability,L3_network,IPsec,Systems ensure reachability through IPsec.,True
mistral__L3_network__19,mistral,mistral,mistral-large-2512,P3_strict_interchangeability,L3_network,IP,Nodes synchronize using IP.,False
mistral__L3_network__19,mistral,mistral,mistral-large-2512,P3_strict_interchangeability,L3_network,ICMP,Nodes synchronize using ICMP.,False
mistral__L3_network__19,mistral,mistral,mistral-large-2512,P3_strict_interchangeability,L3_network,IGMP,Nodes synchronize using IGMP.,False
mistral__L3_network__19,mistral,mistral,mistral-large-2512,P3_strict_interchangeability,L3_network,IPsec,Nodes synchronize using IPsec.,False
mistral__L3_network__20,mistral,mistral,mistral-large-2512,P3_strict_interchangeability,L3_network,IP,Devices negotiate parameters with IP.,True
mistral__L3_network__20,mistral,mistral,mistral-large-2512,P3_strict_interchangeability,L3_network,ICMP,Devices negotiate parameters with ICMP.,True
mistral__L3_network__20,mistral,mistral,mistral-large-2512,P3_strict_interchangeability,L3_network,IGMP,Devices negotiate parameters with IGMP.,True
mistral__L3_network__20,mistral,mistral,mistral-large-2512,P3_strict_interchangeability,L3_network,IPsec,Devices negotiate parameters with IPsec.,True
mistral__L3_network__21,mistral,mistral,mistral-large-2512,P3_strict_interchangeability,L3_network,IP,The network handles congestion via IP.,True
mistral__L3_network__21,mistral,mistral,mistral-large-2512,P3_strict_interchangeability,L3_network,ICMP,The network handles congestion via ICMP.,True
mistral__L3_network__21,mistral,mistral,mistral-large-2512,P3_strict_interchangeability,L3_network,IGMP,The network handles congestion via IGMP.,True
mistral__L3_network__21,mistral,mistral,mistral-large-2512,P3_strict_interchangeability,L3_network,IPsec,The network handles congestion via IPsec.,True
mistral__L3_network__22,mistral,mistral,mistral-large-2512,P3_strict_interchangeability,L3_network,IP,Hosts resolve addresses using IP.,True
mistral__L3_network__22,mistral,mistral,mistral-large-2512,P3_strict_interchangeability,L3_network,ICMP,Hosts resolve addresses using ICMP.,True
mistral__L3_network__22,mistral,mistral,mistral-large-2512,P3_strict_interchangeability,L3_network,IGMP,Hosts resolve addresses using IGMP.,True
mistral__L3_network__22,mistral,mistral,mistral-large-2512,P3_strict_interchangeability,L3_network,IPsec,Hosts resolve addresses using IPsec.,True
mistral__L3_network__23,mistral,mistral,mistral-large-2512,P3_strict_interchangeability,L3_network,IP,Systems manage flows with IP.,True
mistral__L3_network__23,mistral,mistral,mistral-large-2512,P3_strict_interchangeability,L3_network,ICMP,Systems manage flows with ICMP.,True
mistral__L3_network__23,mistral,mistral,mistral-large-2512,P3_strict_interchangeability,L3_network,IGMP,Systems manage flows with IGMP.,True
mistral__L3_network__23,mistral,mistral,mistral-large-2512,P3_strict_interchangeability,L3_network,IPsec,Systems manage flows with IPsec.,True
mistral__L3_network__24,mistral,mistral,mistral-large-2512,P3_strict_interchangeability,L3_network,IP,Nodes propagate updates through IP.,True
mistral__L3_network__24,mistral,mistral,mistral-large-2512,P3_strict_interchangeability,L3_network,ICMP,Nodes propagate updates through ICMP.,True
mistral__L3_network__24,mistral,mistral,mistral-large-2512,P3_strict_interchangeability,L3_network,IGMP,Nodes propagate updates through IGMP.,True
mistral__L3_network__24,mistral,mistral,mistral-large-2512,P3_strict_interchangeability,L3_network,IPsec,Nodes propagate updates through IPsec.,True
mistral__L3_network__25,mistral,mistral,mistral-large-2512,P3_strict_interchangeability,L3_network,IP,Devices exchange keepalives over IP.,True
mistral__L3_network__25,mistral,mistral,mistral-large-2512,P3_strict_interchangeability,L3_network,ICMP,Devices exchange keepalives over ICMP.,True
mistral__L3_network__25,mistral,mistral,mistral-large-2512,P3_strict_interchangeability,L3_network,IGMP,Devices exchange keepalives over IGMP.,True
mistral__L3_network__25,mistral,mistral,mistral-large-2512,P3_strict_interchangeability,L3_network,IPsec,Devices exchange keepalives over IPsec.,True
mistral__L4_transport__1,mistral,mistral,mistral-large-2512,P3_strict_interchangeability,L4_transport,TCP,The service communicates using TCP.,True
mistral__L4_transport__1,mistral,mistral,mistral-large-2512,P3_strict_interchangeability,L4_transport,UDP,The service communicates using UDP.,True
mistral__L4_transport__1,mistral,mistral,mistral-large-2512,P3_strict_interchangeability,L4_transport,SCTP,The service communicates using SCTP.,True
mistral__L4_transport__1,mistral,mistral,mistral-large-2512,P3_strict_interchangeability,L4_transport,QUIC,The service communicates using QUIC.,True
mistral__L4_transport__2,mistral,mistral,mistral-large-2512,P3_strict_interchangeability,L4_transport,TCP,Components exchange data using TCP.,True
mistral__L4_transport__2,mistral,mistral,mistral-large-2512,P3_strict_interchangeability,L4_transport,UDP,Components exchange data using UDP.,True
mistral__L4_transport__2,mistral,mistral,mistral-large-2512,P3_strict_interchangeability,L4_transport,SCTP,Components exchange data using SCTP.,True
mistral__L4_transport__2,mistral,mistral,mistral-large-2512,P3_strict_interchangeability,L4_transport,QUIC,Components exchange data using QUIC.,True
mistral__L4_transport__3,mistral,mistral,mistral-large-2512,P3_strict_interchangeability,L4_transport,TCP,The application uses TCP for communication.,True
mistral__L4_transport__3,mistral,mistral,mistral-large-2512,P3_strict_interchangeability,L4_transport,UDP,The application uses UDP for communication.,True
mistral__L4_transport__3,mistral,mistral,mistral-large-2512,P3_strict_interchangeability,L4_transport,SCTP,The application uses SCTP for communication.,True
mistral__L4_transport__3,mistral,mistral,mistral-large-2512,P3_strict_interchangeability,L4_transport,QUIC,The application uses QUIC for communication.,True
mistral__L4_transport__4,mistral,mistral,mistral-large-2512,P3_strict_interchangeability,L4_transport,TCP,Backend services rely on TCP for transport.,True
mistral__L4_transport__4,mistral,mistral,mistral-large-2512,P3_strict_interchangeability,L4_transport,UDP,Backend services rely on UDP for transport.,True
mistral__L4_transport__4,mistral,mistral,mistral-large-2512,P3_strict_interchangeability,L4_transport,SCTP,Backend services rely on SCTP for transport.,True
mistral__L4_transport__4,mistral,mistral,mistral-large-2512,P3_strict_interchangeability,L4_transport,QUIC,Backend services rely on QUIC for transport.,True
mistral__L4_transport__5,mistral,mistral,mistral-large-2512,P3_strict_interchangeability,L4_transport,TCP,Nodes transmit messages using TCP.,True
mistral__L4_transport__5,mistral,mistral,mistral-large-2512,P3_strict_interchangeability,L4_transport,UDP,Nodes transmit messages using UDP.,True
mistral__L4_transport__5,mistral,mistral,mistral-large-2512,P3_strict_interchangeability,L4_transport,SCTP,Nodes transmit messages using SCTP.,True
mistral__L4_transport__5,mistral,mistral,mistral-large-2512,P3_strict_interchangeability,L4_transport,QUIC,Nodes transmit messages using QUIC.,True
mistral__L4_transport__6,mistral,mistral,mistral-large-2512,P3_strict_interchangeability,L4_transport,TCP,The system uses TCP to connect components.,True
mistral__L4_transport__6,mistral,mistral,mistral-large-2512,P3_strict_interchangeability,L4_transport,UDP,The system uses UDP to connect components.,True
mistral__L4_transport__6,mistral,mistral,mistral-large-2512,P3_strict_interchangeability,L4_transport,SCTP,The system uses SCTP to connect components.,True
mistral__L4_transport__6,mistral,mistral,mistral-large-2512,P3_strict_interchangeability,L4_transport,QUIC,The system uses QUIC to connect components.,True
mistral__L4_transport__7,mistral,mistral,mistral-large-2512,P3_strict_interchangeability,L4_transport,TCP,Services interact using TCP.,False
mistral__L4_transport__7,mistral,mistral,mistral-large-2512,P3_strict_interchangeability,L4_transport,UDP,Services interact using UDP.,False
mistral__L4_transport__7,mistral,mistral,mistral-large-2512,P3_strict_interchangeability,L4_transport,SCTP,Services interact using SCTP.,False
mistral__L4_transport__7,mistral,mistral,mistral-large-2512,P3_strict_interchangeability,L4_transport,QUIC,Services interact using QUIC.,False
mistral__L4_transport__8,mistral,mistral,mistral-large-2512,P3_strict_interchangeability,L4_transport,TCP,The application sends packets via TCP.,True
mistral__L4_transport__8,mistral,mistral,mistral-large-2512,P3_strict_interchangeability,L4_transport,UDP,The application sends packets via UDP.,True
mistral__L4_transport__8,mistral,mistral,mistral-large-2512,P3_strict_interchangeability,L4_transport,SCTP,The application sends packets via SCTP.,True
mistral__L4_transport__8,mistral,mistral,mistral-large-2512,P3_strict_interchangeability,L4_transport,QUIC,The application sends packets via QUIC.,True
mistral__L4_transport__9,mistral,mistral,mistral-large-2512,P3_strict_interchangeability,L4_transport,TCP,Components synchronize using TCP.,False
mistral__L4_transport__9,mistral,mistral,mistral-large-2512,P3_strict_interchangeability,L4_transport,UDP,Components synchronize using UDP.,False
mistral__L4_transport__9,mistral,mistral,mistral-large-2512,P3_strict_interchangeability,L4_transport,SCTP,Components synchronize using SCTP.,False
mistral__L4_transport__9,mistral,mistral,mistral-large-2512,P3_strict_interchangeability,L4_transport,QUIC,Components synchronize using QUIC.,False
mistral__L4_transport__10,mistral,mistral,mistral-large-2512,P3_strict_interchangeability,L4_transport,TCP,The backend exchanges frames using TCP.,True
mistral__L4_transport__10,mistral,mistral,mistral-large-2512,P3_strict_interchangeability,L4_transport,UDP,The backend exchanges frames using UDP.,True
mistral__L4_transport__10,mistral,mistral,mistral-large-2512,P3_strict_interchangeability,L4_transport,SCTP,The backend exchanges frames using SCTP.,True
mistral__L4_transport__10,mistral,mistral,mistral-large-2512,P3_strict_interchangeability,L4_transport,QUIC,The backend exchanges frames using QUIC.,True
mistral__L4_transport__11,mistral,mistral,mistral-large-2512,P3_strict_interchangeability,L4_transport,TCP,Nodes communicate over TCP.,False
mistral__L4_transport__11,mistral,mistral,mistral-large-2512,P3_strict_interchangeability,L4_transport,UDP,Nodes communicate over UDP.,False
mistral__L4_transport__11,mistral,mistral,mistral-large-2512,P3_strict_interchangeability,L4_transport,SCTP,Nodes communicate over SCTP.,False
mistral__L4_transport__11,mistral,mistral,mistral-large-2512,P3_strict_interchangeability,L4_transport,QUIC,Nodes communicate over QUIC.,False
mistral__L4_transport__12,mistral,mistral,mistral-large-2512,P3_strict_interchangeability,L4_transport,TCP,The system transfers data using TCP.,True
mistral__L4_transport__12,mistral,mistral,mistral-large-2512,P3_strict_interchangeability,L4_transport,UDP,The system transfers data using UDP.,True
mistral__L4_transport__12,mistral,mistral,mistral-large-2512,P3_strict_interchangeability,L4_transport,SCTP,The system transfers data using SCTP.,True
mistral__L4_transport__12,mistral,mistral,mistral-large-2512,P3_strict_interchangeability,L4_transport,QUIC,The system transfers data using QUIC.,True
mistral__L4_transport__13,mistral,mistral,mistral-large-2512,P3_strict_interchangeability,L4_transport,TCP,Services coordinate using TCP.,False
mistral__L4_transport__13,mistral,mistral,mistral-large-2512,P3_strict_interchangeability,L4_transport,UDP,Services coordinate using UDP.,False
mistral__L4_transport__13,mistral,mistral,mistral-large-2512,P3_strict_interchangeability,L4_transport,SCTP,Services coordinate using SCTP.,False
mistral__L4_transport__13,mistral,mistral,mistral-large-2512,P3_strict_interchangeability,L4_transport,QUIC,Services coordinate using QUIC.,False
mistral__L4_transport__14,mistral,mistral,mistral-large-2512,P3_strict_interchangeability,L4_transport,TCP,The application routes traffic via TCP.,True
mistral__L4_transport__14,mistral,mistral,mistral-large-2512,P3_strict_interchangeability,L4_transport,UDP,The application routes traffic via UDP.,True
mistral__L4_transport__14,mistral,mistral,mistral-large-2512,P3_strict_interchangeability,L4_transport,SCTP,The application routes traffic via SCTP.,True
mistral__L4_transport__14,mistral,mistral,mistral-large-2512,P3_strict_interchangeability,L4_transport,QUIC,The application routes traffic via QUIC.,True
mistral__L4_transport__15,mistral,mistral,mistral-large-2512,P3_strict_interchangeability,L4_transport,TCP,Components relay messages using TCP.,True
mistral__L4_transport__15,mistral,mistral,mistral-large-2512,P3_strict_interchangeability,L4_transport,UDP,Components relay messages using UDP.,True
mistral__L4_transport__15,mistral,mistral,mistral-large-2512,P3_strict_interchangeability,L4_transport,SCTP,Components relay messages using SCTP.,True
mistral__L4_transport__15,mistral,mistral,mistral-large-2512,P3_strict_interchangeability,L4_transport,QUIC,Components relay messages using QUIC.,True
mistral__L4_transport__16,mistral,mistral,mistral-large-2512,P3_strict_interchangeability,L4_transport,TCP,The backend transmits payloads using TCP.,True
mistral__L4_transport__16,mistral,mistral,mistral-large-2512,P3_strict_interchangeability,L4_transport,UDP,The backend transmits payloads using UDP.,True
mistral__L4_transport__16,mistral,mistral,mistral-large-2512,P3_strict_interchangeability,L4_transport,SCTP,The backend transmits payloads using SCTP.,True
mistral__L4_transport__16,mistral,mistral,mistral-large-2512,P3_strict_interchangeability,L4_transport,QUIC,The backend transmits payloads using QUIC.,True
mistral__L4_transport__17,mistral,mistral,mistral-large-2512,P3_strict_interchangeability,L4_transport,TCP,Nodes establish sessions using TCP.,True
mistral__L4_transport__17,mistral,mistral,mistral-large-2512,P3_strict_interchangeability,L4_transport,UDP,Nodes establish sessions using UDP.,True
mistral__L4_transport__17,mistral,mistral,mistral-large-2512,P3_strict_interchangeability,L4_transport,SCTP,Nodes establish sessions using SCTP.,True
mistral__L4_transport__17,mistral,mistral,mistral-large-2512,P3_strict_interchangeability,L4_transport,QUIC,Nodes establish sessions using QUIC.,True
mistral__L4_transport__18,mistral,mistral,mistral-large-2512,P3_strict_interchangeability,L4_transport,TCP,The system distributes updates via TCP.,True
mistral__L4_transport__18,mistral,mistral,mistral-large-2512,P3_strict_interchangeability,L4_transport,UDP,The system distributes updates via UDP.,True
mistral__L4_transport__18,mistral,mistral,mistral-large-2512,P3_strict_interchangeability,L4_transport,SCTP,The system distributes updates via SCTP.,True
mistral__L4_transport__18,mistral,mistral,mistral-large-2512,P3_strict_interchangeability,L4_transport,QUIC,The system distributes updates via QUIC.,True
mistral__L4_transport__19,mistral,mistral,mistral-large-2512,P3_strict_interchangeability,L4_transport,TCP,Services broadcast events using TCP.,True
mistral__L4_transport__19,mistral,mistral,mistral-large-2512,P3_strict_interchangeability,L4_transport,UDP,Services broadcast events using UDP.,True
mistral__L4_transport__19,mistral,mistral,mistral-large-2512,P3_strict_interchangeability,L4_transport,SCTP,Services broadcast events using SCTP.,True
mistral__L4_transport__19,mistral,mistral,mistral-large-2512,P3_strict_interchangeability,L4_transport,QUIC,Services broadcast events using QUIC.,True
mistral__L4_transport__20,mistral,mistral,mistral-large-2512,P3_strict_interchangeability,L4_transport,TCP,The application forwards requests using TCP.,True
mistral__L4_transport__20,mistral,mistral,mistral-large-2512,P3_strict_interchangeability,L4_transport,UDP,The application forwards requests using UDP.,True
mistral__L4_transport__20,mistral,mistral,mistral-large-2512,P3_strict_interchangeability,L4_transport,SCTP,The application forwards requests using SCTP.,True
mistral__L4_transport__20,mistral,mistral,mistral-large-2512,P3_strict_interchangeability,L4_transport,QUIC,The application forwards requests using QUIC.,True
mistral__L4_transport__21,mistral,mistral,mistral-large-2512,P3_strict_interchangeability,L4_transport,TCP,Components stream data using TCP.,True
mistral__L4_transport__21,mistral,mistral,mistral-large-2512,P3_strict_interchangeability,L4_transport,UDP,Components stream data using UDP.,True
mistral__L4_transport__21,mistral,mistral,mistral-large-2512,P3_strict_interchangeability,L4_transport,SCTP,Components stream data using SCTP.,True
mistral__L4_transport__21,mistral,mistral,mistral-large-2512,P3_strict_interchangeability,L4_transport,QUIC,Components stream data using QUIC.,True
mistral__L4_transport__22,mistral,mistral,mistral-large-2512,P3_strict_interchangeability,L4_transport,TCP,The backend handles communication via TCP.,True
mistral__L4_transport__22,mistral,mistral,mistral-large-2512,P3_strict_interchangeability,L4_transport,UDP,The backend handles communication via UDP.,True
mistral__L4_transport__22,mistral,mistral,mistral-large-2512,P3_strict_interchangeability,L4_transport,SCTP,The backend handles communication via SCTP.,True
mistral__L4_transport__22,mistral,mistral,mistral-large-2512,P3_strict_interchangeability,L4_transport,QUIC,The backend handles communication via QUIC.,True
mistral__L4_transport__23,mistral,mistral,mistral-large-2512,P3_strict_interchangeability,L4_transport,TCP,Nodes propagate signals using TCP.,True
mistral__L4_transport__23,mistral,mistral,mistral-large-2512,P3_strict_interchangeability,L4_transport,UDP,Nodes propagate signals using UDP.,True
mistral__L4_transport__23,mistral,mistral,mistral-large-2512,P3_strict_interchangeability,L4_transport,SCTP,Nodes propagate signals using SCTP.,True
mistral__L4_transport__23,mistral,mistral,mistral-large-2512,P3_strict_interchangeability,L4_transport,QUIC,Nodes propagate signals using QUIC.,True
mistral__L4_transport__24,mistral,mistral,mistral-large-2512,P3_strict_interchangeability,L4_transport,TCP,The system ensures delivery using TCP.,True
mistral__L4_transport__24,mistral,mistral,mistral-large-2512,P3_strict_interchangeability,L4_transport,UDP,The system ensures delivery using UDP.,True
mistral__L4_transport__24,mistral,mistral,mistral-large-2512,P3_strict_interchangeability,L4_transport,SCTP,The system ensures delivery using SCTP.,True
mistral__L4_transport__24,mistral,mistral,mistral-large-2512,P3_strict_interchangeability,L4_transport,QUIC,The system ensures delivery using QUIC.,True
mistral__L4_transport__25,mistral,mistral,mistral-large-2512,P3_strict_interchangeability,L4_transport,TCP,Services maintain connections using TCP.,True
mistral__L4_transport__25,mistral,mistral,mistral-large-2512,P3_strict_interchangeability,L4_transport,UDP,Services maintain connections using UDP.,True
mistral__L4_transport__25,mistral,mistral,mistral-large-2512,P3_strict_interchangeability,L4_transport,SCTP,Services maintain connections using SCTP.,True
mistral__L4_transport__25,mistral,mistral,mistral-large-2512,P3_strict_interchangeability,L4_transport,QUIC,Services maintain connections using QUIC.,True
mistral__L5_session__1,mistral,mistral,mistral-large-2512,P3_strict_interchangeability,L5_session,NFS,The system maintains state through NFS.,True
mistral__L5_session__1,mistral,mistral,mistral-large-2512,P3_strict_interchangeability,L5_session,SMB,The system maintains state through SMB.,True
mistral__L5_session__1,mistral,mistral,mistral-large-2512,P3_strict_interchangeability,L5_session,NetBios,The system maintains state through NetBios.,True
mistral__L5_session__1,mistral,mistral,mistral-large-2512,P3_strict_interchangeability,L5_session,RPC,The system maintains state through RPC.,True
mistral__L5_session__2,mistral,mistral,mistral-large-2512,P3_strict_interchangeability,L5_session,NFS,Services authenticate via NFS.,False
mistral__L5_session__2,mistral,mistral,mistral-large-2512,P3_strict_interchangeability,L5_session,SMB,Services authenticate via SMB.,False
mistral__L5_session__2,mistral,mistral,mistral-large-2512,P3_strict_interchangeability,L5_session,NetBios,Services authenticate via NetBios.,False
mistral__L5_session__2,mistral,mistral,mistral-large-2512,P3_strict_interchangeability,L5_session,RPC,Services authenticate via RPC.,False
mistral__L5_session__3,mistral,mistral,mistral-large-2512,P3_strict_interchangeability,L5_session,NFS,The application routes requests over NFS.,True
mistral__L5_session__3,mistral,mistral,mistral-large-2512,P3_strict_interchangeability,L5_session,SMB,The application routes requests over SMB.,True
mistral__L5_session__3,mistral,mistral,mistral-large-2512,P3_strict_interchangeability,L5_session,NetBios,The application routes requests over NetBios.,True
mistral__L5_session__3,mistral,mistral,mistral-large-2512,P3_strict_interchangeability,L5_session,RPC,The application routes requests over RPC.,True
mistral__L5_session__4,mistral,mistral,mistral-large-2512,P3_strict_interchangeability,L5_session,NFS,Components synchronize using NFS.,False
mistral__L5_session__4,mistral,mistral,mistral-large-2512,P3_strict_interchangeability,L5_session,SMB,Components synchronize using SMB.,False
mistral__L5_session__4,mistral,mistral,mistral-large-2512,P3_strict_interchangeability,L5_session,NetBios,Components synchronize using NetBios.,False
mistral__L5_session__4,mistral,mistral,mistral-large-2512,P3_strict_interchangeability,L5_session,RPC,Components synchronize using RPC.,False
mistral__L5_session__5,mistral,mistral,mistral-large-2512,P3_strict_interchangeability,L5_session,NFS,Machines communicate across NFS.,False
mistral__L5_session__5,mistral,mistral,mistral-large-2512,P3_strict_interchangeability,L5_session,SMB,Machines communicate across SMB.,False
mistral__L5_session__5,mistral,mistral,mistral-large-2512,P3_strict_interchangeability,L5_session,NetBios,Machines communicate across NetBios.,False
mistral__L5_session__5,mistral,mistral,mistral-large-2512,P3_strict_interchangeability,L5_session,RPC,Machines communicate across RPC.,False
mistral__L5_session__6,mistral,mistral,mistral-large-2512,P3_strict_interchangeability,L5_session,NFS,The service establishes sessions with NFS.,True
mistral__L5_session__6,mistral,mistral,mistral-large-2512,P3_strict_interchangeability,L5_session,SMB,The service establishes sessions with SMB.,True
mistral__L5_session__6,mistral,mistral,mistral-large-2512,P3_strict_interchangeability,L5_session,NetBios,The service establishes sessions with NetBios.,True
mistral__L5_session__6,mistral,mistral,mistral-large-2512,P3_strict_interchangeability,L5_session,RPC,The service establishes sessions with RPC.,True
mistral__L5_session__7,mistral,mistral,mistral-large-2512,P3_strict_interchangeability,L5_session,NFS,Applications coordinate through NFS.,False
mistral__L5_session__7,mistral,mistral,mistral-large-2512,P3_strict_interchangeability,L5_session,SMB,Applications coordinate through SMB.,False
mistral__L5_session__7,mistral,mistral,mistral-large-2512,P3_strict_interchangeability,L5_session,NetBios,Applications coordinate through NetBios.,False
mistral__L5_session__7,mistral,mistral,mistral-large-2512,P3_strict_interchangeability,L5_session,RPC,Applications coordinate through RPC.,False
mistral__L5_session__8,mistral,mistral,mistral-large-2512,P3_strict_interchangeability,L5_session,NFS,The system persists context in NFS.,True
mistral__L5_session__8,mistral,mistral,mistral-large-2512,P3_strict_interchangeability,L5_session,SMB,The system persists context in SMB.,True
mistral__L5_session__8,mistral,mistral,mistral-large-2512,P3_strict_interchangeability,L5_session,NetBios,The system persists context in NetBios.,True
mistral__L5_session__8,mistral,mistral,mistral-large-2512,P3_strict_interchangeability,L5_session,RPC,The system persists context in RPC.,True
mistral__L5_session__9,mistral,mistral,mistral-large-2512,P3_strict_interchangeability,L5_session,NFS,Services exchange messages over NFS.,True
mistral__L5_session__9,mistral,mistral,mistral-large-2512,P3_strict_interchangeability,L5_session,SMB,Services exchange messages over SMB.,True
mistral__L5_session__9,mistral,mistral,mistral-large-2512,P3_strict_interchangeability,L5_session,NetBios,Services exchange messages over NetBios.,True
mistral__L5_session__9,mistral,mistral,mistral-large-2512,P3_strict_interchangeability,L5_session,RPC,Services exchange messages over RPC.,True
mistral__L5_session__10,mistral,mistral,mistral-large-2512,P3_strict_interchangeability,L5_session,NFS,Components interact remotely via NFS.,True
mistral__L5_session__10,mistral,mistral,mistral-large-2512,P3_strict_interchangeability,L5_session,SMB,Components interact remotely via SMB.,True
mistral__L5_session__10,mistral,mistral,mistral-large-2512,P3_strict_interchangeability,L5_session,NetBios,Components interact remotely via NetBios.,True
mistral__L5_session__10,mistral,mistral,mistral-large-2512,P3_strict_interchangeability,L5_session,RPC,Components interact remotely via RPC.,True
mistral__L5_session__11,mistral,mistral,mistral-large-2512,P3_strict_interchangeability,L5_session,NFS,The application manages connections with NFS.,True
mistral__L5_session__11,mistral,mistral,mistral-large-2512,P3_strict_interchangeability,L5_session,SMB,The application manages connections with SMB.,True
mistral__L5_session__11,mistral,mistral,mistral-large-2512,P3_strict_interchangeability,L5_session,NetBios,The application manages connections with NetBios.,True
mistral__L5_session__11,mistral,mistral,mistral-large-2512,P3_strict_interchangeability,L5_session,RPC,The application manages connections with RPC.,True
mistral__L5_session__12,mistral,mistral,mistral-large-2512,P3_strict_interchangeability,L5_session,NFS,Machines relay data through NFS.,True
mistral__L5_session__12,mistral,mistral,mistral-large-2512,P3_strict_interchangeability,L5_session,SMB,Machines relay data through SMB.,True
mistral__L5_session__12,mistral,mistral,mistral-large-2512,P3_strict_interchangeability,L5_session,NetBios,Machines relay data through NetBios.,True
mistral__L5_session__12,mistral,mistral,mistral-large-2512,P3_strict_interchangeability,L5_session,RPC,Machines relay data through RPC.,True
mistral__L5_session__13,mistral,mistral,mistral-large-2512,P3_strict_interchangeability,L5_session,NFS,Services maintain consistency using NFS.,True
mistral__L5_session__13,mistral,mistral,mistral-large-2512,P3_strict_interchangeability,L5_session,SMB,Services maintain consistency using SMB.,True
mistral__L5_session__13,mistral,mistral,mistral-large-2512,P3_strict_interchangeability,L5_session,NetBios,Services maintain consistency using NetBios.,True
mistral__L5_session__13,mistral,mistral,mistral-large-2512,P3_strict_interchangeability,L5_session,RPC,Services maintain consistency using RPC.,True
mistral__L5_session__14,mistral,mistral,mistral-large-2512,P3_strict_interchangeability,L5_session,NFS,The system propagates updates via NFS.,True
mistral__L5_session__14,mistral,mistral,mistral-large-2512,P3_strict_interchangeability,L5_session,SMB,The system propagates updates via SMB.,True
mistral__L5_session__14,mistral,mistral,mistral-large-2512,P3_strict_interchangeability,L5_session,NetBios,The system propagates updates via NetBios.,True
mistral__L5_session__14,mistral,mistral,mistral-large-2512,P3_strict_interchangeability,L5_session,RPC,The system propagates updates via RPC.,True
mistral__L5_session__15,mistral,mistral,mistral-large-2512,P3_strict_interchangeability,L5_session,NFS,Applications share state over NFS.,True
mistral__L5_session__15,mistral,mistral,mistral-large-2512,P3_strict_interchangeability,L5_session,SMB,Applications share state over SMB.,True
mistral__L5_session__15,mistral,mistral,mistral-large-2512,P3_strict_interchangeability,L5_session,NetBios,Applications share state over NetBios.,True
mistral__L5_session__15,mistral,mistral,mistral-large-2512,P3_strict_interchangeability,L5_session,RPC,Applications share state over RPC.,True
mistral__L5_session__16,mistral,mistral,mistral-large-2512,P3_strict_interchangeability,L5_session,NFS,Components negotiate sessions with NFS.,True
mistral__L5_session__16,mistral,mistral,mistral-large-2512,P3_strict_interchangeability,L5_session,SMB,Components negotiate sessions with SMB.,True
mistral__L5_session__16,mistral,mistral,mistral-large-2512,P3_strict_interchangeability,L5_session,NetBios,Components negotiate sessions with NetBios.,True
mistral__L5_session__16,mistral,mistral,mistral-large-2512,P3_strict_interchangeability,L5_session,RPC,Components negotiate sessions with RPC.,True
mistral__L5_session__17,mistral,mistral,mistral-large-2512,P3_strict_interchangeability,L5_session,NFS,The service broadcasts events through NFS.,True
mistral__L5_session__17,mistral,mistral,mistral-large-2512,P3_strict_interchangeability,L5_session,SMB,The service broadcasts events through SMB.,True
mistral__L5_session__17,mistral,mistral,mistral-large-2512,P3_strict_interchangeability,L5_session,NetBios,The service broadcasts events through NetBios.,True
mistral__L5_session__17,mistral,mistral,mistral-large-2512,P3_strict_interchangeability,L5_session,RPC,The service broadcasts events through RPC.,True
mistral__L5_session__18,mistral,mistral,mistral-large-2512,P3_strict_interchangeability,L5_session,NFS,Machines synchronize clocks via NFS.,True
mistral__L5_session__18,mistral,mistral,mistral-large-2512,P3_strict_interchangeability,L5_session,SMB,Machines synchronize clocks via SMB.,True
mistral__L5_session__18,mistral,mistral,mistral-large-2512,P3_strict_interchangeability,L5_session,NetBios,Machines synchronize clocks via NetBios.,True
mistral__L5_session__18,mistral,mistral,mistral-large-2512,P3_strict_interchangeability,L5_session,RPC,Machines synchronize clocks via RPC.,True
mistral__L5_session__19,mistral,mistral,mistral-large-2512,P3_strict_interchangeability,L5_session,NFS,Services handle transactions over NFS.,True
mistral__L5_session__19,mistral,mistral,mistral-large-2512,P3_strict_interchangeability,L5_session,SMB,Services handle transactions over SMB.,True
mistral__L5_session__19,mistral,mistral,mistral-large-2512,P3_strict_interchangeability,L5_session,NetBios,Services handle transactions over NetBios.,True
mistral__L5_session__19,mistral,mistral,mistral-large-2512,P3_strict_interchangeability,L5_session,RPC,Services handle transactions over RPC.,True
mistral__L5_session__20,mistral,mistral,mistral-large-2512,P3_strict_interchangeability,L5_session,NFS,The application preserves sessions with NFS.,True
mistral__L5_session__20,mistral,mistral,mistral-large-2512,P3_strict_interchangeability,L5_session,SMB,The application preserves sessions with SMB.,True
mistral__L5_session__20,mistral,mistral,mistral-large-2512,P3_strict_interchangeability,L5_session,NetBios,The application preserves sessions with NetBios.,True
mistral__L5_session__20,mistral,mistral,mistral-large-2512,P3_strict_interchangeability,L5_session,RPC,The application preserves sessions with RPC.,True
mistral__L5_session__21,mistral,mistral,mistral-large-2512,P3_strict_interchangeability,L5_session,NFS,Components transmit payloads using NFS.,True
mistral__L5_session__21,mistral,mistral,mistral-large-2512,P3_strict_interchangeability,L5_session,SMB,Components transmit payloads using SMB.,True
mistral__L5_session__21,mistral,mistral,mistral-large-2512,P3_strict_interchangeability,L5_session,NetBios,Components transmit payloads using NetBios.,True
mistral__L5_session__21,mistral,mistral,mistral-large-2512,P3_strict_interchangeability,L5_session,RPC,Components transmit payloads using RPC.,True
mistral__L5_session__22,mistral,mistral,mistral-large-2512,P3_strict_interchangeability,L5_session,NFS,The system orchestrates workflows through NFS.,True
mistral__L5_session__22,mistral,mistral,mistral-large-2512,P3_strict_interchangeability,L5_session,SMB,The system orchestrates workflows through SMB.,True
mistral__L5_session__22,mistral,mistral,mistral-large-2512,P3_strict_interchangeability,L5_session,NetBios,The system orchestrates workflows through NetBios.,True
mistral__L5_session__22,mistral,mistral,mistral-large-2512,P3_strict_interchangeability,L5_session,RPC,The system orchestrates workflows through RPC.,True
mistral__L5_session__23,mistral,mistral,mistral-large-2512,P3_strict_interchangeability,L5_session,NFS,Services validate tokens via NFS.,True
mistral__L5_session__23,mistral,mistral,mistral-large-2512,P3_strict_interchangeability,L5_session,SMB,Services validate tokens via SMB.,True
mistral__L5_session__23,mistral,mistral,mistral-large-2512,P3_strict_interchangeability,L5_session,NetBios,Services validate tokens via NetBios.,True
mistral__L5_session__23,mistral,mistral,mistral-large-2512,P3_strict_interchangeability,L5_session,RPC,Services validate tokens via RPC.,True
mistral__L5_session__24,mistral,mistral,mistral-large-2512,P3_strict_interchangeability,L5_session,NFS,Applications delegate authentication to NFS.,True
mistral__L5_session__24,mistral,mistral,mistral-large-2512,P3_strict_interchangeability,L5_session,SMB,Applications delegate authentication to SMB.,True
mistral__L5_session__24,mistral,mistral,mistral-large-2512,P3_strict_interchangeability,L5_session,NetBios,Applications delegate authentication to NetBios.,True
mistral__L5_session__24,mistral,mistral,mistral-large-2512,P3_strict_interchangeability,L5_session,RPC,Applications delegate authentication to RPC.,True
mistral__L5_session__25,mistral,mistral,mistral-large-2512,P3_strict_interchangeability,L5_session,NFS,Machines establish channels over NFS.,True
mistral__L5_session__25,mistral,mistral,mistral-large-2512,P3_strict_interchangeability,L5_session,SMB,Machines establish channels over SMB.,True
mistral__L5_session__25,mistral,mistral,mistral-large-2512,P3_strict_interchangeability,L5_session,NetBios,Machines establish channels over NetBios.,True
mistral__L5_session__25,mistral,mistral,mistral-large-2512,P3_strict_interchangeability,L5_session,RPC,Machines establish channels over RPC.,True
mistral__L6_presentation__1,mistral,mistral,mistral-large-2512,P3_strict_interchangeability,L6_presentation,SSL/TLS,The application renders data using SSL/TLS.,True
mistral__L6_presentation__1,mistral,mistral,mistral-large-2512,P3_strict_interchangeability,L6_presentation,JPEG,The application renders data using JPEG.,True
mistral__L6_presentation__1,mistral,mistral,mistral-large-2512,P3_strict_interchangeability,L6_presentation,MPEG,The application renders data using MPEG.,True
mistral__L6_presentation__1,mistral,mistral,mistral-large-2512,P3_strict_interchangeability,L6_presentation,ASCII,The application renders data using ASCII.,True
mistral__L6_presentation__2,mistral,mistral,mistral-large-2512,P3_strict_interchangeability,L6_presentation,SSL/TLS,Content is formatted with SSL/TLS before display.,True
mistral__L6_presentation__2,mistral,mistral,mistral-large-2512,P3_strict_interchangeability,L6_presentation,JPEG,Content is formatted with JPEG before display.,True
mistral__L6_presentation__2,mistral,mistral,mistral-large-2512,P3_strict_interchangeability,L6_presentation,MPEG,Content is formatted with MPEG before display.,True
mistral__L6_presentation__2,mistral,mistral,mistral-large-2512,P3_strict_interchangeability,L6_presentation,ASCII,Content is formatted with ASCII before display.,True
mistral__L6_presentation__3,mistral,mistral,mistral-large-2512,P3_strict_interchangeability,L6_presentation,SSL/TLS,The system encodes responses in SSL/TLS.,True
mistral__L6_presentation__3,mistral,mistral,mistral-large-2512,P3_strict_interchangeability,L6_presentation,JPEG,The system encodes responses in JPEG.,True
mistral__L6_presentation__3,mistral,mistral,mistral-large-2512,P3_strict_interchangeability,L6_presentation,MPEG,The system encodes responses in MPEG.,True
mistral__L6_presentation__3,mistral,mistral,mistral-large-2512,P3_strict_interchangeability,L6_presentation,ASCII,The system encodes responses in ASCII.,True
mistral__L6_presentation__4,mistral,mistral,mistral-large-2512,P3_strict_interchangeability,L6_presentation,SSL/TLS,Data presentation relies on SSL/TLS.,True
mistral__L6_presentation__4,mistral,mistral,mistral-large-2512,P3_strict_interchangeability,L6_presentation,JPEG,Data presentation relies on JPEG.,True
mistral__L6_presentation__4,mistral,mistral,mistral-large-2512,P3_strict_interchangeability,L6_presentation,MPEG,Data presentation relies on MPEG.,True
mistral__L6_presentation__4,mistral,mistral,mistral-large-2512,P3_strict_interchangeability,L6_presentation,ASCII,Data presentation relies on ASCII.,True
mistral__L6_presentation__5,mistral,mistral,mistral-large-2512,P3_strict_interchangeability,L6_presentation,SSL/TLS,The service outputs results as SSL/TLS.,True
mistral__L6_presentation__5,mistral,mistral,mistral-large-2512,P3_strict_interchangeability,L6_presentation,JPEG,The service outputs results as JPEG.,True
mistral__L6_presentation__5,mistral,mistral,mistral-large-2512,P3_strict_interchangeability,L6_presentation,MPEG,The service outputs results as MPEG.,True
mistral__L6_presentation__5,mistral,mistral,mistral-large-2512,P3_strict_interchangeability,L6_presentation,ASCII,The service outputs results as ASCII.,True
mistral__L6_presentation__6,mistral,mistral,mistral-large-2512,P3_strict_interchangeability,L6_presentation,SSL/TLS,Components serialize data into SSL/TLS.,True
mistral__L6_presentation__6,mistral,mistral,mistral-large-2512,P3_strict_interchangeability,L6_presentation,JPEG,Components serialize data into JPEG.,True
mistral__L6_presentation__6,mistral,mistral,mistral-large-2512,P3_strict_interchangeability,L6_presentation,MPEG,Components serialize data into MPEG.,True
mistral__L6_presentation__6,mistral,mistral,mistral-large-2512,P3_strict_interchangeability,L6_presentation,ASCII,Components serialize data into ASCII.,True
mistral__L6_presentation__7,mistral,mistral,mistral-large-2512,P3_strict_interchangeability,L6_presentation,SSL/TLS,The application presents records via SSL/TLS.,True
mistral__L6_presentation__7,mistral,mistral,mistral-large-2512,P3_strict_interchangeability,L6_presentation,JPEG,The application presents records via JPEG.,True
mistral__L6_presentation__7,mistral,mistral,mistral-large-2512,P3_strict_interchangeability,L6_presentation,MPEG,The application presents records via MPEG.,True
mistral__L6_presentation__7,mistral,mistral,mistral-large-2512,P3_strict_interchangeability,L6_presentation,ASCII,The application presents records via ASCII.,True
mistral__L6_presentation__8,mistral,mistral,mistral-large-2512,P3_strict_interchangeability,L6_presentation,SSL/TLS,Data is structured according to SSL/TLS.,True
mistral__L6_presentation__8,mistral,mistral,mistral-large-2512,P3_strict_interchangeability,L6_presentation,JPEG,Data is structured according to JPEG.,True
mistral__L6_presentation__8,mistral,mistral,mistral-large-2512,P3_strict_interchangeability,L6_presentation,MPEG,Data is structured according to MPEG.,True
mistral__L6_presentation__8,mistral,mistral,mistral-large-2512,P3_strict_interchangeability,L6_presentation,ASCII,Data is structured according to ASCII.,True
mistral__L6_presentation__9,mistral,mistral,mistral-large-2512,P3_strict_interchangeability,L6_presentation,SSL/TLS,The system formats payloads in SSL/TLS.,True
mistral__L6_presentation__9,mistral,mistral,mistral-large-2512,P3_strict_interchangeability,L6_presentation,JPEG,The system formats payloads in JPEG.,True
mistral__L6_presentation__9,mistral,mistral,mistral-large-2512,P3_strict_interchangeability,L6_presentation,MPEG,The system formats payloads in MPEG.,True
mistral__L6_presentation__9,mistral,mistral,mistral-large-2512,P3_strict_interchangeability,L6_presentation,ASCII,The system formats payloads in ASCII.,True
mistral__L6_presentation__10,mistral,mistral,mistral-large-2512,P3_strict_interchangeability,L6_presentation,SSL/TLS,Content is delivered using SSL/TLS encoding.,True
mistral__L6_presentation__10,mistral,mistral,mistral-large-2512,P3_strict_interchangeability,L6_presentation,JPEG,Content is delivered using JPEG encoding.,True
mistral__L6_presentation__10,mistral,mistral,mistral-large-2512,P3_strict_interchangeability,L6_presentation,MPEG,Content is delivered using MPEG encoding.,True
mistral__L6_presentation__10,mistral,mistral,mistral-large-2512,P3_strict_interchangeability,L6_presentation,ASCII,Content is delivered using ASCII encoding.,True
mistral__L6_presentation__11,mistral,mistral,mistral-large-2512,P3_strict_interchangeability,L6_presentation,SSL/TLS,The service represents metadata with SSL/TLS.,True
mistral__L6_presentation__11,mistral,mistral,mistral-large-2512,P3_strict_interchangeability,L6_presentation,JPEG,The service represents metadata with JPEG.,True
mistral__L6_presentation__11,mistral,mistral,mistral-large-2512,P3_strict_interchangeability,L6_presentation,MPEG,The service represents metadata with MPEG.,True
mistral__L6_presentation__11,mistral,mistral,mistral-large-2512,P3_strict_interchangeability,L6_presentation,ASCII,The service represents metadata with ASCII.,True
mistral__L6_presentation__12,mistral,mistral,mistral-large-2512,P3_strict_interchangeability,L6_presentation,SSL/TLS,Components transform data into SSL/TLS.,True
mistral__L6_presentation__12,mistral,mistral,mistral-large-2512,P3_strict_interchangeability,L6_presentation,JPEG,Components transform data into JPEG.,True
mistral__L6_presentation__12,mistral,mistral,mistral-large-2512,P3_strict_interchangeability,L6_presentation,MPEG,Components transform data into MPEG.,True
mistral__L6_presentation__12,mistral,mistral,mistral-large-2512,P3_strict_interchangeability,L6_presentation,ASCII,Components transform data into ASCII.,True
mistral__L6_presentation__13,mistral,mistral,mistral-large-2512,P3_strict_interchangeability,L6_presentation,SSL/TLS,The application displays results in SSL/TLS.,True
mistral__L6_presentation__13,mistral,mistral,mistral-large-2512,P3_strict_interchangeability,L6_presentation,JPEG,The application displays results in JPEG.,True
mistral__L6_presentation__13,mistral,mistral,mistral-large-2512,P3_strict_interchangeability,L6_presentation,MPEG,The application displays results in MPEG.,True
mistral__L6_presentation__13,mistral,mistral,mistral-large-2512,P3_strict_interchangeability,L6_presentation,ASCII,The application displays results in ASCII.,True
mistral__L6_presentation__14,mistral,mistral,mistral-large-2512,P3_strict_interchangeability,L6_presentation,SSL/TLS,Data is visualized through SSL/TLS.,True
mistral__L6_presentation__14,mistral,mistral,mistral-large-2512,P3_strict_interchangeability,L6_presentation,JPEG,Data is visualized through JPEG.,True
mistral__L6_presentation__14,mistral,mistral,mistral-large-2512,P3_strict_interchangeability,L6_presentation,MPEG,Data is visualized through MPEG.,True
mistral__L6_presentation__14,mistral,mistral,mistral-large-2512,P3_strict_interchangeability,L6_presentation,ASCII,Data is visualized through ASCII.,True
mistral__L6_presentation__15,mistral,mistral,mistral-large-2512,P3_strict_interchangeability,L6_presentation,SSL/TLS,The system exports reports as SSL/TLS.,True
mistral__L6_presentation__15,mistral,mistral,mistral-large-2512,P3_strict_interchangeability,L6_presentation,JPEG,The system exports reports as JPEG.,True
mistral__L6_presentation__15,mistral,mistral,mistral-large-2512,P3_strict_interchangeability,L6_presentation,MPEG,The system exports reports as MPEG.,True
mistral__L6_presentation__15,mistral,mistral,mistral-large-2512,P3_strict_interchangeability,L6_presentation,ASCII,The system exports reports as ASCII.,True
mistral__L6_presentation__16,mistral,mistral,mistral-large-2512,P3_strict_interchangeability,L6_presentation,SSL/TLS,Content is transmitted in SSL/TLS format.,True
mistral__L6_presentation__16,mistral,mistral,mistral-large-2512,P3_strict_interchangeability,L6_presentation,JPEG,Content is transmitted in JPEG format.,True
mistral__L6_presentation__16,mistral,mistral,mistral-large-2512,P3_strict_interchangeability,L6_presentation,MPEG,Content is transmitted in MPEG format.,True
mistral__L6_presentation__16,mistral,mistral,mistral-large-2512,P3_strict_interchangeability,L6_presentation,ASCII,Content is transmitted in ASCII format.,True
mistral__L6_presentation__17,mistral,mistral,mistral-large-2512,P3_strict_interchangeability,L6_presentation,SSL/TLS,The service structures responses with SSL/TLS.,True
mistral__L6_presentation__17,mistral,mistral,mistral-large-2512,P3_strict_interchangeability,L6_presentation,JPEG,The service structures responses with JPEG.,True
mistral__L6_presentation__17,mistral,mistral,mistral-large-2512,P3_strict_interchangeability,L6_presentation,MPEG,The service structures responses with MPEG.,True
mistral__L6_presentation__17,mistral,mistral,mistral-large-2512,P3_strict_interchangeability,L6_presentation,ASCII,The service structures responses with ASCII.,True
mistral__L6_presentation__18,mistral,mistral,mistral-large-2512,P3_strict_interchangeability,L6_presentation,SSL/TLS,Components encode messages using SSL/TLS.,True
mistral__L6_presentation__18,mistral,mistral,mistral-large-2512,P3_strict_interchangeability,L6_presentation,JPEG,Components encode messages using JPEG.,True
mistral__L6_presentation__18,mistral,mistral,mistral-large-2512,P3_strict_interchangeability,L6_presentation,MPEG,Components encode messages using MPEG.,True
mistral__L6_presentation__18,mistral,mistral,mistral-large-2512,P3_strict_interchangeability,L6_presentation,ASCII,Components encode messages using ASCII.,True
mistral__L6_presentation__19,mistral,mistral,mistral-large-2512,P3_strict_interchangeability,L6_presentation,SSL/TLS,The application serializes objects to SSL/TLS.,True
mistral__L6_presentation__19,mistral,mistral,mistral-large-2512,P3_strict_interchangeability,L6_presentation,JPEG,The application serializes objects to JPEG.,True
mistral__L6_presentation__19,mistral,mistral,mistral-large-2512,P3_strict_interchangeability,L6_presentation,MPEG,The application serializes objects to MPEG.,True
mistral__L6_presentation__19,mistral,mistral,mistral-large-2512,P3_strict_interchangeability,L6_presentation,ASCII,The application serializes objects to ASCII.,True
mistral__L6_presentation__20,mistral,mistral,mistral-large-2512,P3_strict_interchangeability,L6_presentation,SSL/TLS,Data is exchanged in SSL/TLS.,True
mistral__L6_presentation__20,mistral,mistral,mistral-large-2512,P3_strict_interchangeability,L6_presentation,JPEG,Data is exchanged in JPEG.,True
mistral__L6_presentation__20,mistral,mistral,mistral-large-2512,P3_strict_interchangeability,L6_presentation,MPEG,Data is exchanged in MPEG.,True
mistral__L6_presentation__20,mistral,mistral,mistral-large-2512,P3_strict_interchangeability,L6_presentation,ASCII,Data is exchanged in ASCII.,True
mistral__L6_presentation__21,mistral,mistral,mistral-large-2512,P3_strict_interchangeability,L6_presentation,SSL/TLS,The system presents configurations via SSL/TLS.,True
mistral__L6_presentation__21,mistral,mistral,mistral-large-2512,P3_strict_interchangeability,L6_presentation,JPEG,The system presents configurations via JPEG.,True
mistral__L6_presentation__21,mistral,mistral,mistral-large-2512,P3_strict_interchangeability,L6_presentation,MPEG,The system presents configurations via MPEG.,True
mistral__L6_presentation__21,mistral,mistral,mistral-large-2512,P3_strict_interchangeability,L6_presentation,ASCII,The system presents configurations via ASCII.,True
mistral__L6_presentation__22,mistral,mistral,mistral-large-2512,P3_strict_interchangeability,L6_presentation,SSL/TLS,Content is parsed from SSL/TLS.,True
mistral__L6_presentation__22,mistral,mistral,mistral-large-2512,P3_strict_interchangeability,L6_presentation,JPEG,Content is parsed from JPEG.,True
mistral__L6_presentation__22,mistral,mistral,mistral-large-2512,P3_strict_interchangeability,L6_presentation,MPEG,Content is parsed from MPEG.,True
mistral__L6_presentation__22,mistral,mistral,mistral-large-2512,P3_strict_interchangeability,L6_presentation,ASCII,Content is parsed from ASCII.,True
mistral__L6_presentation__23,mistral,mistral,mistral-large-2512,P3_strict_interchangeability,L6_presentation,SSL/TLS,The service formats logs with SSL/TLS.,True
mistral__L6_presentation__23,mistral,mistral,mistral-large-2512,P3_strict_interchangeability,L6_presentation,JPEG,The service formats logs with JPEG.,True
mistral__L6_presentation__23,mistral,mistral,mistral-large-2512,P3_strict_interchangeability,L6_presentation,MPEG,The service formats logs with MPEG.,True
mistral__L6_presentation__23,mistral,mistral,mistral-large-2512,P3_strict_interchangeability,L6_presentation,ASCII,The service formats logs with ASCII.,True
mistral__L6_presentation__24,mistral,mistral,mistral-large-2512,P3_strict_interchangeability,L6_presentation,SSL/TLS,Components output data in SSL/TLS.,True
mistral__L6_presentation__24,mistral,mistral,mistral-large-2512,P3_strict_interchangeability,L6_presentation,JPEG,Components output data in JPEG.,True
mistral__L6_presentation__24,mistral,mistral,mistral-large-2512,P3_strict_interchangeability,L6_presentation,MPEG,Components output data in MPEG.,True
mistral__L6_presentation__24,mistral,mistral,mistral-large-2512,P3_strict_interchangeability,L6_presentation,ASCII,Components output data in ASCII.,True
mistral__L6_presentation__25,mistral,mistral,mistral-large-2512,P3_strict_interchangeability,L6_presentation,SSL/TLS,The application uses SSL/TLS for data representation.,True
mistral__L6_presentation__25,mistral,mistral,mistral-large-2512,P3_strict_interchangeability,L6_presentation,JPEG,The application uses JPEG for data representation.,True
mistral__L6_presentation__25,mistral,mistral,mistral-large-2512,P3_strict_interchangeability,L6_presentation,MPEG,The application uses MPEG for data representation.,True
mistral__L6_presentation__25,mistral,mistral,mistral-large-2512,P3_strict_interchangeability,L6_presentation,ASCII,The application uses ASCII for data representation.,True
mistral__L7_application__1,mistral,mistral,mistral-large-2512,P3_strict_interchangeability,L7_application,HTTP,The application communicates using HTTP.,True
mistral__L7_application__1,mistral,mistral,mistral-large-2512,P3_strict_interchangeability,L7_application,FTP,The application communicates using FTP.,True
mistral__L7_application__1,mistral,mistral,mistral-large-2512,P3_strict_interchangeability,L7_application,DNS,The application communicates using DNS.,True
mistral__L7_application__1,mistral,mistral,mistral-large-2512,P3_strict_interchangeability,L7_application,SMTP,The application communicates using SMTP.,True
mistral__L7_application__2,mistral,mistral,mistral-large-2512,P3_strict_interchangeability,L7_application,HTTP,Our service relies on HTTP for network communication.,True
mistral__L7_application__2,mistral,mistral,mistral-large-2512,P3_strict_interchangeability,L7_application,FTP,Our service relies on FTP for network communication.,True
mistral__L7_application__2,mistral,mistral,mistral-large-2512,P3_strict_interchangeability,L7_application,DNS,Our service relies on DNS for network communication.,True
mistral__L7_application__2,mistral,mistral,mistral-large-2512,P3_strict_interchangeability,L7_application,SMTP,Our service relies on SMTP for network communication.,True
mistral__L7_application__3,mistral,mistral,mistral-large-2512,P3_strict_interchangeability,L7_application,HTTP,The backend uses HTTP to handle requests.,True
mistral__L7_application__3,mistral,mistral,mistral-large-2512,P3_strict_interchangeability,L7_application,FTP,The backend uses FTP to handle requests.,True
mistral__L7_application__3,mistral,mistral,mistral-large-2512,P3_strict_interchangeability,L7_application,DNS,The backend uses DNS to handle requests.,True
mistral__L7_application__3,mistral,mistral,mistral-large-2512,P3_strict_interchangeability,L7_application,SMTP,The backend uses SMTP to handle requests.,True
mistral__L7_application__4,mistral,mistral,mistral-large-2512,P3_strict_interchangeability,L7_application,HTTP,Components exchange data through HTTP.,True
mistral__L7_application__4,mistral,mistral,mistral-large-2512,P3_strict_interchangeability,L7_application,FTP,Components exchange data through FTP.,True
mistral__L7_application__4,mistral,mistral,mistral-large-2512,P3_strict_interchangeability,L7_application,DNS,Components exchange data through DNS.,True
mistral__L7_application__4,mistral,mistral,mistral-large-2512,P3_strict_interchangeability,L7_application,SMTP,Components exchange data through SMTP.,True
mistral__L7_application__5,mistral,mistral,mistral-large-2512,P3_strict_interchangeability,L7_application,HTTP,The client interacts with the server via HTTP.,True
mistral__L7_application__5,mistral,mistral,mistral-large-2512,P3_strict_interchangeability,L7_application,FTP,The client interacts with the server via FTP.,True
mistral__L7_application__5,mistral,mistral,mistral-large-2512,P3_strict_interchangeability,L7_application,DNS,The client interacts with the server via DNS.,True
mistral__L7_application__5,mistral,mistral,mistral-large-2512,P3_strict_interchangeability,L7_application,SMTP,The client interacts with the server via SMTP.,True
mistral__L7_application__6,mistral,mistral,mistral-large-2512,P3_strict_interchangeability,L7_application,HTTP,Services coordinate using HTTP.,False
mistral__L7_application__6,mistral,mistral,mistral-large-2512,P3_strict_interchangeability,L7_application,FTP,Services coordinate using FTP.,False
mistral__L7_application__6,mistral,mistral,mistral-large-2512,P3_strict_interchangeability,L7_application,DNS,Services coordinate using DNS.,False
mistral__L7_application__6,mistral,mistral,mistral-large-2512,P3_strict_interchangeability,L7_application,SMTP,Services coordinate using SMTP.,False
mistral__L7_application__7,mistral,mistral,mistral-large-2512,P3_strict_interchangeability,L7_application,HTTP,The system employs HTTP for application-layer messaging.,True
mistral__L7_application__7,mistral,mistral,mistral-large-2512,P3_strict_interchangeability,L7_application,FTP,The system employs FTP for application-layer messaging.,True
mistral__L7_application__7,mistral,mistral,mistral-large-2512,P3_strict_interchangeability,L7_application,DNS,The system employs DNS for application-layer messaging.,True
mistral__L7_application__7,mistral,mistral,mistral-large-2512,P3_strict_interchangeability,L7_application,SMTP,The system employs SMTP for application-layer messaging.,True
mistral__L7_application__8,mistral,mistral,mistral-large-2512,P3_strict_interchangeability,L7_application,HTTP,Our application leverages HTTP for real-time updates.,False
mistral__L7_application__8,mistral,mistral,mistral-large-2512,P3_strict_interchangeability,L7_application,FTP,Our application leverages FTP for real-time updates.,False
mistral__L7_application__8,mistral,mistral,mistral-large-2512,P3_strict_interchangeability,L7_application,DNS,Our application leverages DNS for real-time updates.,False
mistral__L7_application__8,mistral,mistral,mistral-large-2512,P3_strict_interchangeability,L7_application,SMTP,Our application leverages SMTP for real-time updates.,False
mistral__L7_application__9,mistral,mistral,mistral-large-2512,P3_strict_interchangeability,L7_application,HTTP,The service integrates HTTP for inter-process communication.,True
mistral__L7_application__9,mistral,mistral,mistral-large-2512,P3_strict_interchangeability,L7_application,FTP,The service integrates FTP for inter-process communication.,True
mistral__L7_application__9,mistral,mistral,mistral-large-2512,P3_strict_interchangeability,L7_application,DNS,The service integrates DNS for inter-process communication.,True
mistral__L7_application__9,mistral,mistral,mistral-large-2512,P3_strict_interchangeability,L7_application,SMTP,The service integrates SMTP for inter-process communication.,True
mistral__L7_application__10,mistral,mistral,mistral-large-2512,P3_strict_interchangeability,L7_application,HTTP,Backend components transmit data over HTTP.,True
mistral__L7_application__10,mistral,mistral,mistral-large-2512,P3_strict_interchangeability,L7_application,FTP,Backend components transmit data over FTP.,True
mistral__L7_application__10,mistral,mistral,mistral-large-2512,P3_strict_interchangeability,L7_application,DNS,Backend components transmit data over DNS.,True
mistral__L7_application__10,mistral,mistral,mistral-large-2512,P3_strict_interchangeability,L7_application,SMTP,Backend components transmit data over SMTP.,True
mistral__L7_application__11,mistral,mistral,mistral-large-2512,P3_strict_interchangeability,L7_application,HTTP,The client connects to the service using HTTP.,True
mistral__L7_application__11,mistral,mistral,mistral-large-2512,P3_strict_interchangeability,L7_application,FTP,The client connects to the service using FTP.,True
mistral__L7_application__11,mistral,mistral,mistral-large-2512,P3_strict_interchangeability,L7_application,DNS,The client connects to the service using DNS.,True
mistral__L7_application__11,mistral,mistral,mistral-large-2512,P3_strict_interchangeability,L7_application,SMTP,The client connects to the service using SMTP.,True
mistral__L7_application__12,mistral,mistral,mistral-large-2512,P3_strict_interchangeability,L7_application,HTTP,Our system uses HTTP for distributed communication.,True
mistral__L7_application__12,mistral,mistral,mistral-large-2512,P3_strict_interchangeability,L7_application,FTP,Our system uses FTP for distributed communication.,True
mistral__L7_application__12,mistral,mistral,mistral-large-2512,P3_strict_interchangeability,L7_application,DNS,Our system uses DNS for distributed communication.,True
mistral__L7_application__12,mistral,mistral,mistral-large-2512,P3_strict_interchangeability,L7_application,SMTP,Our system uses SMTP for distributed communication.,True
mistral__L7_application__13,mistral,mistral,mistral-large-2512,P3_strict_interchangeability,L7_application,HTTP,Services broadcast messages through HTTP.,True
mistral__L7_application__13,mistral,mistral,mistral-large-2512,P3_strict_interchangeability,L7_application,FTP,Services broadcast messages through FTP.,True
mistral__L7_application__13,mistral,mistral,mistral-large-2512,P3_strict_interchangeability,L7_application,DNS,Services broadcast messages through DNS.,True
mistral__L7_application__13,mistral,mistral,mistral-large-2512,P3_strict_interchangeability,L7_application,SMTP,Services broadcast messages through SMTP.,True
mistral__L7_application__14,mistral,mistral,mistral-large-2512,P3_strict_interchangeability,L7_application,HTTP,The application sends requests via HTTP.,True
mistral__L7_application__14,mistral,mistral,mistral-large-2512,P3_strict_interchangeability,L7_application,FTP,The application sends requests via FTP.,True
mistral__L7_application__14,mistral,mistral,mistral-large-2512,P3_strict_interchangeability,L7_application,DNS,The application sends requests via DNS.,True
mistral__L7_application__14,mistral,mistral,mistral-large-2512,P3_strict_interchangeability,L7_application,SMTP,The application sends requests via SMTP.,True
mistral__L7_application__15,mistral,mistral,mistral-large-2512,P3_strict_interchangeability,L7_application,HTTP,Components synchronize state using HTTP.,True
mistral__L7_application__15,mistral,mistral,mistral-large-2512,P3_strict_interchangeability,L7_application,FTP,Components synchronize state using FTP.,True
mistral__L7_application__15,mistral,mistral,mistral-large-2512,P3_strict_interchangeability,L7_application,DNS,Components synchronize state using DNS.,True
mistral__L7_application__15,mistral,mistral,mistral-large-2512,P3_strict_interchangeability,L7_application,SMTP,Components synchronize state using SMTP.,True
mistral__L7_application__16,mistral,mistral,mistral-large-2512,P3_strict_interchangeability,L7_application,HTTP,The backend forwards events with HTTP.,True
mistral__L7_application__16,mistral,mistral,mistral-large-2512,P3_strict_interchangeability,L7_application,FTP,The backend forwards events with FTP.,True
mistral__L7_application__16,mistral,mistral,mistral-large-2512,P3_strict_interchangeability,L7_application,DNS,The backend forwards events with DNS.,True
mistral__L7_application__16,mistral,mistral,mistral-large-2512,P3_strict_interchangeability,L7_application,SMTP,The backend forwards events with SMTP.,True
mistral__L7_application__17,mistral,mistral,mistral-large-2512,P3_strict_interchangeability,L7_application,HTTP,Our service routes traffic over HTTP.,True
mistral__L7_application__17,mistral,mistral,mistral-large-2512,P3_strict_interchangeability,L7_application,FTP,Our service routes traffic over FTP.,True
mistral__L7_application__17,mistral,mistral,mistral-large-2512,P3_strict_interchangeability,L7_application,DNS,Our service routes traffic over DNS.,True
mistral__L7_application__17,mistral,mistral,mistral-large-2512,P3_strict_interchangeability,L7_application,SMTP,Our service routes traffic over SMTP.,True
mistral__L7_application__18,mistral,mistral,mistral-large-2512,P3_strict_interchangeability,L7_application,HTTP,The client subscribes to updates through HTTP.,True
mistral__L7_application__18,mistral,mistral,mistral-large-2512,P3_strict_interchangeability,L7_application,FTP,The client subscribes to updates through FTP.,True
mistral__L7_application__18,mistral,mistral,mistral-large-2512,P3_strict_interchangeability,L7_application,DNS,The client subscribes to updates through DNS.,True
mistral__L7_application__18,mistral,mistral,mistral-large-2512,P3_strict_interchangeability,L7_application,SMTP,The client subscribes to updates through SMTP.,True
mistral__L7_application__19,mistral,mistral,mistral-large-2512,P3_strict_interchangeability,L7_application,HTTP,Services publish data using HTTP.,True
mistral__L7_application__19,mistral,mistral,mistral-large-2512,P3_strict_interchangeability,L7_application,FTP,Services publish data using FTP.,True
mistral__L7_application__19,mistral,mistral,mistral-large-2512,P3_strict_interchangeability,L7_application,DNS,Services publish data using DNS.,True
mistral__L7_application__19,mistral,mistral,mistral-large-2512,P3_strict_interchangeability,L7_application,SMTP,Services publish data using SMTP.,True
mistral__L7_application__20,mistral,mistral,mistral-large-2512,P3_strict_interchangeability,L7_application,HTTP,The application receives responses via HTTP.,True
mistral__L7_application__20,mistral,mistral,mistral-large-2512,P3_strict_interchangeability,L7_application,FTP,The application receives responses via FTP.,True
mistral__L7_application__20,mistral,mistral,mistral-large-2512,P3_strict_interchangeability,L7_application,DNS,The application receives responses via DNS.,True
mistral__L7_application__20,mistral,mistral,mistral-large-2512,P3_strict_interchangeability,L7_application,SMTP,The application receives responses via SMTP.,True
mistral__L7_application__21,mistral,mistral,mistral-large-2512,P3_strict_interchangeability,L7_application,HTTP,Components communicate asynchronously with HTTP.,True
mistral__L7_application__21,mistral,mistral,mistral-large-2512,P3_strict_interchangeability,L7_application,FTP,Components communicate asynchronously with FTP.,True
mistral__L7_application__21,mistral,mistral,mistral-large-2512,P3_strict_interchangeability,L7_application,DNS,Components communicate asynchronously with DNS.,True
mistral__L7_application__21,mistral,mistral,mistral-large-2512,P3_strict_interchangeability,L7_application,SMTP,Components communicate asynchronously with SMTP.,True
mistral__L7_application__22,mistral,mistral,mistral-large-2512,P3_strict_interchangeability,L7_application,HTTP,The backend exposes endpoints over HTTP.,True
mistral__L7_application__22,mistral,mistral,mistral-large-2512,P3_strict_interchangeability,L7_application,FTP,The backend exposes endpoints over FTP.,True
mistral__L7_application__22,mistral,mistral,mistral-large-2512,P3_strict_interchangeability,L7_application,DNS,The backend exposes endpoints over DNS.,True
mistral__L7_application__22,mistral,mistral,mistral-large-2512,P3_strict_interchangeability,L7_application,SMTP,The backend exposes endpoints over SMTP.,True
mistral__L7_application__23,mistral,mistral,mistral-large-2512,P3_strict_interchangeability,L7_application,HTTP,Our system distributes workloads using HTTP.,True
mistral__L7_application__23,mistral,mistral,mistral-large-2512,P3_strict_interchangeability,L7_application,FTP,Our system distributes workloads using FTP.,True
mistral__L7_application__23,mistral,mistral,mistral-large-2512,P3_strict_interchangeability,L7_application,DNS,Our system distributes workloads using DNS.,True
mistral__L7_application__23,mistral,mistral,mistral-large-2512,P3_strict_interchangeability,L7_application,SMTP,Our system distributes workloads using SMTP.,True
mistral__L7_application__24,mistral,mistral,mistral-large-2512,P3_strict_interchangeability,L7_application,HTTP,Services exchange metadata through HTTP.,True
mistral__L7_application__24,mistral,mistral,mistral-large-2512,P3_strict_interchangeability,L7_application,FTP,Services exchange metadata through FTP.,True
mistral__L7_application__24,mistral,mistral,mistral-large-2512,P3_strict_interchangeability,L7_application,DNS,Services exchange metadata through DNS.,True
mistral__L7_application__24,mistral,mistral,mistral-large-2512,P3_strict_interchangeability,L7_application,SMTP,Services exchange metadata through SMTP.,True
mistral__L7_application__25,mistral,mistral,mistral-large-2512,P3_strict_interchangeability,L7_application,HTTP,The client streams data over HTTP.,True
mistral__L7_application__25,mistral,mistral,mistral-large-2512,P3_strict_interchangeability,L7_application,FTP,The client streams data over FTP.,True
mistral__L7_application__25,mistral,mistral,mistral-large-2512,P3_strict_interchangeability,L7_application,DNS,The client streams data over DNS.,True
mistral__L7_application__25,mistral,mistral,mistral-large-2512,P3_strict_interchangeability,L7_application,SMTP,The client streams data over SMTP.,True
mistral__X_language__1,mistral,mistral,mistral-large-2512,P3_strict_interchangeability,X_language,Javascript,The project uses Javascript for its implementation.,False
mistral__X_language__1,mistral,mistral,mistral-large-2512,P3_strict_interchangeability,X_language,HTML/CSS,The project uses HTML/CSS for its implementation.,False
mistral__X_language__1,mistral,mistral,mistral-large-2512,P3_strict_interchangeability,X_language,SQL,The project uses SQL for its implementation.,False
mistral__X_language__1,mistral,mistral,mistral-large-2512,P3_strict_interchangeability,X_language,Python,The project uses Python for its implementation.,False
mistral__X_language__1,mistral,mistral,mistral-large-2512,P3_strict_interchangeability,X_language,Bash/Shell,The project uses Bash/Shell for its implementation.,False
mistral__X_language__2,mistral,mistral,mistral-large-2512,P3_strict_interchangeability,X_language,Javascript,Developers write code in Javascript for this application.,True
mistral__X_language__2,mistral,mistral,mistral-large-2512,P3_strict_interchangeability,X_language,HTML/CSS,Developers write code in HTML/CSS for this application.,True
mistral__X_language__2,mistral,mistral,mistral-large-2512,P3_strict_interchangeability,X_language,SQL,Developers write code in SQL for this application.,True
mistral__X_language__2,mistral,mistral,mistral-large-2512,P3_strict_interchangeability,X_language,Python,Developers write code in Python for this application.,True
mistral__X_language__2,mistral,mistral,mistral-large-2512,P3_strict_interchangeability,X_language,Bash/Shell,Developers write code in Bash/Shell for this application.,True
mistral__X_language__3,mistral,mistral,mistral-large-2512,P3_strict_interchangeability,X_language,Javascript,The team relies on Javascript to build the frontend.,True
mistral__X_language__3,mistral,mistral,mistral-large-2512,P3_strict_interchangeability,X_language,HTML/CSS,The team relies on HTML/CSS to build the frontend.,True
mistral__X_language__3,mistral,mistral,mistral-large-2512,P3_strict_interchangeability,X_language,SQL,The team relies on SQL to build the frontend.,True
mistral__X_language__3,mistral,mistral,mistral-large-2512,P3_strict_interchangeability,X_language,Python,The team relies on Python to build the frontend.,True
mistral__X_language__3,mistral,mistral,mistral-large-2512,P3_strict_interchangeability,X_language,Bash/Shell,The team relies on Bash/Shell to build the frontend.,True
mistral__X_language__4,mistral,mistral,mistral-large-2512,P3_strict_interchangeability,X_language,Javascript,Engineers implement features using Javascript.,True
mistral__X_language__4,mistral,mistral,mistral-large-2512,P3_strict_interchangeability,X_language,HTML/CSS,Engineers implement features using HTML/CSS.,True
mistral__X_language__4,mistral,mistral,mistral-large-2512,P3_strict_interchangeability,X_language,SQL,Engineers implement features using SQL.,True
mistral__X_language__4,mistral,mistral,mistral-large-2512,P3_strict_interchangeability,X_language,Python,Engineers implement features using Python.,True
mistral__X_language__4,mistral,mistral,mistral-large-2512,P3_strict_interchangeability,X_language,Bash/Shell,Engineers implement features using Bash/Shell.,True
mistral__X_language__5,mistral,mistral,mistral-large-2512,P3_strict_interchangeability,X_language,Javascript,The codebase is primarily written in Javascript.,True
mistral__X_language__5,mistral,mistral,mistral-large-2512,P3_strict_interchangeability,X_language,HTML/CSS,The codebase is primarily written in HTML/CSS.,True
mistral__X_language__5,mistral,mistral,mistral-large-2512,P3_strict_interchangeability,X_language,SQL,The codebase is primarily written in SQL.,True
mistral__X_language__5,mistral,mistral,mistral-large-2512,P3_strict_interchangeability,X_language,Python,The codebase is primarily written in Python.,True
mistral__X_language__5,mistral,mistral,mistral-large-2512,P3_strict_interchangeability,X_language,Bash/Shell,The codebase is primarily written in Bash/Shell.,True
mistral__X_language__6,mistral,mistral,mistral-large-2512,P3_strict_interchangeability,X_language,Javascript,Developers maintain the project with Javascript.,True
mistral__X_language__6,mistral,mistral,mistral-large-2512,P3_strict_interchangeability,X_language,HTML/CSS,Developers maintain the project with HTML/CSS.,True
mistral__X_language__6,mistral,mistral,mistral-large-2512,P3_strict_interchangeability,X_language,SQL,Developers maintain the project with SQL.,True
mistral__X_language__6,mistral,mistral,mistral-large-2512,P3_strict_interchangeability,X_language,Python,Developers maintain the project with Python.,True
mistral__X_language__6,mistral,mistral,mistral-large-2512,P3_strict_interchangeability,X_language,Bash/Shell,Developers maintain the project with Bash/Shell.,True
mistral__X_language__7,mistral,mistral,mistral-large-2512,P3_strict_interchangeability,X_language,Javascript,The team scripts automation tasks in Javascript.,True
mistral__X_language__7,mistral,mistral,mistral-large-2512,P3_strict_interchangeability,X_language,HTML/CSS,The team scripts automation tasks in HTML/CSS.,True
mistral__X_language__7,mistral,mistral,mistral-large-2512,P3_strict_interchangeability,X_language,SQL,The team scripts automation tasks in SQL.,True
mistral__X_language__7,mistral,mistral,mistral-large-2512,P3_strict_interchangeability,X_language,Python,The team scripts automation tasks in Python.,True
mistral__X_language__7,mistral,mistral,mistral-large-2512,P3_strict_interchangeability,X_language,Bash/Shell,The team scripts automation tasks in Bash/Shell.,True
mistral__X_language__8,mistral,mistral,mistral-large-2512,P3_strict_interchangeability,X_language,Javascript,Software is developed using Javascript.,True
mistral__X_language__8,mistral,mistral,mistral-large-2512,P3_strict_interchangeability,X_language,HTML/CSS,Software is developed using HTML/CSS.,True
mistral__X_language__8,mistral,mistral,mistral-large-2512,P3_strict_interchangeability,X_language,SQL,Software is developed using SQL.,True
mistral__X_language__8,mistral,mistral,mistral-large-2512,P3_strict_interchangeability,X_language,Python,Software is developed using Python.,True
mistral__X_language__8,mistral,mistral,mistral-large-2512,P3_strict_interchangeability,X_language,Bash/Shell,Software is developed using Bash/Shell.,True
mistral__X_language__9,mistral,mistral,mistral-large-2512,P3_strict_interchangeability,X_language,Javascript,The project leverages Javascript for scripting.,True
mistral__X_language__9,mistral,mistral,mistral-large-2512,P3_strict_interchangeability,X_language,HTML/CSS,The project leverages HTML/CSS for scripting.,True
mistral__X_language__9,mistral,mistral,mistral-large-2512,P3_strict_interchangeability,X_language,SQL,The project leverages SQL for scripting.,True
mistral__X_language__9,mistral,mistral,mistral-large-2512,P3_strict_interchangeability,X_language,Python,The project leverages Python for scripting.,True
mistral__X_language__9,mistral,mistral,mistral-large-2512,P3_strict_interchangeability,X_language,Bash/Shell,The project leverages Bash/Shell for scripting.,True
mistral__X_language__10,mistral,mistral,mistral-large-2512,P3_strict_interchangeability,X_language,Javascript,Engineers use Javascript to define the UI.,True
mistral__X_language__10,mistral,mistral,mistral-large-2512,P3_strict_interchangeability,X_language,HTML/CSS,Engineers use HTML/CSS to define the UI.,True
mistral__X_language__10,mistral,mistral,mistral-large-2512,P3_strict_interchangeability,X_language,SQL,Engineers use SQL to define the UI.,True
mistral__X_language__10,mistral,mistral,mistral-large-2512,P3_strict_interchangeability,X_language,Python,Engineers use Python to define the UI.,True
mistral__X_language__10,mistral,mistral,mistral-large-2512,P3_strict_interchangeability,X_language,Bash/Shell,Engineers use Bash/Shell to define the UI.,True
mistral__X_language__11,mistral,mistral,mistral-large-2512,P3_strict_interchangeability,X_language,Javascript,The codebase incorporates Javascript for markup.,True
mistral__X_language__11,mistral,mistral,mistral-large-2512,P3_strict_interchangeability,X_language,HTML/CSS,The codebase incorporates HTML/CSS for markup.,True
mistral__X_language__11,mistral,mistral,mistral-large-2512,P3_strict_interchangeability,X_language,SQL,The codebase incorporates SQL for markup.,True
mistral__X_language__11,mistral,mistral,mistral-large-2512,P3_strict_interchangeability,X_language,Python,The codebase incorporates Python for markup.,True
mistral__X_language__11,mistral,mistral,mistral-large-2512,P3_strict_interchangeability,X_language,Bash/Shell,The codebase incorporates Bash/Shell for markup.,True
mistral__X_language__12,mistral,mistral,mistral-large-2512,P3_strict_interchangeability,X_language,Javascript,Developers structure content with Javascript.,True
mistral__X_language__12,mistral,mistral,mistral-large-2512,P3_strict_interchangeability,X_language,HTML/CSS,Developers structure content with HTML/CSS.,True
mistral__X_language__12,mistral,mistral,mistral-large-2512,P3_strict_interchangeability,X_language,SQL,Developers structure content with SQL.,True
mistral__X_language__12,mistral,mistral,mistral-large-2512,P3_strict_interchangeability,X_language,Python,Developers structure content with Python.,True
mistral__X_language__12,mistral,mistral,mistral-large-2512,P3_strict_interchangeability,X_language,Bash/Shell,Developers structure content with Bash/Shell.,True
mistral__X_language__13,mistral,mistral,mistral-large-2512,P3_strict_interchangeability,X_language,Javascript,The team writes tests in Javascript.,True
mistral__X_language__13,mistral,mistral,mistral-large-2512,P3_strict_interchangeability,X_language,HTML/CSS,The team writes tests in HTML/CSS.,True
mistral__X_language__13,mistral,mistral,mistral-large-2512,P3_strict_interchangeability,X_language,SQL,The team writes tests in SQL.,True
mistral__X_language__13,mistral,mistral,mistral-large-2512,P3_strict_interchangeability,X_language,Python,The team writes tests in Python.,True
mistral__X_language__13,mistral,mistral,mistral-large-2512,P3_strict_interchangeability,X_language,Bash/Shell,The team writes tests in Bash/Shell.,True
mistral__X_language__14,mistral,mistral,mistral-large-2512,P3_strict_interchangeability,X_language,Javascript,Engineers build prototypes using Javascript.,True
mistral__X_language__14,mistral,mistral,mistral-large-2512,P3_strict_interchangeability,X_language,HTML/CSS,Engineers build prototypes using HTML/CSS.,True
mistral__X_language__14,mistral,mistral,mistral-large-2512,P3_strict_interchangeability,X_language,SQL,Engineers build prototypes using SQL.,True
mistral__X_language__14,mistral,mistral,mistral-large-2512,P3_strict_interchangeability,X_language,Python,Engineers build prototypes using Python.,True
mistral__X_language__14,mistral,mistral,mistral-large-2512,P3_strict_interchangeability,X_language,Bash/Shell,Engineers build prototypes using Bash/Shell.,True
mistral__X_language__15,mistral,mistral,mistral-large-2512,P3_strict_interchangeability,X_language,Javascript,The project adopts Javascript for development.,True
mistral__X_language__15,mistral,mistral,mistral-large-2512,P3_strict_interchangeability,X_language,HTML/CSS,The project adopts HTML/CSS for development.,True
mistral__X_language__15,mistral,mistral,mistral-large-2512,P3_strict_interchangeability,X_language,SQL,The project adopts SQL for development.,True
mistral__X_language__15,mistral,mistral,mistral-large-2512,P3_strict_interchangeability,X_language,Python,The project adopts Python for development.,True
mistral__X_language__15,mistral,mistral,mistral-large-2512,P3_strict_interchangeability,X_language,Bash/Shell,The project adopts Bash/Shell for development.,True
mistral__X_language__16,mistral,mistral,mistral-large-2512,P3_strict_interchangeability,X_language,Javascript,Developers extend functionality with Javascript.,True
mistral__X_language__16,mistral,mistral,mistral-large-2512,P3_strict_interchangeability,X_language,HTML/CSS,Developers extend functionality with HTML/CSS.,True
mistral__X_language__16,mistral,mistral,mistral-large-2512,P3_strict_interchangeability,X_language,SQL,Developers extend functionality with SQL.,True
mistral__X_language__16,mistral,mistral,mistral-large-2512,P3_strict_interchangeability,X_language,Python,Developers extend functionality with Python.,True
mistral__X_language__16,mistral,mistral,mistral-large-2512,P3_strict_interchangeability,X_language,Bash/Shell,Developers extend functionality with Bash/Shell.,True
mistral__X_language__17,mistral,mistral,mistral-large-2512,P3_strict_interchangeability,X_language,Javascript,The team implements logic in Javascript.,True
mistral__X_language__17,mistral,mistral,mistral-large-2512,P3_strict_interchangeability,X_language,HTML/CSS,The team implements logic in HTML/CSS.,True
mistral__X_language__17,mistral,mistral,mistral-large-2512,P3_strict_interchangeability,X_language,SQL,The team implements logic in SQL.,True
mistral__X_language__17,mistral,mistral,mistral-large-2512,P3_strict_interchangeability,X_language,Python,The team implements logic in Python.,True
mistral__X_language__17,mistral,mistral,mistral-large-2512,P3_strict_interchangeability,X_language,Bash/Shell,The team implements logic in Bash/Shell.,True
mistral__X_language__18,mistral,mistral,mistral-large-2512,P3_strict_interchangeability,X_language,Javascript,Software is configured using Javascript.,True
mistral__X_language__18,mistral,mistral,mistral-large-2512,P3_strict_interchangeability,X_language,HTML/CSS,Software is configured using HTML/CSS.,True
mistral__X_language__18,mistral,mistral,mistral-large-2512,P3_strict_interchangeability,X_language,SQL,Software is configured using SQL.,True
mistral__X_language__18,mistral,mistral,mistral-large-2512,P3_strict_interchangeability,X_language,Python,Software is configured using Python.,True
mistral__X_language__18,mistral,mistral,mistral-large-2512,P3_strict_interchangeability,X_language,Bash/Shell,Software is configured using Bash/Shell.,True
mistral__X_language__19,mistral,mistral,mistral-large-2512,P3_strict_interchangeability,X_language,Javascript,The codebase is styled with Javascript.,True
mistral__X_language__19,mistral,mistral,mistral-large-2512,P3_strict_interchangeability,X_language,HTML/CSS,The codebase is styled with HTML/CSS.,True
mistral__X_language__19,mistral,mistral,mistral-large-2512,P3_strict_interchangeability,X_language,SQL,The codebase is styled with SQL.,True
mistral__X_language__19,mistral,mistral,mistral-large-2512,P3_strict_interchangeability,X_language,Python,The codebase is styled with Python.,True
mistral__X_language__19,mistral,mistral,mistral-large-2512,P3_strict_interchangeability,X_language,Bash/Shell,The codebase is styled with Bash/Shell.,True
mistral__X_language__20,mistral,mistral,mistral-large-2512,P3_strict_interchangeability,X_language,Javascript,Engineers define workflows in Javascript.,True
mistral__X_language__20,mistral,mistral,mistral-large-2512,P3_strict_interchangeability,X_language,HTML/CSS,Engineers define workflows in HTML/CSS.,True
mistral__X_language__20,mistral,mistral,mistral-large-2512,P3_strict_interchangeability,X_language,SQL,Engineers define workflows in SQL.,True
mistral__X_language__20,mistral,mistral,mistral-large-2512,P3_strict_interchangeability,X_language,Python,Engineers define workflows in Python.,True
mistral__X_language__20,mistral,mistral,mistral-large-2512,P3_strict_interchangeability,X_language,Bash/Shell,Engineers define workflows in Bash/Shell.,True
mistral__X_language__21,mistral,mistral,mistral-large-2512,P3_strict_interchangeability,X_language,Javascript,The project uses Javascript for templating.,True
mistral__X_language__21,mistral,mistral,mistral-large-2512,P3_strict_interchangeability,X_language,HTML/CSS,The project uses HTML/CSS for templating.,True
mistral__X_language__21,mistral,mistral,mistral-large-2512,P3_strict_interchangeability,X_language,SQL,The project uses SQL for templating.,True
mistral__X_language__21,mistral,mistral,mistral-large-2512,P3_strict_interchangeability,X_language,Python,The project uses Python for templating.,True
mistral__X_language__21,mistral,mistral,mistral-large-2512,P3_strict_interchangeability,X_language,Bash/Shell,The project uses Bash/Shell for templating.,True
mistral__X_language__22,mistral,mistral,mistral-large-2512,P3_strict_interchangeability,X_language,Javascript,Developers automate tasks with Javascript.,True
mistral__X_language__22,mistral,mistral,mistral-large-2512,P3_strict_interchangeability,X_language,HTML/CSS,Developers automate tasks with HTML/CSS.,True
mistral__X_language__22,mistral,mistral,mistral-large-2512,P3_strict_interchangeability,X_language,SQL,Developers automate tasks with SQL.,True
mistral__X_language__22,mistral,mistral,mistral-large-2512,P3_strict_interchangeability,X_language,Python,Developers automate tasks with Python.,True
mistral__X_language__22,mistral,mistral,mistral-large-2512,P3_strict_interchangeability,X_language,Bash/Shell,Developers automate tasks with Bash/Shell.,True
mistral__X_language__23,mistral,mistral,mistral-large-2512,P3_strict_interchangeability,X_language,Javascript,The team writes documentation in Javascript.,True
mistral__X_language__23,mistral,mistral,mistral-large-2512,P3_strict_interchangeability,X_language,HTML/CSS,The team writes documentation in HTML/CSS.,True
mistral__X_language__23,mistral,mistral,mistral-large-2512,P3_strict_interchangeability,X_language,SQL,The team writes documentation in SQL.,True
mistral__X_language__23,mistral,mistral,mistral-large-2512,P3_strict_interchangeability,X_language,Python,The team writes documentation in Python.,True
mistral__X_language__23,mistral,mistral,mistral-large-2512,P3_strict_interchangeability,X_language,Bash/Shell,The team writes documentation in Bash/Shell.,True
mistral__X_language__24,mistral,mistral,mistral-large-2512,P3_strict_interchangeability,X_language,Javascript,Engineers structure data using Javascript.,True
mistral__X_language__24,mistral,mistral,mistral-large-2512,P3_strict_interchangeability,X_language,HTML/CSS,Engineers structure data using HTML/CSS.,True
mistral__X_language__24,mistral,mistral,mistral-large-2512,P3_strict_interchangeability,X_language,SQL,Engineers structure data using SQL.,True
mistral__X_language__24,mistral,mistral,mistral-large-2512,P3_strict_interchangeability,X_language,Python,Engineers structure data using Python.,True
mistral__X_language__24,mistral,mistral,mistral-large-2512,P3_strict_interchangeability,X_language,Bash/Shell,Engineers structure data using Bash/Shell.,True
mistral__X_language__25,mistral,mistral,mistral-large-2512,P3_strict_interchangeability,X_language,Javascript,The codebase is managed with Javascript.,True
mistral__X_language__25,mistral,mistral,mistral-large-2512,P3_strict_interchangeability,X_language,HTML/CSS,The codebase is managed with HTML/CSS.,True
mistral__X_language__25,mistral,mistral,mistral-large-2512,P3_strict_interchangeability,X_language,SQL,The codebase is managed with SQL.,True
mistral__X_language__25,mistral,mistral,mistral-large-2512,P3_strict_interchangeability,X_language,Python,The codebase is managed with Python.,True
mistral__X_language__25,mistral,mistral,mistral-large-2512,P3_strict_interchangeability,X_language,Bash/Shell,The codebase is managed with Bash/Shell.,True
mistral__X_database__1,mistral,mistral,mistral-large-2512,P3_strict_interchangeability,X_database,PostgresSQL,The application stores its data in PostgresSQL.,True
mistral__X_database__1,mistral,mistral,mistral-large-2512,P3_strict_interchangeability,X_database,MySQL,The application stores its data in MySQL.,True
mistral__X_database__1,mistral,mistral,mistral-large-2512,P3_strict_interchangeability,X_database,SQLite,The application stores its data in SQLite.,True
mistral__X_database__1,mistral,mistral,mistral-large-2512,P3_strict_interchangeability,X_database,Microsoft SQL Server,The application stores its data in Microsoft SQL Server.,True
mistral__X_database__1,mistral,mistral,mistral-large-2512,P3_strict_interchangeability,X_database,Redis,The application stores its data in Redis.,True
mistral__X_database__2,mistral,mistral,mistral-large-2512,P3_strict_interchangeability,X_database,PostgresSQL,Developers rely on PostgresSQL for application data storage.,True
mistral__X_database__2,mistral,mistral,mistral-large-2512,P3_strict_interchangeability,X_database,MySQL,Developers rely on MySQL for application data storage.,True
mistral__X_database__2,mistral,mistral,mistral-large-2512,P3_strict_interchangeability,X_database,SQLite,Developers rely on SQLite for application data storage.,True
mistral__X_database__2,mistral,mistral,mistral-large-2512,P3_strict_interchangeability,X_database,Microsoft SQL Server,Developers rely on Microsoft SQL Server for application data storage.,True
mistral__X_database__2,mistral,mistral,mistral-large-2512,P3_strict_interchangeability,X_database,Redis,Developers rely on Redis for application data storage.,True
mistral__X_database__3,mistral,mistral,mistral-large-2512,P3_strict_interchangeability,X_database,PostgresSQL,The backend uses PostgresSQL as its primary database.,True
mistral__X_database__3,mistral,mistral,mistral-large-2512,P3_strict_interchangeability,X_database,MySQL,The backend uses MySQL as its primary database.,True
mistral__X_database__3,mistral,mistral,mistral-large-2512,P3_strict_interchangeability,X_database,SQLite,The backend uses SQLite as its primary database.,True
mistral__X_database__3,mistral,mistral,mistral-large-2512,P3_strict_interchangeability,X_database,Microsoft SQL Server,The backend uses Microsoft SQL Server as its primary database.,True
mistral__X_database__3,mistral,mistral,mistral-large-2512,P3_strict_interchangeability,X_database,Redis,The backend uses Redis as its primary database.,True
mistral__X_database__4,mistral,mistral,mistral-large-2512,P3_strict_interchangeability,X_database,PostgresSQL,The service manages all data through PostgresSQL.,True
mistral__X_database__4,mistral,mistral,mistral-large-2512,P3_strict_interchangeability,X_database,MySQL,The service manages all data through MySQL.,True
mistral__X_database__4,mistral,mistral,mistral-large-2512,P3_strict_interchangeability,X_database,SQLite,The service manages all data through SQLite.,True
mistral__X_database__4,mistral,mistral,mistral-large-2512,P3_strict_interchangeability,X_database,Microsoft SQL Server,The service manages all data through Microsoft SQL Server.,True
mistral__X_database__4,mistral,mistral,mistral-large-2512,P3_strict_interchangeability,X_database,Redis,The service manages all data through Redis.,True
mistral__X_database__5,mistral,mistral,mistral-large-2512,P3_strict_interchangeability,X_database,PostgresSQL,Engineers configured the system to use PostgresSQL.,True
mistral__X_database__5,mistral,mistral,mistral-large-2512,P3_strict_interchangeability,X_database,MySQL,Engineers configured the system to use MySQL.,True
mistral__X_database__5,mistral,mistral,mistral-large-2512,P3_strict_interchangeability,X_database,SQLite,Engineers configured the system to use SQLite.,True
mistral__X_database__5,mistral,mistral,mistral-large-2512,P3_strict_interchangeability,X_database,Microsoft SQL Server,Engineers configured the system to use Microsoft SQL Server.,True
mistral__X_database__5,mistral,mistral,mistral-large-2512,P3_strict_interchangeability,X_database,Redis,Engineers configured the system to use Redis.,True
mistral__X_database__6,mistral,mistral,mistral-large-2512,P3_strict_interchangeability,X_database,PostgresSQL,The project uses PostgresSQL for persistent data storage.,True
mistral__X_database__6,mistral,mistral,mistral-large-2512,P3_strict_interchangeability,X_database,MySQL,The project uses MySQL for persistent data storage.,True
mistral__X_database__6,mistral,mistral,mistral-large-2512,P3_strict_interchangeability,X_database,SQLite,The project uses SQLite for persistent data storage.,True
mistral__X_database__6,mistral,mistral,mistral-large-2512,P3_strict_interchangeability,X_database,Microsoft SQL Server,The project uses Microsoft SQL Server for persistent data storage.,True
mistral__X_database__6,mistral,mistral,mistral-large-2512,P3_strict_interchangeability,X_database,Redis,The project uses Redis for persistent data storage.,True
mistral__X_database__7,mistral,mistral,mistral-large-2512,P3_strict_interchangeability,X_database,PostgresSQL,The team selected PostgresSQL for the application's database.,True
mistral__X_database__7,mistral,mistral,mistral-large-2512,P3_strict_interchangeability,X_database,MySQL,The team selected MySQL for the application's database.,True
mistral__X_database__7,mistral,mistral,mistral-large-2512,P3_strict_interchangeability,X_database,SQLite,The team selected SQLite for the application's database.,True
mistral__X_database__7,mistral,mistral,mistral-large-2512,P3_strict_interchangeability,X_database,Microsoft SQL Server,The team selected Microsoft SQL Server for the application's database.,True
mistral__X_database__7,mistral,mistral,mistral-large-2512,P3_strict_interchangeability,X_database,Redis,The team selected Redis for the application's database.,True
mistral__X_database__8,mistral,mistral,mistral-large-2512,P3_strict_interchangeability,X_database,PostgresSQL,The system persists its data using PostgresSQL.,True
mistral__X_database__8,mistral,mistral,mistral-large-2512,P3_strict_interchangeability,X_database,MySQL,The system persists its data using MySQL.,True
mistral__X_database__8,mistral,mistral,mistral-large-2512,P3_strict_interchangeability,X_database,SQLite,The system persists its data using SQLite.,True
mistral__X_database__8,mistral,mistral,mistral-large-2512,P3_strict_interchangeability,X_database,Microsoft SQL Server,The system persists its data using Microsoft SQL Server.,True
mistral__X_database__8,mistral,mistral,mistral-large-2512,P3_strict_interchangeability,X_database,Redis,The system persists its data using Redis.,True
mistral__X_database__9,mistral,mistral,mistral-large-2512,P3_strict_interchangeability,X_database,PostgresSQL,The application relies on PostgresSQL for data management.,True
mistral__X_database__9,mistral,mistral,mistral-large-2512,P3_strict_interchangeability,X_database,MySQL,The application relies on MySQL for data management.,True
mistral__X_database__9,mistral,mistral,mistral-large-2512,P3_strict_interchangeability,X_database,SQLite,The application relies on SQLite for data management.,True
mistral__X_database__9,mistral,mistral,mistral-large-2512,P3_strict_interchangeability,X_database,Microsoft SQL Server,The application relies on Microsoft SQL Server for data management.,True
mistral__X_database__9,mistral,mistral,mistral-large-2512,P3_strict_interchangeability,X_database,Redis,The application relies on Redis for data management.,True
mistral__X_database__10,mistral,mistral,mistral-large-2512,P3_strict_interchangeability,X_database,PostgresSQL,Developers integrated PostgresSQL into the backend.,True
mistral__X_database__10,mistral,mistral,mistral-large-2512,P3_strict_interchangeability,X_database,MySQL,Developers integrated MySQL into the backend.,True
mistral__X_database__10,mistral,mistral,mistral-large-2512,P3_strict_interchangeability,X_database,SQLite,Developers integrated SQLite into the backend.,True
mistral__X_database__10,mistral,mistral,mistral-large-2512,P3_strict_interchangeability,X_database,Microsoft SQL Server,Developers integrated Microsoft SQL Server into the backend.,True
mistral__X_database__10,mistral,mistral,mistral-large-2512,P3_strict_interchangeability,X_database,Redis,Developers integrated Redis into the backend.,True
mistral__X_database__11,mistral,mistral,mistral-large-2512,P3_strict_interchangeability,X_database,PostgresSQL,The service uses PostgresSQL to store user data.,True
mistral__X_database__11,mistral,mistral,mistral-large-2512,P3_strict_interchangeability,X_database,MySQL,The service uses MySQL to store user data.,True
mistral__X_database__11,mistral,mistral,mistral-large-2512,P3_strict_interchangeability,X_database,SQLite,The service uses SQLite to store user data.,True
mistral__X_database__11,mistral,mistral,mistral-large-2512,P3_strict_interchangeability,X_database,Microsoft SQL Server,The service uses Microsoft SQL Server to store user data.,True
mistral__X_database__11,mistral,mistral,mistral-large-2512,P3_strict_interchangeability,X_database,Redis,The service uses Redis to store user data.,True
mistral__X_database__12,mistral,mistral,mistral-large-2512,P3_strict_interchangeability,X_database,PostgresSQL,The project's data layer is built on PostgresSQL.,True
mistral__X_database__12,mistral,mistral,mistral-large-2512,P3_strict_interchangeability,X_database,MySQL,The project's data layer is built on MySQL.,True
mistral__X_database__12,mistral,mistral,mistral-large-2512,P3_strict_interchangeability,X_database,SQLite,The project's data layer is built on SQLite.,True
mistral__X_database__12,mistral,mistral,mistral-large-2512,P3_strict_interchangeability,X_database,Microsoft SQL Server,The project's data layer is built on Microsoft SQL Server.,True
mistral__X_database__12,mistral,mistral,mistral-large-2512,P3_strict_interchangeability,X_database,Redis,The project's data layer is built on Redis.,True
mistral__X_database__13,mistral,mistral,mistral-large-2512,P3_strict_interchangeability,X_database,PostgresSQL,Engineers use PostgresSQL for the application's data needs.,True
mistral__X_database__13,mistral,mistral,mistral-large-2512,P3_strict_interchangeability,X_database,MySQL,Engineers use MySQL for the application's data needs.,True
mistral__X_database__13,mistral,mistral,mistral-large-2512,P3_strict_interchangeability,X_database,SQLite,Engineers use SQLite for the application's data needs.,True
mistral__X_database__13,mistral,mistral,mistral-large-2512,P3_strict_interchangeability,X_database,Microsoft SQL Server,Engineers use Microsoft SQL Server for the application's data needs.,True
mistral__X_database__13,mistral,mistral,mistral-large-2512,P3_strict_interchangeability,X_database,Redis,Engineers use Redis for the application's data needs.,True
mistral__X_database__14,mistral,mistral,mistral-large-2512,P3_strict_interchangeability,X_database,PostgresSQL,The backend stores all records in PostgresSQL.,True
mistral__X_database__14,mistral,mistral,mistral-large-2512,P3_strict_interchangeability,X_database,MySQL,The backend stores all records in MySQL.,True
mistral__X_database__14,mistral,mistral,mistral-large-2512,P3_strict_interchangeability,X_database,SQLite,The backend stores all records in SQLite.,True
mistral__X_database__14,mistral,mistral,mistral-large-2512,P3_strict_interchangeability,X_database,Microsoft SQL Server,The backend stores all records in Microsoft SQL Server.,True
mistral__X_database__14,mistral,mistral,mistral-large-2512,P3_strict_interchangeability,X_database,Redis,The backend stores all records in Redis.,True
mistral__X_database__15,mistral,mistral,mistral-large-2512,P3_strict_interchangeability,X_database,PostgresSQL,The team uses PostgresSQL as the system's database.,True
mistral__X_database__15,mistral,mistral,mistral-large-2512,P3_strict_interchangeability,X_database,MySQL,The team uses MySQL as the system's database.,True
mistral__X_database__15,mistral,mistral,mistral-large-2512,P3_strict_interchangeability,X_database,SQLite,The team uses SQLite as the system's database.,True
mistral__X_database__15,mistral,mistral,mistral-large-2512,P3_strict_interchangeability,X_database,Microsoft SQL Server,The team uses Microsoft SQL Server as the system's database.,True
mistral__X_database__15,mistral,mistral,mistral-large-2512,P3_strict_interchangeability,X_database,Redis,The team uses Redis as the system's database.,True
mistral__X_database__16,mistral,mistral,mistral-large-2512,P3_strict_interchangeability,X_database,PostgresSQL,The application manages its data with PostgresSQL.,True
mistral__X_database__16,mistral,mistral,mistral-large-2512,P3_strict_interchangeability,X_database,MySQL,The application manages its data with MySQL.,True
mistral__X_database__16,mistral,mistral,mistral-large-2512,P3_strict_interchangeability,X_database,SQLite,The application manages its data with SQLite.,True
mistral__X_database__16,mistral,mistral,mistral-large-2512,P3_strict_interchangeability,X_database,Microsoft SQL Server,The application manages its data with Microsoft SQL Server.,True
mistral__X_database__16,mistral,mistral,mistral-large-2512,P3_strict_interchangeability,X_database,Redis,The application manages its data with Redis.,True
mistral__X_database__17,mistral,mistral,mistral-large-2512,P3_strict_interchangeability,X_database,PostgresSQL,Developers set up PostgresSQL for the project.,True
mistral__X_database__17,mistral,mistral,mistral-large-2512,P3_strict_interchangeability,X_database,MySQL,Developers set up MySQL for the project.,True
mistral__X_database__17,mistral,mistral,mistral-large-2512,P3_strict_interchangeability,X_database,SQLite,Developers set up SQLite for the project.,True
mistral__X_database__17,mistral,mistral,mistral-large-2512,P3_strict_interchangeability,X_database,Microsoft SQL Server,Developers set up Microsoft SQL Server for the project.,True
mistral__X_database__17,mistral,mistral,mistral-large-2512,P3_strict_interchangeability,X_database,Redis,Developers set up Redis for the project.,True
mistral__X_database__18,mistral,mistral,mistral-large-2512,P3_strict_interchangeability,X_database,PostgresSQL,The service relies on PostgresSQL for data storage.,True
mistral__X_database__18,mistral,mistral,mistral-large-2512,P3_strict_interchangeability,X_database,MySQL,The service relies on MySQL for data storage.,True
mistral__X_database__18,mistral,mistral,mistral-large-2512,P3_strict_interchangeability,X_database,SQLite,The service relies on SQLite for data storage.,True
mistral__X_database__18,mistral,mistral,mistral-large-2512,P3_strict_interchangeability,X_database,Microsoft SQL Server,The service relies on Microsoft SQL Server for data storage.,True
mistral__X_database__18,mistral,mistral,mistral-large-2512,P3_strict_interchangeability,X_database,Redis,The service relies on Redis for data storage.,True
mistral__X_database__19,mistral,mistral,mistral-large-2512,P3_strict_interchangeability,X_database,PostgresSQL,The system uses PostgresSQL to handle application data.,True
mistral__X_database__19,mistral,mistral,mistral-large-2512,P3_strict_interchangeability,X_database,MySQL,The system uses MySQL to handle application data.,True
mistral__X_database__19,mistral,mistral,mistral-large-2512,P3_strict_interchangeability,X_database,SQLite,The system uses SQLite to handle application data.,True
mistral__X_database__19,mistral,mistral,mistral-large-2512,P3_strict_interchangeability,X_database,Microsoft SQL Server,The system uses Microsoft SQL Server to handle application data.,True
mistral__X_database__19,mistral,mistral,mistral-large-2512,P3_strict_interchangeability,X_database,Redis,The system uses Redis to handle application data.,True
mistral__X_database__20,mistral,mistral,mistral-large-2512,P3_strict_interchangeability,X_database,PostgresSQL,Engineers configured PostgresSQL for the backend.,True
mistral__X_database__20,mistral,mistral,mistral-large-2512,P3_strict_interchangeability,X_database,MySQL,Engineers configured MySQL for the backend.,True
mistral__X_database__20,mistral,mistral,mistral-large-2512,P3_strict_interchangeability,X_database,SQLite,Engineers configured SQLite for the backend.,True
mistral__X_database__20,mistral,mistral,mistral-large-2512,P3_strict_interchangeability,X_database,Microsoft SQL Server,Engineers configured Microsoft SQL Server for the backend.,True
mistral__X_database__20,mistral,mistral,mistral-large-2512,P3_strict_interchangeability,X_database,Redis,Engineers configured Redis for the backend.,True
mistral__X_database__21,mistral,mistral,mistral-large-2512,P3_strict_interchangeability,X_database,PostgresSQL,The project stores its data in PostgresSQL.,True
mistral__X_database__21,mistral,mistral,mistral-large-2512,P3_strict_interchangeability,X_database,MySQL,The project stores its data in MySQL.,True
mistral__X_database__21,mistral,mistral,mistral-large-2512,P3_strict_interchangeability,X_database,SQLite,The project stores its data in SQLite.,True
mistral__X_database__21,mistral,mistral,mistral-large-2512,P3_strict_interchangeability,X_database,Microsoft SQL Server,The project stores its data in Microsoft SQL Server.,True
mistral__X_database__21,mistral,mistral,mistral-large-2512,P3_strict_interchangeability,X_database,Redis,The project stores its data in Redis.,True
mistral__X_database__22,mistral,mistral,mistral-large-2512,P3_strict_interchangeability,X_database,PostgresSQL,The application uses PostgresSQL for its database needs.,False
mistral__X_database__22,mistral,mistral,mistral-large-2512,P3_strict_interchangeability,X_database,MySQL,The application uses MySQL for its database needs.,False
mistral__X_database__22,mistral,mistral,mistral-large-2512,P3_strict_interchangeability,X_database,SQLite,The application uses SQLite for its database needs.,False
mistral__X_database__22,mistral,mistral,mistral-large-2512,P3_strict_interchangeability,X_database,Microsoft SQL Server,The application uses Microsoft SQL Server for its database needs.,False
mistral__X_database__22,mistral,mistral,mistral-large-2512,P3_strict_interchangeability,X_database,Redis,The application uses Redis for its database needs.,False
mistral__X_database__23,mistral,mistral,mistral-large-2512,P3_strict_interchangeability,X_database,PostgresSQL,The team built the data layer on PostgresSQL.,True
mistral__X_database__23,mistral,mistral,mistral-large-2512,P3_strict_interchangeability,X_database,MySQL,The team built the data layer on MySQL.,True
mistral__X_database__23,mistral,mistral,mistral-large-2512,P3_strict_interchangeability,X_database,SQLite,The team built the data layer on SQLite.,True
mistral__X_database__23,mistral,mistral,mistral-large-2512,P3_strict_interchangeability,X_database,Microsoft SQL Server,The team built the data layer on Microsoft SQL Server.,True
mistral__X_database__23,mistral,mistral,mistral-large-2512,P3_strict_interchangeability,X_database,Redis,The team built the data layer on Redis.,True
mistral__X_database__24,mistral,mistral,mistral-large-2512,P3_strict_interchangeability,X_database,PostgresSQL,Developers use PostgresSQL to manage application data.,True
mistral__X_database__24,mistral,mistral,mistral-large-2512,P3_strict_interchangeability,X_database,MySQL,Developers use MySQL to manage application data.,True
mistral__X_database__24,mistral,mistral,mistral-large-2512,P3_strict_interchangeability,X_database,SQLite,Developers use SQLite to manage application data.,True
mistral__X_database__24,mistral,mistral,mistral-large-2512,P3_strict_interchangeability,X_database,Microsoft SQL Server,Developers use Microsoft SQL Server to manage application data.,True
mistral__X_database__24,mistral,mistral,mistral-large-2512,P3_strict_interchangeability,X_database,Redis,Developers use Redis to manage application data.,True
mistral__X_database__25,mistral,mistral,mistral-large-2512,P3_strict_interchangeability,X_database,PostgresSQL,The backend relies on PostgresSQL for data persistence.,True
mistral__X_database__25,mistral,mistral,mistral-large-2512,P3_strict_interchangeability,X_database,MySQL,The backend relies on MySQL for data persistence.,True
mistral__X_database__25,mistral,mistral,mistral-large-2512,P3_strict_interchangeability,X_database,SQLite,The backend relies on SQLite for data persistence.,True
mistral__X_database__25,mistral,mistral,mistral-large-2512,P3_strict_interchangeability,X_database,Microsoft SQL Server,The backend relies on Microsoft SQL Server for data persistence.,True
mistral__X_database__25,mistral,mistral,mistral-large-2512,P3_strict_interchangeability,X_database,Redis,The backend relies on Redis for data persistence.,True
mistral__X_cloud_development__1,mistral,mistral,mistral-large-2512,P3_strict_interchangeability,X_cloud_development,Docker,The team uses Docker in their development workflow.,True
mistral__X_cloud_development__1,mistral,mistral,mistral-large-2512,P3_strict_interchangeability,X_cloud_development,npm,The team uses npm in their development workflow.,True
mistral__X_cloud_development__1,mistral,mistral,mistral-large-2512,P3_strict_interchangeability,X_cloud_development,AWS,The team uses AWS in their development workflow.,True
mistral__X_cloud_development__1,mistral,mistral,mistral-large-2512,P3_strict_interchangeability,X_cloud_development,Pip,The team uses Pip in their development workflow.,True
mistral__X_cloud_development__1,mistral,mistral,mistral-large-2512,P3_strict_interchangeability,X_cloud_development,Kubernetes,The team uses Kubernetes in their development workflow.,True
mistral__X_cloud_development__2,mistral,mistral,mistral-large-2512,P3_strict_interchangeability,X_cloud_development,Docker,Developers include Docker in the project pipeline.,True
mistral__X_cloud_development__2,mistral,mistral,mistral-large-2512,P3_strict_interchangeability,X_cloud_development,npm,Developers include npm in the project pipeline.,True
mistral__X_cloud_development__2,mistral,mistral,mistral-large-2512,P3_strict_interchangeability,X_cloud_development,AWS,Developers include AWS in the project pipeline.,True
mistral__X_cloud_development__2,mistral,mistral,mistral-large-2512,P3_strict_interchangeability,X_cloud_development,Pip,Developers include Pip in the project pipeline.,True
mistral__X_cloud_development__2,mistral,mistral,mistral-large-2512,P3_strict_interchangeability,X_cloud_development,Kubernetes,Developers include Kubernetes in the project pipeline.,True
mistral__X_cloud_development__3,mistral,mistral,mistral-large-2512,P3_strict_interchangeability,X_cloud_development,Docker,The project workflow integrates Docker for deployment.,True
mistral__X_cloud_development__3,mistral,mistral,mistral-large-2512,P3_strict_interchangeability,X_cloud_development,npm,The project workflow integrates npm for deployment.,True
mistral__X_cloud_development__3,mistral,mistral,mistral-large-2512,P3_strict_interchangeability,X_cloud_development,AWS,The project workflow integrates AWS for deployment.,True
mistral__X_cloud_development__3,mistral,mistral,mistral-large-2512,P3_strict_interchangeability,X_cloud_development,Pip,The project workflow integrates Pip for deployment.,True
mistral__X_cloud_development__3,mistral,mistral,mistral-large-2512,P3_strict_interchangeability,X_cloud_development,Kubernetes,The project workflow integrates Kubernetes for deployment.,True
mistral__X_cloud_development__4,mistral,mistral,mistral-large-2512,P3_strict_interchangeability,X_cloud_development,Docker,Engineers work with Docker during cloud development.,True
mistral__X_cloud_development__4,mistral,mistral,mistral-large-2512,P3_strict_interchangeability,X_cloud_development,npm,Engineers work with npm during cloud development.,True
mistral__X_cloud_development__4,mistral,mistral,mistral-large-2512,P3_strict_interchangeability,X_cloud_development,AWS,Engineers work with AWS during cloud development.,True
mistral__X_cloud_development__4,mistral,mistral,mistral-large-2512,P3_strict_interchangeability,X_cloud_development,Pip,Engineers work with Pip during cloud development.,True
mistral__X_cloud_development__4,mistral,mistral,mistral-large-2512,P3_strict_interchangeability,X_cloud_development,Kubernetes,Engineers work with Kubernetes during cloud development.,True
mistral__X_cloud_development__5,mistral,mistral,mistral-large-2512,P3_strict_interchangeability,X_cloud_development,Docker,The application workflow relies on Docker for builds.,True
mistral__X_cloud_development__5,mistral,mistral,mistral-large-2512,P3_strict_interchangeability,X_cloud_development,npm,The application workflow relies on npm for builds.,True
mistral__X_cloud_development__5,mistral,mistral,mistral-large-2512,P3_strict_interchangeability,X_cloud_development,AWS,The application workflow relies on AWS for builds.,True
mistral__X_cloud_development__5,mistral,mistral,mistral-large-2512,P3_strict_interchangeability,X_cloud_development,Pip,The application workflow relies on Pip for builds.,True
mistral__X_cloud_development__5,mistral,mistral,mistral-large-2512,P3_strict_interchangeability,X_cloud_development,Kubernetes,The application workflow relies on Kubernetes for builds.,True
mistral__X_cloud_development__6,mistral,mistral,mistral-large-2512,P3_strict_interchangeability,X_cloud_development,Docker,Developers configure Docker in the CI/CD process.,True
mistral__X_cloud_development__6,mistral,mistral,mistral-large-2512,P3_strict_interchangeability,X_cloud_development,npm,Developers configure npm in the CI/CD process.,True
mistral__X_cloud_development__6,mistral,mistral,mistral-large-2512,P3_strict_interchangeability,X_cloud_development,AWS,Developers configure AWS in the CI/CD process.,True
mistral__X_cloud_development__6,mistral,mistral,mistral-large-2512,P3_strict_interchangeability,X_cloud_development,Pip,Developers configure Pip in the CI/CD process.,True
mistral__X_cloud_development__6,mistral,mistral,mistral-large-2512,P3_strict_interchangeability,X_cloud_development,Kubernetes,Developers configure Kubernetes in the CI/CD process.,True
mistral__X_cloud_development__7,mistral,mistral,mistral-large-2512,P3_strict_interchangeability,X_cloud_development,Docker,The team incorporates Docker into their cloud toolchain.,True
mistral__X_cloud_development__7,mistral,mistral,mistral-large-2512,P3_strict_interchangeability,X_cloud_development,npm,The team incorporates npm into their cloud toolchain.,True
mistral__X_cloud_development__7,mistral,mistral,mistral-large-2512,P3_strict_interchangeability,X_cloud_development,AWS,The team incorporates AWS into their cloud toolchain.,True
mistral__X_cloud_development__7,mistral,mistral,mistral-large-2512,P3_strict_interchangeability,X_cloud_development,Pip,The team incorporates Pip into their cloud toolchain.,True
mistral__X_cloud_development__7,mistral,mistral,mistral-large-2512,P3_strict_interchangeability,X_cloud_development,Kubernetes,The team incorporates Kubernetes into their cloud toolchain.,True
mistral__X_cloud_development__8,mistral,mistral,mistral-large-2512,P3_strict_interchangeability,X_cloud_development,Docker,Engineers deploy applications using Docker.,True
mistral__X_cloud_development__8,mistral,mistral,mistral-large-2512,P3_strict_interchangeability,X_cloud_development,npm,Engineers deploy applications using npm.,True
mistral__X_cloud_development__8,mistral,mistral,mistral-large-2512,P3_strict_interchangeability,X_cloud_development,AWS,Engineers deploy applications using AWS.,True
mistral__X_cloud_development__8,mistral,mistral,mistral-large-2512,P3_strict_interchangeability,X_cloud_development,Pip,Engineers deploy applications using Pip.,True
mistral__X_cloud_development__8,mistral,mistral,mistral-large-2512,P3_strict_interchangeability,X_cloud_development,Kubernetes,Engineers deploy applications using Kubernetes.,True
mistral__X_cloud_development__9,mistral,mistral,mistral-large-2512,P3_strict_interchangeability,X_cloud_development,Docker,The project includes Docker for infrastructure management.,True
mistral__X_cloud_development__9,mistral,mistral,mistral-large-2512,P3_strict_interchangeability,X_cloud_development,npm,The project includes npm for infrastructure management.,True
mistral__X_cloud_development__9,mistral,mistral,mistral-large-2512,P3_strict_interchangeability,X_cloud_development,AWS,The project includes AWS for infrastructure management.,True
mistral__X_cloud_development__9,mistral,mistral,mistral-large-2512,P3_strict_interchangeability,X_cloud_development,Pip,The project includes Pip for infrastructure management.,True
mistral__X_cloud_development__9,mistral,mistral,mistral-large-2512,P3_strict_interchangeability,X_cloud_development,Kubernetes,The project includes Kubernetes for infrastructure management.,True
mistral__X_cloud_development__10,mistral,mistral,mistral-large-2512,P3_strict_interchangeability,X_cloud_development,Docker,Developers automate workflows with Docker.,True
mistral__X_cloud_development__10,mistral,mistral,mistral-large-2512,P3_strict_interchangeability,X_cloud_development,npm,Developers automate workflows with npm.,True
mistral__X_cloud_development__10,mistral,mistral,mistral-large-2512,P3_strict_interchangeability,X_cloud_development,AWS,Developers automate workflows with AWS.,True
mistral__X_cloud_development__10,mistral,mistral,mistral-large-2512,P3_strict_interchangeability,X_cloud_development,Pip,Developers automate workflows with Pip.,True
mistral__X_cloud_development__10,mistral,mistral,mistral-large-2512,P3_strict_interchangeability,X_cloud_development,Kubernetes,Developers automate workflows with Kubernetes.,True
mistral__X_cloud_development__11,mistral,mistral,mistral-large-2512,P3_strict_interchangeability,X_cloud_development,Docker,The team adopts Docker for cloud-native development.,True
mistral__X_cloud_development__11,mistral,mistral,mistral-large-2512,P3_strict_interchangeability,X_cloud_development,npm,The team adopts npm for cloud-native development.,True
mistral__X_cloud_development__11,mistral,mistral,mistral-large-2512,P3_strict_interchangeability,X_cloud_development,AWS,The team adopts AWS for cloud-native development.,True
mistral__X_cloud_development__11,mistral,mistral,mistral-large-2512,P3_strict_interchangeability,X_cloud_development,Pip,The team adopts Pip for cloud-native development.,True
mistral__X_cloud_development__11,mistral,mistral,mistral-large-2512,P3_strict_interchangeability,X_cloud_development,Kubernetes,The team adopts Kubernetes for cloud-native development.,True
mistral__X_cloud_development__12,mistral,mistral,mistral-large-2512,P3_strict_interchangeability,X_cloud_development,Docker,Engineers test deployments with Docker.,True
mistral__X_cloud_development__12,mistral,mistral,mistral-large-2512,P3_strict_interchangeability,X_cloud_development,npm,Engineers test deployments with npm.,True
mistral__X_cloud_development__12,mistral,mistral,mistral-large-2512,P3_strict_interchangeability,X_cloud_development,AWS,Engineers test deployments with AWS.,True
mistral__X_cloud_development__12,mistral,mistral,mistral-large-2512,P3_strict_interchangeability,X_cloud_development,Pip,Engineers test deployments with Pip.,True
mistral__X_cloud_development__12,mistral,mistral,mistral-large-2512,P3_strict_interchangeability,X_cloud_development,Kubernetes,Engineers test deployments with Kubernetes.,True
mistral__X_cloud_development__13,mistral,mistral,mistral-large-2512,P3_strict_interchangeability,X_cloud_development,Docker,The development workflow leverages Docker for scaling.,True
mistral__X_cloud_development__13,mistral,mistral,mistral-large-2512,P3_strict_interchangeability,X_cloud_development,npm,The development workflow leverages npm for scaling.,True
mistral__X_cloud_development__13,mistral,mistral,mistral-large-2512,P3_strict_interchangeability,X_cloud_development,AWS,The development workflow leverages AWS for scaling.,True
mistral__X_cloud_development__13,mistral,mistral,mistral-large-2512,P3_strict_interchangeability,X_cloud_development,Pip,The development workflow leverages Pip for scaling.,True
mistral__X_cloud_development__13,mistral,mistral,mistral-large-2512,P3_strict_interchangeability,X_cloud_development,Kubernetes,The development workflow leverages Kubernetes for scaling.,True
mistral__X_cloud_development__14,mistral,mistral,mistral-large-2512,P3_strict_interchangeability,X_cloud_development,Docker,Developers monitor cloud resources via Docker.,True
mistral__X_cloud_development__14,mistral,mistral,mistral-large-2512,P3_strict_interchangeability,X_cloud_development,npm,Developers monitor cloud resources via npm.,True
mistral__X_cloud_development__14,mistral,mistral,mistral-large-2512,P3_strict_interchangeability,X_cloud_development,AWS,Developers monitor cloud resources via AWS.,True
mistral__X_cloud_development__14,mistral,mistral,mistral-large-2512,P3_strict_interchangeability,X_cloud_development,Pip,Developers monitor cloud resources via Pip.,True
mistral__X_cloud_development__14,mistral,mistral,mistral-large-2512,P3_strict_interchangeability,X_cloud_development,Kubernetes,Developers monitor cloud resources via Kubernetes.,True
mistral__X_cloud_development__15,mistral,mistral,mistral-large-2512,P3_strict_interchangeability,X_cloud_development,Docker,The project uses Docker for container orchestration.,True
mistral__X_cloud_development__15,mistral,mistral,mistral-large-2512,P3_strict_interchangeability,X_cloud_development,npm,The project uses npm for container orchestration.,True
mistral__X_cloud_development__15,mistral,mistral,mistral-large-2512,P3_strict_interchangeability,X_cloud_development,AWS,The project uses AWS for container orchestration.,True
mistral__X_cloud_development__15,mistral,mistral,mistral-large-2512,P3_strict_interchangeability,X_cloud_development,Pip,The project uses Pip for container orchestration.,True
mistral__X_cloud_development__15,mistral,mistral,mistral-large-2512,P3_strict_interchangeability,X_cloud_development,Kubernetes,The project uses Kubernetes for container orchestration.,True
mistral__X_cloud_development__16,mistral,mistral,mistral-large-2512,P3_strict_interchangeability,X_cloud_development,Docker,Engineers manage cloud environments with Docker.,True
mistral__X_cloud_development__16,mistral,mistral,mistral-large-2512,P3_strict_interchangeability,X_cloud_development,npm,Engineers manage cloud environments with npm.,True
mistral__X_cloud_development__16,mistral,mistral,mistral-large-2512,P3_strict_interchangeability,X_cloud_development,AWS,Engineers manage cloud environments with AWS.,True
mistral__X_cloud_development__16,mistral,mistral,mistral-large-2512,P3_strict_interchangeability,X_cloud_development,Pip,Engineers manage cloud environments with Pip.,True
mistral__X_cloud_development__16,mistral,mistral,mistral-large-2512,P3_strict_interchangeability,X_cloud_development,Kubernetes,Engineers manage cloud environments with Kubernetes.,True
mistral__X_cloud_development__17,mistral,mistral,mistral-large-2512,P3_strict_interchangeability,X_cloud_development,Docker,The team provisions resources through Docker.,True
mistral__X_cloud_development__17,mistral,mistral,mistral-large-2512,P3_strict_interchangeability,X_cloud_development,npm,The team provisions resources through npm.,True
mistral__X_cloud_development__17,mistral,mistral,mistral-large-2512,P3_strict_interchangeability,X_cloud_development,AWS,The team provisions resources through AWS.,True
mistral__X_cloud_development__17,mistral,mistral,mistral-large-2512,P3_strict_interchangeability,X_cloud_development,Pip,The team provisions resources through Pip.,True
mistral__X_cloud_development__17,mistral,mistral,mistral-large-2512,P3_strict_interchangeability,X_cloud_development,Kubernetes,The team provisions resources through Kubernetes.,True
mistral__X_cloud_development__18,mistral,mistral,mistral-large-2512,P3_strict_interchangeability,X_cloud_development,Docker,Developers build cloud applications with Docker.,True
mistral__X_cloud_development__18,mistral,mistral,mistral-large-2512,P3_strict_interchangeability,X_cloud_development,npm,Developers build cloud applications with npm.,True
mistral__X_cloud_development__18,mistral,mistral,mistral-large-2512,P3_strict_interchangeability,X_cloud_development,AWS,Developers build cloud applications with AWS.,True
mistral__X_cloud_development__18,mistral,mistral,mistral-large-2512,P3_strict_interchangeability,X_cloud_development,Pip,Developers build cloud applications with Pip.,True
mistral__X_cloud_development__18,mistral,mistral,mistral-large-2512,P3_strict_interchangeability,X_cloud_development,Kubernetes,Developers build cloud applications with Kubernetes.,True
mistral__X_cloud_development__19,mistral,mistral,mistral-large-2512,P3_strict_interchangeability,X_cloud_development,Docker,The project workflow automates tasks using Docker.,True
mistral__X_cloud_development__19,mistral,mistral,mistral-large-2512,P3_strict_interchangeability,X_cloud_development,npm,The project workflow automates tasks using npm.,True
mistral__X_cloud_development__19,mistral,mistral,mistral-large-2512,P3_strict_interchangeability,X_cloud_development,AWS,The project workflow automates tasks using AWS.,True
mistral__X_cloud_development__19,mistral,mistral,mistral-large-2512,P3_strict_interchangeability,X_cloud_development,Pip,The project workflow automates tasks using Pip.,True
mistral__X_cloud_development__19,mistral,mistral,mistral-large-2512,P3_strict_interchangeability,X_cloud_development,Kubernetes,The project workflow automates tasks using Kubernetes.,True
mistral__X_cloud_development__20,mistral,mistral,mistral-large-2512,P3_strict_interchangeability,X_cloud_development,Docker,Engineers streamline deployments with Docker.,True
mistral__X_cloud_development__20,mistral,mistral,mistral-large-2512,P3_strict_interchangeability,X_cloud_development,npm,Engineers streamline deployments with npm.,True
mistral__X_cloud_development__20,mistral,mistral,mistral-large-2512,P3_strict_interchangeability,X_cloud_development,AWS,Engineers streamline deployments with AWS.,True
mistral__X_cloud_development__20,mistral,mistral,mistral-large-2512,P3_strict_interchangeability,X_cloud_development,Pip,Engineers streamline deployments with Pip.,True
mistral__X_cloud_development__20,mistral,mistral,mistral-large-2512,P3_strict_interchangeability,X_cloud_development,Kubernetes,Engineers streamline deployments with Kubernetes.,True
mistral__X_cloud_development__21,mistral,mistral,mistral-large-2512,P3_strict_interchangeability,X_cloud_development,Docker,The team implements cloud solutions with Docker.,True
mistral__X_cloud_development__21,mistral,mistral,mistral-large-2512,P3_strict_interchangeability,X_cloud_development,npm,The team implements cloud solutions with npm.,True
mistral__X_cloud_development__21,mistral,mistral,mistral-large-2512,P3_strict_interchangeability,X_cloud_development,AWS,The team implements cloud solutions with AWS.,True
mistral__X_cloud_development__21,mistral,mistral,mistral-large-2512,P3_strict_interchangeability,X_cloud_development,Pip,The team implements cloud solutions with Pip.,True
mistral__X_cloud_development__21,mistral,mistral,mistral-large-2512,P3_strict_interchangeability,X_cloud_development,Kubernetes,The team implements cloud solutions with Kubernetes.,True
mistral__X_cloud_development__22,mistral,mistral,mistral-large-2512,P3_strict_interchangeability,X_cloud_development,Docker,Developers orchestrate services using Docker.,True
mistral__X_cloud_development__22,mistral,mistral,mistral-large-2512,P3_strict_interchangeability,X_cloud_development,npm,Developers orchestrate services using npm.,True
mistral__X_cloud_development__22,mistral,mistral,mistral-large-2512,P3_strict_interchangeability,X_cloud_development,AWS,Developers orchestrate services using AWS.,True
mistral__X_cloud_development__22,mistral,mistral,mistral-large-2512,P3_strict_interchangeability,X_cloud_development,Pip,Developers orchestrate services using Pip.,True
mistral__X_cloud_development__22,mistral,mistral,mistral-large-2512,P3_strict_interchangeability,X_cloud_development,Kubernetes,Developers orchestrate services using Kubernetes.,True
mistral__X_cloud_development__23,mistral,mistral,mistral-large-2512,P3_strict_interchangeability,X_cloud_development,Docker,The project integrates Docker for cloud operations.,True
mistral__X_cloud_development__23,mistral,mistral,mistral-large-2512,P3_strict_interchangeability,X_cloud_development,npm,The project integrates npm for cloud operations.,True
mistral__X_cloud_development__23,mistral,mistral,mistral-large-2512,P3_strict_interchangeability,X_cloud_development,AWS,The project integrates AWS for cloud operations.,True
mistral__X_cloud_development__23,mistral,mistral,mistral-large-2512,P3_strict_interchangeability,X_cloud_development,Pip,The project integrates Pip for cloud operations.,True
mistral__X_cloud_development__23,mistral,mistral,mistral-large-2512,P3_strict_interchangeability,X_cloud_development,Kubernetes,The project integrates Kubernetes for cloud operations.,True
mistral__X_cloud_development__24,mistral,mistral,mistral-large-2512,P3_strict_interchangeability,X_cloud_development,Docker,Engineers collaborate on cloud projects with Docker.,True
mistral__X_cloud_development__24,mistral,mistral,mistral-large-2512,P3_strict_interchangeability,X_cloud_development,npm,Engineers collaborate on cloud projects with npm.,True
mistral__X_cloud_development__24,mistral,mistral,mistral-large-2512,P3_strict_interchangeability,X_cloud_development,AWS,Engineers collaborate on cloud projects with AWS.,True
mistral__X_cloud_development__24,mistral,mistral,mistral-large-2512,P3_strict_interchangeability,X_cloud_development,Pip,Engineers collaborate on cloud projects with Pip.,True
mistral__X_cloud_development__24,mistral,mistral,mistral-large-2512,P3_strict_interchangeability,X_cloud_development,Kubernetes,Engineers collaborate on cloud projects with Kubernetes.,True
mistral__X_cloud_development__25,mistral,mistral,mistral-large-2512,P3_strict_interchangeability,X_cloud_development,Docker,The development workflow incorporates Docker for automation.,True
mistral__X_cloud_development__25,mistral,mistral,mistral-large-2512,P3_strict_interchangeability,X_cloud_development,npm,The development workflow incorporates npm for automation.,True
mistral__X_cloud_development__25,mistral,mistral,mistral-large-2512,P3_strict_interchangeability,X_cloud_development,AWS,The development workflow incorporates AWS for automation.,True
mistral__X_cloud_development__25,mistral,mistral,mistral-large-2512,P3_strict_interchangeability,X_cloud_development,Pip,The development workflow incorporates Pip for automation.,True
mistral__X_cloud_development__25,mistral,mistral,mistral-large-2512,P3_strict_interchangeability,X_cloud_development,Kubernetes,The development workflow incorporates Kubernetes for automation.,True
mistral__X_web_technology__1,mistral,mistral,mistral-large-2512,P3_strict_interchangeability,X_web_technology,Node.js,The web project uses Node.js for development.,True
mistral__X_web_technology__1,mistral,mistral,mistral-large-2512,P3_strict_interchangeability,X_web_technology,React,The web project uses React for development.,True
mistral__X_web_technology__1,mistral,mistral,mistral-large-2512,P3_strict_interchangeability,X_web_technology,jQuery,The web project uses jQuery for development.,True
mistral__X_web_technology__1,mistral,mistral,mistral-large-2512,P3_strict_interchangeability,X_web_technology,Next.js,The web project uses Next.js for development.,True
mistral__X_web_technology__1,mistral,mistral,mistral-large-2512,P3_strict_interchangeability,X_web_technology,Express,The web project uses Express for development.,True
mistral__X_web_technology__2,mistral,mistral,mistral-large-2512,P3_strict_interchangeability,X_web_technology,Node.js,Developers built the application with Node.js.,True
mistral__X_web_technology__2,mistral,mistral,mistral-large-2512,P3_strict_interchangeability,X_web_technology,React,Developers built the application with React.,True
mistral__X_web_technology__2,mistral,mistral,mistral-large-2512,P3_strict_interchangeability,X_web_technology,jQuery,Developers built the application with jQuery.,True
mistral__X_web_technology__2,mistral,mistral,mistral-large-2512,P3_strict_interchangeability,X_web_technology,Next.js,Developers built the application with Next.js.,True
mistral__X_web_technology__2,mistral,mistral,mistral-large-2512,P3_strict_interchangeability,X_web_technology,Express,Developers built the application with Express.,True
mistral__X_web_technology__3,mistral,mistral,mistral-large-2512,P3_strict_interchangeability,X_web_technology,Node.js,The team chose Node.js for this web project.,True
mistral__X_web_technology__3,mistral,mistral,mistral-large-2512,P3_strict_interchangeability,X_web_technology,React,The team chose React for this web project.,True
mistral__X_web_technology__3,mistral,mistral,mistral-large-2512,P3_strict_interchangeability,X_web_technology,jQuery,The team chose jQuery for this web project.,True
mistral__X_web_technology__3,mistral,mistral,mistral-large-2512,P3_strict_interchangeability,X_web_technology,Next.js,The team chose Next.js for this web project.,True
mistral__X_web_technology__3,mistral,mistral,mistral-large-2512,P3_strict_interchangeability,X_web_technology,Express,The team chose Express for this web project.,True
mistral__X_web_technology__4,mistral,mistral,mistral-large-2512,P3_strict_interchangeability,X_web_technology,Node.js,Engineers implemented the frontend using Node.js.,True
mistral__X_web_technology__4,mistral,mistral,mistral-large-2512,P3_strict_interchangeability,X_web_technology,React,Engineers implemented the frontend using React.,True
mistral__X_web_technology__4,mistral,mistral,mistral-large-2512,P3_strict_interchangeability,X_web_technology,jQuery,Engineers implemented the frontend using jQuery.,True
mistral__X_web_technology__4,mistral,mistral,mistral-large-2512,P3_strict_interchangeability,X_web_technology,Next.js,Engineers implemented the frontend using Next.js.,True
mistral__X_web_technology__4,mistral,mistral,mistral-large-2512,P3_strict_interchangeability,X_web_technology,Express,Engineers implemented the frontend using Express.,True
mistral__X_web_technology__5,mistral,mistral,mistral-large-2512,P3_strict_interchangeability,X_web_technology,Node.js,The application relies on Node.js for its architecture.,False
mistral__X_web_technology__5,mistral,mistral,mistral-large-2512,P3_strict_interchangeability,X_web_technology,React,The application relies on React for its architecture.,False
mistral__X_web_technology__5,mistral,mistral,mistral-large-2512,P3_strict_interchangeability,X_web_technology,jQuery,The application relies on jQuery for its architecture.,False
mistral__X_web_technology__5,mistral,mistral,mistral-large-2512,P3_strict_interchangeability,X_web_technology,Next.js,The application relies on Next.js for its architecture.,False
mistral__X_web_technology__5,mistral,mistral,mistral-large-2512,P3_strict_interchangeability,X_web_technology,Express,The application relies on Express for its architecture.,False
mistral__X_web_technology__6,mistral,mistral,mistral-large-2512,P3_strict_interchangeability,X_web_technology,Node.js,Developers maintain the site with Node.js.,True
mistral__X_web_technology__6,mistral,mistral,mistral-large-2512,P3_strict_interchangeability,X_web_technology,React,Developers maintain the site with React.,True
mistral__X_web_technology__6,mistral,mistral,mistral-large-2512,P3_strict_interchangeability,X_web_technology,jQuery,Developers maintain the site with jQuery.,True
mistral__X_web_technology__6,mistral,mistral,mistral-large-2512,P3_strict_interchangeability,X_web_technology,Next.js,Developers maintain the site with Next.js.,True
mistral__X_web_technology__6,mistral,mistral,mistral-large-2512,P3_strict_interchangeability,X_web_technology,Express,Developers maintain the site with Express.,True
mistral__X_web_technology__7,mistral,mistral,mistral-large-2512,P3_strict_interchangeability,X_web_technology,Node.js,The web project was developed using Node.js.,True
mistral__X_web_technology__7,mistral,mistral,mistral-large-2512,P3_strict_interchangeability,X_web_technology,React,The web project was developed using React.,True
mistral__X_web_technology__7,mistral,mistral,mistral-large-2512,P3_strict_interchangeability,X_web_technology,jQuery,The web project was developed using jQuery.,True
mistral__X_web_technology__7,mistral,mistral,mistral-large-2512,P3_strict_interchangeability,X_web_technology,Next.js,The web project was developed using Next.js.,True
mistral__X_web_technology__7,mistral,mistral,mistral-large-2512,P3_strict_interchangeability,X_web_technology,Express,The web project was developed using Express.,True
mistral__X_web_technology__8,mistral,mistral,mistral-large-2512,P3_strict_interchangeability,X_web_technology,Node.js,Engineers use Node.js to structure the application.,True
mistral__X_web_technology__8,mistral,mistral,mistral-large-2512,P3_strict_interchangeability,X_web_technology,React,Engineers use React to structure the application.,True
mistral__X_web_technology__8,mistral,mistral,mistral-large-2512,P3_strict_interchangeability,X_web_technology,jQuery,Engineers use jQuery to structure the application.,True
mistral__X_web_technology__8,mistral,mistral,mistral-large-2512,P3_strict_interchangeability,X_web_technology,Next.js,Engineers use Next.js to structure the application.,True
mistral__X_web_technology__8,mistral,mistral,mistral-large-2512,P3_strict_interchangeability,X_web_technology,Express,Engineers use Express to structure the application.,True
mistral__X_web_technology__9,mistral,mistral,mistral-large-2512,P3_strict_interchangeability,X_web_technology,Node.js,The team integrated Node.js into the web project.,True
mistral__X_web_technology__9,mistral,mistral,mistral-large-2512,P3_strict_interchangeability,X_web_technology,React,The team integrated React into the web project.,True
mistral__X_web_technology__9,mistral,mistral,mistral-large-2512,P3_strict_interchangeability,X_web_technology,jQuery,The team integrated jQuery into the web project.,True
mistral__X_web_technology__9,mistral,mistral,mistral-large-2512,P3_strict_interchangeability,X_web_technology,Next.js,The team integrated Next.js into the web project.,True
mistral__X_web_technology__9,mistral,mistral,mistral-large-2512,P3_strict_interchangeability,X_web_technology,Express,The team integrated Express into the web project.,True
mistral__X_web_technology__10,mistral,mistral,mistral-large-2512,P3_strict_interchangeability,X_web_technology,Node.js,Developers adopted Node.js for the new application.,True
mistral__X_web_technology__10,mistral,mistral,mistral-large-2512,P3_strict_interchangeability,X_web_technology,React,Developers adopted React for the new application.,True
mistral__X_web_technology__10,mistral,mistral,mistral-large-2512,P3_strict_interchangeability,X_web_technology,jQuery,Developers adopted jQuery for the new application.,True
mistral__X_web_technology__10,mistral,mistral,mistral-large-2512,P3_strict_interchangeability,X_web_technology,Next.js,Developers adopted Next.js for the new application.,True
mistral__X_web_technology__10,mistral,mistral,mistral-large-2512,P3_strict_interchangeability,X_web_technology,Express,Developers adopted Express for the new application.,True
mistral__X_web_technology__11,mistral,mistral,mistral-large-2512,P3_strict_interchangeability,X_web_technology,Node.js,The web project leverages Node.js for its stack.,False
mistral__X_web_technology__11,mistral,mistral,mistral-large-2512,P3_strict_interchangeability,X_web_technology,React,The web project leverages React for its stack.,False
mistral__X_web_technology__11,mistral,mistral,mistral-large-2512,P3_strict_interchangeability,X_web_technology,jQuery,The web project leverages jQuery for its stack.,False
mistral__X_web_technology__11,mistral,mistral,mistral-large-2512,P3_strict_interchangeability,X_web_technology,Next.js,The web project leverages Next.js for its stack.,False
mistral__X_web_technology__11,mistral,mistral,mistral-large-2512,P3_strict_interchangeability,X_web_technology,Express,The web project leverages Express for its stack.,False
mistral__X_web_technology__12,mistral,mistral,mistral-large-2512,P3_strict_interchangeability,X_web_technology,Node.js,Engineers built the backend with Node.js.,True
mistral__X_web_technology__12,mistral,mistral,mistral-large-2512,P3_strict_interchangeability,X_web_technology,React,Engineers built the backend with React.,True
mistral__X_web_technology__12,mistral,mistral,mistral-large-2512,P3_strict_interchangeability,X_web_technology,jQuery,Engineers built the backend with jQuery.,True
mistral__X_web_technology__12,mistral,mistral,mistral-large-2512,P3_strict_interchangeability,X_web_technology,Next.js,Engineers built the backend with Next.js.,True
mistral__X_web_technology__12,mistral,mistral,mistral-large-2512,P3_strict_interchangeability,X_web_technology,Express,Engineers built the backend with Express.,True
mistral__X_web_technology__13,mistral,mistral,mistral-large-2512,P3_strict_interchangeability,X_web_technology,Node.js,The application is powered by Node.js.,True
mistral__X_web_technology__13,mistral,mistral,mistral-large-2512,P3_strict_interchangeability,X_web_technology,React,The application is powered by React.,True
mistral__X_web_technology__13,mistral,mistral,mistral-large-2512,P3_strict_interchangeability,X_web_technology,jQuery,The application is powered by jQuery.,True
mistral__X_web_technology__13,mistral,mistral,mistral-large-2512,P3_strict_interchangeability,X_web_technology,Next.js,The application is powered by Next.js.,True
mistral__X_web_technology__13,mistral,mistral,mistral-large-2512,P3_strict_interchangeability,X_web_technology,Express,The application is powered by Express.,True
mistral__X_web_technology__14,mistral,mistral,mistral-large-2512,P3_strict_interchangeability,X_web_technology,Node.js,Developers use Node.js to manage the web project.,True
mistral__X_web_technology__14,mistral,mistral,mistral-large-2512,P3_strict_interchangeability,X_web_technology,React,Developers use React to manage the web project.,True
mistral__X_web_technology__14,mistral,mistral,mistral-large-2512,P3_strict_interchangeability,X_web_technology,jQuery,Developers use jQuery to manage the web project.,True
mistral__X_web_technology__14,mistral,mistral,mistral-large-2512,P3_strict_interchangeability,X_web_technology,Next.js,Developers use Next.js to manage the web project.,True
mistral__X_web_technology__14,mistral,mistral,mistral-large-2512,P3_strict_interchangeability,X_web_technology,Express,Developers use Express to manage the web project.,True
mistral__X_web_technology__15,mistral,mistral,mistral-large-2512,P3_strict_interchangeability,X_web_technology,Node.js,The team standardized on Node.js for development.,True
mistral__X_web_technology__15,mistral,mistral,mistral-large-2512,P3_strict_interchangeability,X_web_technology,React,The team standardized on React for development.,True
mistral__X_web_technology__15,mistral,mistral,mistral-large-2512,P3_strict_interchangeability,X_web_technology,jQuery,The team standardized on jQuery for development.,True
mistral__X_web_technology__15,mistral,mistral,mistral-large-2512,P3_strict_interchangeability,X_web_technology,Next.js,The team standardized on Next.js for development.,True
mistral__X_web_technology__15,mistral,mistral,mistral-large-2512,P3_strict_interchangeability,X_web_technology,Express,The team standardized on Express for development.,True
mistral__X_web_technology__16,mistral,mistral,mistral-large-2512,P3_strict_interchangeability,X_web_technology,Node.js,Engineers structured the application with Node.js.,True
mistral__X_web_technology__16,mistral,mistral,mistral-large-2512,P3_strict_interchangeability,X_web_technology,React,Engineers structured the application with React.,True
mistral__X_web_technology__16,mistral,mistral,mistral-large-2512,P3_strict_interchangeability,X_web_technology,jQuery,Engineers structured the application with jQuery.,True
mistral__X_web_technology__16,mistral,mistral,mistral-large-2512,P3_strict_interchangeability,X_web_technology,Next.js,Engineers structured the application with Next.js.,True
mistral__X_web_technology__16,mistral,mistral,mistral-large-2512,P3_strict_interchangeability,X_web_technology,Express,Engineers structured the application with Express.,True
mistral__X_web_technology__17,mistral,mistral,mistral-large-2512,P3_strict_interchangeability,X_web_technology,Node.js,The web project incorporates Node.js in its design.,True
mistral__X_web_technology__17,mistral,mistral,mistral-large-2512,P3_strict_interchangeability,X_web_technology,React,The web project incorporates React in its design.,True
mistral__X_web_technology__17,mistral,mistral,mistral-large-2512,P3_strict_interchangeability,X_web_technology,jQuery,The web project incorporates jQuery in its design.,True
mistral__X_web_technology__17,mistral,mistral,mistral-large-2512,P3_strict_interchangeability,X_web_technology,Next.js,The web project incorporates Next.js in its design.,True
mistral__X_web_technology__17,mistral,mistral,mistral-large-2512,P3_strict_interchangeability,X_web_technology,Express,The web project incorporates Express in its design.,True
mistral__X_web_technology__18,mistral,mistral,mistral-large-2512,P3_strict_interchangeability,X_web_technology,Node.js,Developers implemented the site using Node.js.,True
mistral__X_web_technology__18,mistral,mistral,mistral-large-2512,P3_strict_interchangeability,X_web_technology,React,Developers implemented the site using React.,True
mistral__X_web_technology__18,mistral,mistral,mistral-large-2512,P3_strict_interchangeability,X_web_technology,jQuery,Developers implemented the site using jQuery.,True
mistral__X_web_technology__18,mistral,mistral,mistral-large-2512,P3_strict_interchangeability,X_web_technology,Next.js,Developers implemented the site using Next.js.,True
mistral__X_web_technology__18,mistral,mistral,mistral-large-2512,P3_strict_interchangeability,X_web_technology,Express,Developers implemented the site using Express.,True
mistral__X_web_technology__19,mistral,mistral,mistral-large-2512,P3_strict_interchangeability,X_web_technology,Node.js,The team uses Node.js as the foundation for the project.,True
mistral__X_web_technology__19,mistral,mistral,mistral-large-2512,P3_strict_interchangeability,X_web_technology,React,The team uses React as the foundation for the project.,True
mistral__X_web_technology__19,mistral,mistral,mistral-large-2512,P3_strict_interchangeability,X_web_technology,jQuery,The team uses jQuery as the foundation for the project.,True
mistral__X_web_technology__19,mistral,mistral,mistral-large-2512,P3_strict_interchangeability,X_web_technology,Next.js,The team uses Next.js as the foundation for the project.,True
mistral__X_web_technology__19,mistral,mistral,mistral-large-2512,P3_strict_interchangeability,X_web_technology,Express,The team uses Express as the foundation for the project.,True
mistral__X_web_technology__20,mistral,mistral,mistral-large-2512,P3_strict_interchangeability,X_web_technology,Node.js,Engineers developed the application with Node.js.,True
mistral__X_web_technology__20,mistral,mistral,mistral-large-2512,P3_strict_interchangeability,X_web_technology,React,Engineers developed the application with React.,True
mistral__X_web_technology__20,mistral,mistral,mistral-large-2512,P3_strict_interchangeability,X_web_technology,jQuery,Engineers developed the application with jQuery.,True
mistral__X_web_technology__20,mistral,mistral,mistral-large-2512,P3_strict_interchangeability,X_web_technology,Next.js,Engineers developed the application with Next.js.,True
mistral__X_web_technology__20,mistral,mistral,mistral-large-2512,P3_strict_interchangeability,X_web_technology,Express,Engineers developed the application with Express.,True
mistral__X_web_technology__21,mistral,mistral,mistral-large-2512,P3_strict_interchangeability,X_web_technology,Node.js,The web project is built on Node.js.,True
mistral__X_web_technology__21,mistral,mistral,mistral-large-2512,P3_strict_interchangeability,X_web_technology,React,The web project is built on React.,True
mistral__X_web_technology__21,mistral,mistral,mistral-large-2512,P3_strict_interchangeability,X_web_technology,jQuery,The web project is built on jQuery.,True
mistral__X_web_technology__21,mistral,mistral,mistral-large-2512,P3_strict_interchangeability,X_web_technology,Next.js,The web project is built on Next.js.,True
mistral__X_web_technology__21,mistral,mistral,mistral-large-2512,P3_strict_interchangeability,X_web_technology,Express,The web project is built on Express.,True
mistral__X_web_technology__22,mistral,mistral,mistral-large-2512,P3_strict_interchangeability,X_web_technology,Node.js,Developers rely on Node.js for the web application.,True
mistral__X_web_technology__22,mistral,mistral,mistral-large-2512,P3_strict_interchangeability,X_web_technology,React,Developers rely on React for the web application.,True
mistral__X_web_technology__22,mistral,mistral,mistral-large-2512,P3_strict_interchangeability,X_web_technology,jQuery,Developers rely on jQuery for the web application.,True
mistral__X_web_technology__22,mistral,mistral,mistral-large-2512,P3_strict_interchangeability,X_web_technology,Next.js,Developers rely on Next.js for the web application.,True
mistral__X_web_technology__22,mistral,mistral,mistral-large-2512,P3_strict_interchangeability,X_web_technology,Express,Developers rely on Express for the web application.,True
mistral__X_web_technology__23,mistral,mistral,mistral-large-2512,P3_strict_interchangeability,X_web_technology,Node.js,The team selected Node.js for the project’s framework.,True
mistral__X_web_technology__23,mistral,mistral,mistral-large-2512,P3_strict_interchangeability,X_web_technology,React,The team selected React for the project’s framework.,True
mistral__X_web_technology__23,mistral,mistral,mistral-large-2512,P3_strict_interchangeability,X_web_technology,jQuery,The team selected jQuery for the project’s framework.,True
mistral__X_web_technology__23,mistral,mistral,mistral-large-2512,P3_strict_interchangeability,X_web_technology,Next.js,The team selected Next.js for the project’s framework.,True
mistral__X_web_technology__23,mistral,mistral,mistral-large-2512,P3_strict_interchangeability,X_web_technology,Express,The team selected Express for the project’s framework.,True
mistral__X_web_technology__24,mistral,mistral,mistral-large-2512,P3_strict_interchangeability,X_web_technology,Node.js,Engineers use Node.js to streamline development.,True
mistral__X_web_technology__24,mistral,mistral,mistral-large-2512,P3_strict_interchangeability,X_web_technology,React,Engineers use React to streamline development.,True
mistral__X_web_technology__24,mistral,mistral,mistral-large-2512,P3_strict_interchangeability,X_web_technology,jQuery,Engineers use jQuery to streamline development.,True
mistral__X_web_technology__24,mistral,mistral,mistral-large-2512,P3_strict_interchangeability,X_web_technology,Next.js,Engineers use Next.js to streamline development.,True
mistral__X_web_technology__24,mistral,mistral,mistral-large-2512,P3_strict_interchangeability,X_web_technology,Express,Engineers use Express to streamline development.,True
mistral__X_web_technology__25,mistral,mistral,mistral-large-2512,P3_strict_interchangeability,X_web_technology,Node.js,The application was created using Node.js.,True
mistral__X_web_technology__25,mistral,mistral,mistral-large-2512,P3_strict_interchangeability,X_web_technology,React,The application was created using React.,True
mistral__X_web_technology__25,mistral,mistral,mistral-large-2512,P3_strict_interchangeability,X_web_technology,jQuery,The application was created using jQuery.,True
mistral__X_web_technology__25,mistral,mistral,mistral-large-2512,P3_strict_interchangeability,X_web_technology,Next.js,The application was created using Next.js.,True
mistral__X_web_technology__25,mistral,mistral,mistral-large-2512,P3_strict_interchangeability,X_web_technology,Express,The application was created using Express.,True
mistral__X_ide__1,mistral,mistral,mistral-large-2512,P3_strict_interchangeability,X_ide,Visual Studio Code,Developers use Visual Studio Code for daily coding tasks.,True
mistral__X_ide__1,mistral,mistral,mistral-large-2512,P3_strict_interchangeability,X_ide,Visual Studio,Developers use Visual Studio for daily coding tasks.,True
mistral__X_ide__1,mistral,mistral,mistral-large-2512,P3_strict_interchangeability,X_ide,Notepad++,Developers use Notepad++ for daily coding tasks.,True
mistral__X_ide__1,mistral,mistral,mistral-large-2512,P3_strict_interchangeability,X_ide,IntelliJ IDEA,Developers use IntelliJ IDEA for daily coding tasks.,True
mistral__X_ide__1,mistral,mistral,mistral-large-2512,P3_strict_interchangeability,X_ide,Vim,Developers use Vim for daily coding tasks.,True
mistral__X_ide__2,mistral,mistral,mistral-large-2512,P3_strict_interchangeability,X_ide,Visual Studio Code,The engineer opened Visual Studio Code to review the changes.,True
mistral__X_ide__2,mistral,mistral,mistral-large-2512,P3_strict_interchangeability,X_ide,Visual Studio,The engineer opened Visual Studio to review the changes.,True
mistral__X_ide__2,mistral,mistral,mistral-large-2512,P3_strict_interchangeability,X_ide,Notepad++,The engineer opened Notepad++ to review the changes.,True
mistral__X_ide__2,mistral,mistral,mistral-large-2512,P3_strict_interchangeability,X_ide,IntelliJ IDEA,The engineer opened IntelliJ IDEA to review the changes.,True
mistral__X_ide__2,mistral,mistral,mistral-large-2512,P3_strict_interchangeability,X_ide,Vim,The engineer opened Vim to review the changes.,True
mistral__X_ide__3,mistral,mistral,mistral-large-2512,P3_strict_interchangeability,X_ide,Visual Studio Code,The team collaborates in Visual Studio Code on new features.,True
mistral__X_ide__3,mistral,mistral,mistral-large-2512,P3_strict_interchangeability,X_ide,Visual Studio,The team collaborates in Visual Studio on new features.,True
mistral__X_ide__3,mistral,mistral,mistral-large-2512,P3_strict_interchangeability,X_ide,Notepad++,The team collaborates in Notepad++ on new features.,True
mistral__X_ide__3,mistral,mistral,mistral-large-2512,P3_strict_interchangeability,X_ide,IntelliJ IDEA,The team collaborates in IntelliJ IDEA on new features.,True
mistral__X_ide__3,mistral,mistral,mistral-large-2512,P3_strict_interchangeability,X_ide,Vim,The team collaborates in Vim on new features.,True
mistral__X_ide__4,mistral,mistral,mistral-large-2512,P3_strict_interchangeability,X_ide,Visual Studio Code,Engineers rely on Visual Studio Code for source-code editing.,True
mistral__X_ide__4,mistral,mistral,mistral-large-2512,P3_strict_interchangeability,X_ide,Visual Studio,Engineers rely on Visual Studio for source-code editing.,True
mistral__X_ide__4,mistral,mistral,mistral-large-2512,P3_strict_interchangeability,X_ide,Notepad++,Engineers rely on Notepad++ for source-code editing.,True
mistral__X_ide__4,mistral,mistral,mistral-large-2512,P3_strict_interchangeability,X_ide,IntelliJ IDEA,Engineers rely on IntelliJ IDEA for source-code editing.,True
mistral__X_ide__4,mistral,mistral,mistral-large-2512,P3_strict_interchangeability,X_ide,Vim,Engineers rely on Vim for source-code editing.,True
mistral__X_ide__5,mistral,mistral,mistral-large-2512,P3_strict_interchangeability,X_ide,Visual Studio Code,Developers switched to Visual Studio Code for the current sprint.,True
mistral__X_ide__5,mistral,mistral,mistral-large-2512,P3_strict_interchangeability,X_ide,Visual Studio,Developers switched to Visual Studio for the current sprint.,True
mistral__X_ide__5,mistral,mistral,mistral-large-2512,P3_strict_interchangeability,X_ide,Notepad++,Developers switched to Notepad++ for the current sprint.,True
mistral__X_ide__5,mistral,mistral,mistral-large-2512,P3_strict_interchangeability,X_ide,IntelliJ IDEA,Developers switched to IntelliJ IDEA for the current sprint.,True
mistral__X_ide__5,mistral,mistral,mistral-large-2512,P3_strict_interchangeability,X_ide,Vim,Developers switched to Vim for the current sprint.,True
mistral__X_ide__6,mistral,mistral,mistral-large-2512,P3_strict_interchangeability,X_ide,Visual Studio Code,The team configured Visual Studio Code for the repository.,True
mistral__X_ide__6,mistral,mistral,mistral-large-2512,P3_strict_interchangeability,X_ide,Visual Studio,The team configured Visual Studio for the repository.,True
mistral__X_ide__6,mistral,mistral,mistral-large-2512,P3_strict_interchangeability,X_ide,Notepad++,The team configured Notepad++ for the repository.,True
mistral__X_ide__6,mistral,mistral,mistral-large-2512,P3_strict_interchangeability,X_ide,IntelliJ IDEA,The team configured IntelliJ IDEA for the repository.,True
mistral__X_ide__6,mistral,mistral,mistral-large-2512,P3_strict_interchangeability,X_ide,Vim,The team configured Vim for the repository.,True
mistral__X_ide__7,mistral,mistral,mistral-large-2512,P3_strict_interchangeability,X_ide,Visual Studio Code,Engineers write code in Visual Studio Code every day.,True
mistral__X_ide__7,mistral,mistral,mistral-large-2512,P3_strict_interchangeability,X_ide,Visual Studio,Engineers write code in Visual Studio every day.,True
mistral__X_ide__7,mistral,mistral,mistral-large-2512,P3_strict_interchangeability,X_ide,Notepad++,Engineers write code in Notepad++ every day.,True
mistral__X_ide__7,mistral,mistral,mistral-large-2512,P3_strict_interchangeability,X_ide,IntelliJ IDEA,Engineers write code in IntelliJ IDEA every day.,True
mistral__X_ide__7,mistral,mistral,mistral-large-2512,P3_strict_interchangeability,X_ide,Vim,Engineers write code in Vim every day.,True
mistral__X_ide__8,mistral,mistral,mistral-large-2512,P3_strict_interchangeability,X_ide,Visual Studio Code,Developers debugged the issue using Visual Studio Code.,True
mistral__X_ide__8,mistral,mistral,mistral-large-2512,P3_strict_interchangeability,X_ide,Visual Studio,Developers debugged the issue using Visual Studio.,True
mistral__X_ide__8,mistral,mistral,mistral-large-2512,P3_strict_interchangeability,X_ide,Notepad++,Developers debugged the issue using Notepad++.,True
mistral__X_ide__8,mistral,mistral,mistral-large-2512,P3_strict_interchangeability,X_ide,IntelliJ IDEA,Developers debugged the issue using IntelliJ IDEA.,True
mistral__X_ide__8,mistral,mistral,mistral-large-2512,P3_strict_interchangeability,X_ide,Vim,Developers debugged the issue using Vim.,True
mistral__X_ide__9,mistral,mistral,mistral-large-2512,P3_strict_interchangeability,X_ide,Visual Studio Code,The team standardized on Visual Studio Code for all projects.,True
mistral__X_ide__9,mistral,mistral,mistral-large-2512,P3_strict_interchangeability,X_ide,Visual Studio,The team standardized on Visual Studio for all projects.,True
mistral__X_ide__9,mistral,mistral,mistral-large-2512,P3_strict_interchangeability,X_ide,Notepad++,The team standardized on Notepad++ for all projects.,True
mistral__X_ide__9,mistral,mistral,mistral-large-2512,P3_strict_interchangeability,X_ide,IntelliJ IDEA,The team standardized on IntelliJ IDEA for all projects.,True
mistral__X_ide__9,mistral,mistral,mistral-large-2512,P3_strict_interchangeability,X_ide,Vim,The team standardized on Vim for all projects.,True
mistral__X_ide__10,mistral,mistral,mistral-large-2512,P3_strict_interchangeability,X_ide,Visual Studio Code,Engineers navigate the codebase in Visual Studio Code.,True
mistral__X_ide__10,mistral,mistral,mistral-large-2512,P3_strict_interchangeability,X_ide,Visual Studio,Engineers navigate the codebase in Visual Studio.,True
mistral__X_ide__10,mistral,mistral,mistral-large-2512,P3_strict_interchangeability,X_ide,Notepad++,Engineers navigate the codebase in Notepad++.,True
mistral__X_ide__10,mistral,mistral,mistral-large-2512,P3_strict_interchangeability,X_ide,IntelliJ IDEA,Engineers navigate the codebase in IntelliJ IDEA.,True
mistral__X_ide__10,mistral,mistral,mistral-large-2512,P3_strict_interchangeability,X_ide,Vim,Engineers navigate the codebase in Vim.,True
mistral__X_ide__11,mistral,mistral,mistral-large-2512,P3_strict_interchangeability,X_ide,Visual Studio Code,Developers launched Visual Studio Code to start refactoring.,True
mistral__X_ide__11,mistral,mistral,mistral-large-2512,P3_strict_interchangeability,X_ide,Visual Studio,Developers launched Visual Studio to start refactoring.,True
mistral__X_ide__11,mistral,mistral,mistral-large-2512,P3_strict_interchangeability,X_ide,Notepad++,Developers launched Notepad++ to start refactoring.,True
mistral__X_ide__11,mistral,mistral,mistral-large-2512,P3_strict_interchangeability,X_ide,IntelliJ IDEA,Developers launched IntelliJ IDEA to start refactoring.,True
mistral__X_ide__11,mistral,mistral,mistral-large-2512,P3_strict_interchangeability,X_ide,Vim,Developers launched Vim to start refactoring.,True
mistral__X_ide__12,mistral,mistral,mistral-large-2512,P3_strict_interchangeability,X_ide,Visual Studio Code,The team integrated Visual Studio Code into their workflow.,True
mistral__X_ide__12,mistral,mistral,mistral-large-2512,P3_strict_interchangeability,X_ide,Visual Studio,The team integrated Visual Studio into their workflow.,True
mistral__X_ide__12,mistral,mistral,mistral-large-2512,P3_strict_interchangeability,X_ide,Notepad++,The team integrated Notepad++ into their workflow.,True
mistral__X_ide__12,mistral,mistral,mistral-large-2512,P3_strict_interchangeability,X_ide,IntelliJ IDEA,The team integrated IntelliJ IDEA into their workflow.,True
mistral__X_ide__12,mistral,mistral,mistral-large-2512,P3_strict_interchangeability,X_ide,Vim,The team integrated Vim into their workflow.,True
mistral__X_ide__13,mistral,mistral,mistral-large-2512,P3_strict_interchangeability,X_ide,Visual Studio Code,Engineers test snippets directly in Visual Studio Code.,True
mistral__X_ide__13,mistral,mistral,mistral-large-2512,P3_strict_interchangeability,X_ide,Visual Studio,Engineers test snippets directly in Visual Studio.,True
mistral__X_ide__13,mistral,mistral,mistral-large-2512,P3_strict_interchangeability,X_ide,Notepad++,Engineers test snippets directly in Notepad++.,True
mistral__X_ide__13,mistral,mistral,mistral-large-2512,P3_strict_interchangeability,X_ide,IntelliJ IDEA,Engineers test snippets directly in IntelliJ IDEA.,True
mistral__X_ide__13,mistral,mistral,mistral-large-2512,P3_strict_interchangeability,X_ide,Vim,Engineers test snippets directly in Vim.,True
mistral__X_ide__14,mistral,mistral,mistral-large-2512,P3_strict_interchangeability,X_ide,Visual Studio Code,Developers prefer Visual Studio Code for its editing tools.,False
mistral__X_ide__14,mistral,mistral,mistral-large-2512,P3_strict_interchangeability,X_ide,Visual Studio,Developers prefer Visual Studio for its editing tools.,False
mistral__X_ide__14,mistral,mistral,mistral-large-2512,P3_strict_interchangeability,X_ide,Notepad++,Developers prefer Notepad++ for its editing tools.,False
mistral__X_ide__14,mistral,mistral,mistral-large-2512,P3_strict_interchangeability,X_ide,IntelliJ IDEA,Developers prefer IntelliJ IDEA for its editing tools.,False
mistral__X_ide__14,mistral,mistral,mistral-large-2512,P3_strict_interchangeability,X_ide,Vim,Developers prefer Vim for its editing tools.,False
mistral__X_ide__15,mistral,mistral,mistral-large-2512,P3_strict_interchangeability,X_ide,Visual Studio Code,The team set up Visual Studio Code for the new hire.,True
mistral__X_ide__15,mistral,mistral,mistral-large-2512,P3_strict_interchangeability,X_ide,Visual Studio,The team set up Visual Studio for the new hire.,True
mistral__X_ide__15,mistral,mistral,mistral-large-2512,P3_strict_interchangeability,X_ide,Notepad++,The team set up Notepad++ for the new hire.,True
mistral__X_ide__15,mistral,mistral,mistral-large-2512,P3_strict_interchangeability,X_ide,IntelliJ IDEA,The team set up IntelliJ IDEA for the new hire.,True
mistral__X_ide__15,mistral,mistral,mistral-large-2512,P3_strict_interchangeability,X_ide,Vim,The team set up Vim for the new hire.,True
mistral__X_ide__16,mistral,mistral,mistral-large-2512,P3_strict_interchangeability,X_ide,Visual Studio Code,Engineers refactor code within Visual Studio Code.,True
mistral__X_ide__16,mistral,mistral,mistral-large-2512,P3_strict_interchangeability,X_ide,Visual Studio,Engineers refactor code within Visual Studio.,True
mistral__X_ide__16,mistral,mistral,mistral-large-2512,P3_strict_interchangeability,X_ide,Notepad++,Engineers refactor code within Notepad++.,True
mistral__X_ide__16,mistral,mistral,mistral-large-2512,P3_strict_interchangeability,X_ide,IntelliJ IDEA,Engineers refactor code within IntelliJ IDEA.,True
mistral__X_ide__16,mistral,mistral,mistral-large-2512,P3_strict_interchangeability,X_ide,Vim,Engineers refactor code within Vim.,True
mistral__X_ide__17,mistral,mistral,mistral-large-2512,P3_strict_interchangeability,X_ide,Visual Studio Code,Developers committed changes from Visual Studio Code.,True
mistral__X_ide__17,mistral,mistral,mistral-large-2512,P3_strict_interchangeability,X_ide,Visual Studio,Developers committed changes from Visual Studio.,True
mistral__X_ide__17,mistral,mistral,mistral-large-2512,P3_strict_interchangeability,X_ide,Notepad++,Developers committed changes from Notepad++.,True
mistral__X_ide__17,mistral,mistral,mistral-large-2512,P3_strict_interchangeability,X_ide,IntelliJ IDEA,Developers committed changes from IntelliJ IDEA.,True
mistral__X_ide__17,mistral,mistral,mistral-large-2512,P3_strict_interchangeability,X_ide,Vim,Developers committed changes from Vim.,True
mistral__X_ide__18,mistral,mistral,mistral-large-2512,P3_strict_interchangeability,X_ide,Visual Studio Code,The team synchronized their work in Visual Studio Code.,True
mistral__X_ide__18,mistral,mistral,mistral-large-2512,P3_strict_interchangeability,X_ide,Visual Studio,The team synchronized their work in Visual Studio.,True
mistral__X_ide__18,mistral,mistral,mistral-large-2512,P3_strict_interchangeability,X_ide,Notepad++,The team synchronized their work in Notepad++.,True
mistral__X_ide__18,mistral,mistral,mistral-large-2512,P3_strict_interchangeability,X_ide,IntelliJ IDEA,The team synchronized their work in IntelliJ IDEA.,True
mistral__X_ide__18,mistral,mistral,mistral-large-2512,P3_strict_interchangeability,X_ide,Vim,The team synchronized their work in Vim.,True
mistral__X_ide__19,mistral,mistral,mistral-large-2512,P3_strict_interchangeability,X_ide,Visual Studio Code,Engineers search and replace in Visual Studio Code.,True
mistral__X_ide__19,mistral,mistral,mistral-large-2512,P3_strict_interchangeability,X_ide,Visual Studio,Engineers search and replace in Visual Studio.,True
mistral__X_ide__19,mistral,mistral,mistral-large-2512,P3_strict_interchangeability,X_ide,Notepad++,Engineers search and replace in Notepad++.,True
mistral__X_ide__19,mistral,mistral,mistral-large-2512,P3_strict_interchangeability,X_ide,IntelliJ IDEA,Engineers search and replace in IntelliJ IDEA.,True
mistral__X_ide__19,mistral,mistral,mistral-large-2512,P3_strict_interchangeability,X_ide,Vim,Engineers search and replace in Vim.,True
mistral__X_ide__20,mistral,mistral,mistral-large-2512,P3_strict_interchangeability,X_ide,Visual Studio Code,Developers built the module using Visual Studio Code.,True
mistral__X_ide__20,mistral,mistral,mistral-large-2512,P3_strict_interchangeability,X_ide,Visual Studio,Developers built the module using Visual Studio.,True
mistral__X_ide__20,mistral,mistral,mistral-large-2512,P3_strict_interchangeability,X_ide,Notepad++,Developers built the module using Notepad++.,True
mistral__X_ide__20,mistral,mistral,mistral-large-2512,P3_strict_interchangeability,X_ide,IntelliJ IDEA,Developers built the module using IntelliJ IDEA.,True
mistral__X_ide__20,mistral,mistral,mistral-large-2512,P3_strict_interchangeability,X_ide,Vim,Developers built the module using Vim.,True
mistral__X_ide__21,mistral,mistral,mistral-large-2512,P3_strict_interchangeability,X_ide,Visual Studio Code,The team documented the API in Visual Studio Code.,True
mistral__X_ide__21,mistral,mistral,mistral-large-2512,P3_strict_interchangeability,X_ide,Visual Studio,The team documented the API in Visual Studio.,True
mistral__X_ide__21,mistral,mistral,mistral-large-2512,P3_strict_interchangeability,X_ide,Notepad++,The team documented the API in Notepad++.,True
mistral__X_ide__21,mistral,mistral,mistral-large-2512,P3_strict_interchangeability,X_ide,IntelliJ IDEA,The team documented the API in IntelliJ IDEA.,True
mistral__X_ide__21,mistral,mistral,mistral-large-2512,P3_strict_interchangeability,X_ide,Vim,The team documented the API in Vim.,True
mistral__X_ide__22,mistral,mistral,mistral-large-2512,P3_strict_interchangeability,X_ide,Visual Studio Code,Engineers inspect variables in Visual Studio Code.,True
mistral__X_ide__22,mistral,mistral,mistral-large-2512,P3_strict_interchangeability,X_ide,Visual Studio,Engineers inspect variables in Visual Studio.,True
mistral__X_ide__22,mistral,mistral,mistral-large-2512,P3_strict_interchangeability,X_ide,Notepad++,Engineers inspect variables in Notepad++.,True
mistral__X_ide__22,mistral,mistral,mistral-large-2512,P3_strict_interchangeability,X_ide,IntelliJ IDEA,Engineers inspect variables in IntelliJ IDEA.,True
mistral__X_ide__22,mistral,mistral,mistral-large-2512,P3_strict_interchangeability,X_ide,Vim,Engineers inspect variables in Vim.,True
mistral__X_ide__23,mistral,mistral,mistral-large-2512,P3_strict_interchangeability,X_ide,Visual Studio Code,Developers run unit tests from Visual Studio Code.,True
mistral__X_ide__23,mistral,mistral,mistral-large-2512,P3_strict_interchangeability,X_ide,Visual Studio,Developers run unit tests from Visual Studio.,True
mistral__X_ide__23,mistral,mistral,mistral-large-2512,P3_strict_interchangeability,X_ide,Notepad++,Developers run unit tests from Notepad++.,True
mistral__X_ide__23,mistral,mistral,mistral-large-2512,P3_strict_interchangeability,X_ide,IntelliJ IDEA,Developers run unit tests from IntelliJ IDEA.,True
mistral__X_ide__23,mistral,mistral,mistral-large-2512,P3_strict_interchangeability,X_ide,Vim,Developers run unit tests from Vim.,True
mistral__X_ide__24,mistral,mistral,mistral-large-2512,P3_strict_interchangeability,X_ide,Visual Studio Code,The team maintains their codebase in Visual Studio Code.,True
mistral__X_ide__24,mistral,mistral,mistral-large-2512,P3_strict_interchangeability,X_ide,Visual Studio,The team maintains their codebase in Visual Studio.,True
mistral__X_ide__24,mistral,mistral,mistral-large-2512,P3_strict_interchangeability,X_ide,Notepad++,The team maintains their codebase in Notepad++.,True
mistral__X_ide__24,mistral,mistral,mistral-large-2512,P3_strict_interchangeability,X_ide,IntelliJ IDEA,The team maintains their codebase in IntelliJ IDEA.,True
mistral__X_ide__24,mistral,mistral,mistral-large-2512,P3_strict_interchangeability,X_ide,Vim,The team maintains their codebase in Vim.,True
mistral__X_ide__25,mistral,mistral,mistral-large-2512,P3_strict_interchangeability,X_ide,Visual Studio Code,Engineers step through code in Visual Studio Code.,True
mistral__X_ide__25,mistral,mistral,mistral-large-2512,P3_strict_interchangeability,X_ide,Visual Studio,Engineers step through code in Visual Studio.,True
mistral__X_ide__25,mistral,mistral,mistral-large-2512,P3_strict_interchangeability,X_ide,Notepad++,Engineers step through code in Notepad++.,True
mistral__X_ide__25,mistral,mistral,mistral-large-2512,P3_strict_interchangeability,X_ide,IntelliJ IDEA,Engineers step through code in IntelliJ IDEA.,True
mistral__X_ide__25,mistral,mistral,mistral-large-2512,P3_strict_interchangeability,X_ide,Vim,Engineers step through code in Vim.,True
